profile,stage,repository,issue_number,pattern,prompt_chars,input_tokens_estimate
baseline,stage1,solana-labs/solana-program-library,2003,,32322,8081
baseline,stage1,hyperledger/fabric-sdk-go,172,,33410,8353
baseline,stage1,blockscout/blockscout,254,,37954,9489
baseline,stage1,ethereum/execution-apis,569,,37475,9369
baseline,stage1,bnb-chain/bsc,238,,41596,10399
baseline,stage1,MetaMask/metamask-extension,7849,,34401,8601
baseline,stage1,Vectorized/solady,207,,32514,8129
baseline,stage1,OpenZeppelin/nile,47,,35935,8984
baseline,stage1,paritytech/substrate,6585,,38814,9704
baseline,stage1,sigp/lighthouse,7304,,36630,9158
baseline,stage1,ipfs/js-ipfs,4085,,32287,8072
baseline,stage1,Consensys/Token-Factory,53,,32311,8078
baseline,stage1,INFURA/infura,81,,32413,8104
baseline,stage1,paritytech/polkadot-sdk,9497,,32449,8113
baseline,stage1,sigp/lighthouse,3582,,38831,9708
baseline,stage1,paritytech/substrate,3885,,36521,9131
baseline,stage1,ipfs/ipfs-companion,415,,33140,8285
baseline,stage1,ethereum/go-ethereum,17660,,34070,8518
baseline,stage1,mypdns/matrix,127030,,33780,8445
baseline,stage1,Consensys/gnark,388,,33714,8429
baseline,stage1,MetaMask/metamask-mobile,11733,,33978,8495
baseline,stage1,trustwallet/assets,8497,,36057,9015
baseline,stage1,web3/web3.js,5503,,32782,8196
baseline,stage1,paradigmxyz/reth,17371,,32104,8026
baseline,stage1,foundry-rs/foundry,4883,,32444,8111
baseline,stage1,ethereum/ethereum-org-website,3897,,37136,9284
baseline,stage1,solana-labs/token-list,1729,,32742,8186
baseline,stage1,WalletConnect/walletconnect-docs,156,,32348,8087
baseline,stage1,MetaMask/metamask-extension,24790,,34837,8710
baseline,stage1,openethereum/parity-ethereum,5387,,32323,8081
baseline,stage2,solana-labs/solana-program-library,2003,Ticker tape,19113,4779
baseline,stage2,solana-labs/solana-program-library,2003,Oracle,19138,4785
baseline,stage2,solana-labs/solana-program-library,2003,Reverse Oracle,19077,4770
baseline,stage2,solana-labs/solana-program-library,2003,Pull-based inbound oracle,19068,4767
baseline,stage2,solana-labs/solana-program-library,2003,Push-based inbound oracle,19094,4774
baseline,stage2,solana-labs/solana-program-library,2003,State Channel,19291,4823
baseline,stage2,solana-labs/solana-program-library,2003,Off-chain Contract Registry,20549,5138
baseline,stage2,solana-labs/solana-program-library,2003,Legal and smart contract pair,19322,4831
baseline,stage2,solana-labs/solana-program-library,2003,Off-chain data storage,19913,4979
baseline,stage2,solana-labs/solana-program-library,2003,Confidential and pseudo-anonymous contract enforcement,19343,4836
baseline,stage2,solana-labs/solana-program-library,2003,Off-chain Signatures,19299,4825
baseline,stage2,solana-labs/solana-program-library,2003,Delegated Computation,19582,4896
baseline,stage2,solana-labs/solana-program-library,2003,Master & Sub Key,17966,4492
baseline,stage2,solana-labs/solana-program-library,2003,Hot & Cold Wallet Storage,18016,4504
baseline,stage2,solana-labs/solana-program-library,2003,Key Sharding,17981,4496
baseline,stage2,solana-labs/solana-program-library,2003,X-confirmation,17337,4335
baseline,stage2,solana-labs/solana-program-library,2003,Blockchain BP Engine,17684,4421
baseline,stage2,solana-labs/solana-program-library,2003,Smart Contract Activities,17709,4428
baseline,stage2,solana-labs/solana-program-library,2003,Decentralize business process,17751,4438
baseline,stage2,solana-labs/solana-program-library,2003,Identifier Registry,18441,4611
baseline,stage2,solana-labs/solana-program-library,2003,Multiple Registration,18418,4605
baseline,stage2,solana-labs/solana-program-library,2003,Bound with Social Media,18419,4605
baseline,stage2,solana-labs/solana-program-library,2003,Dual Resolution,18384,4596
baseline,stage2,solana-labs/solana-program-library,2003,Delegate List,18410,4603
baseline,stage2,solana-labs/solana-program-library,2003,Blockchain Security Pattern for Big Data Ecosystems,17336,4334
baseline,stage2,solana-labs/solana-program-library,2003,Blockchain-based reputation system,19947,4987
baseline,stage2,solana-labs/solana-program-library,2003,Vote,19926,4982
baseline,stage2,solana-labs/solana-program-library,2003,Blocklist,19893,4974
baseline,stage2,solana-labs/solana-program-library,2003,Announcement,19904,4976
baseline,stage2,solana-labs/solana-program-library,2003,Bulletin Board,19901,4976
baseline,stage2,solana-labs/solana-program-library,2003,Randomness,19952,4988
baseline,stage2,solana-labs/solana-program-library,2003,Poll,19901,4976
baseline,stage2,solana-labs/solana-program-library,2003,Selective Content Generation,19933,4984
baseline,stage2,solana-labs/solana-program-library,2003,Time-Constrained Access,19931,4983
baseline,stage2,solana-labs/solana-program-library,2003,One-Off Access,19893,4974
baseline,stage2,solana-labs/solana-program-library,2003,Digital Record,20598,5150
baseline,stage2,solana-labs/solana-program-library,2003,State machine,19978,4995
baseline,stage2,solana-labs/solana-program-library,2003,Proxy contract,19948,4987
baseline,stage2,solana-labs/solana-program-library,2003,Contract Registry (on-chain),19945,4987
baseline,stage2,solana-labs/solana-program-library,2003,Factory contract,19627,4907
baseline,stage2,solana-labs/solana-program-library,2003,Data contract,19896,4974
baseline,stage2,solana-labs/solana-program-library,2003,Router contract,19986,4997
baseline,stage2,solana-labs/solana-program-library,2003,Relay contract,19602,4901
baseline,stage2,solana-labs/solana-program-library,2003,Emergency stop,19602,4901
baseline,stage2,solana-labs/solana-program-library,2003,Mortal,19776,4944
baseline,stage2,solana-labs/solana-program-library,2003,Check-Effects-Interactions,18460,4615
baseline,stage2,solana-labs/solana-program-library,2003,Mutex,18374,4594
baseline,stage2,solana-labs/solana-program-library,2003,Guard check,18443,4611
baseline,stage2,solana-labs/solana-program-library,2003,Rate limit,18385,4597
baseline,stage2,solana-labs/solana-program-library,2003,Balance limit,18396,4599
baseline,stage2,solana-labs/solana-program-library,2003,Low contract footprint,18901,4726
baseline,stage2,solana-labs/solana-program-library,2003,Loop unrolling,18851,4713
baseline,stage2,solana-labs/solana-program-library,2003,Contract size limit,18835,4709
baseline,stage2,solana-labs/solana-program-library,2003,Off-chain computation,19155,4789
baseline,stage2,solana-labs/solana-program-library,2003,State anchoring,19486,4872
baseline,stage2,solana-labs/solana-program-library,2003,Data refresh,20566,5142
baseline,stage2,solana-labs/solana-program-library,2003,Ownable,18491,4623
baseline,stage2,solana-labs/solana-program-library,2003,Role-based control,18474,4619
baseline,stage2,solana-labs/solana-program-library,2003,Permissioned actions,18481,4621
baseline,stage2,solana-labs/solana-program-library,2003,Implicit authorization,18523,4631
baseline,stage2,solana-labs/solana-program-library,2003,Limited-access,18503,4626
baseline,stage2,solana-labs/solana-program-library,2003,Immutable data,18301,4576
baseline,stage2,solana-labs/solana-program-library,2003,Mutable data,18208,4552
baseline,stage2,solana-labs/solana-program-library,2003,Append-only data,18244,4561
baseline,stage2,solana-labs/solana-program-library,2003,Data compression,19076,4769
baseline,stage2,solana-labs/solana-program-library,2003,Data separation,18245,4562
baseline,stage2,solana-labs/solana-program-library,2003,Homomorphic encryption,17956,4489
baseline,stage2,solana-labs/solana-program-library,2003,Zero-knowledge proof,17993,4499
baseline,stage2,solana-labs/solana-program-library,2003,Commit and Reveal,18000,4500
baseline,stage2,solana-labs/solana-program-library,2003,Snapshotting,17953,4489
baseline,stage2,solana-labs/solana-program-library,2003,State initialization,17921,4481
baseline,stage2,solana-labs/solana-program-library,2003,Establish genesis,17908,4477
baseline,stage2,solana-labs/solana-program-library,2003,Smart contract translation,18007,4502
baseline,stage2,solana-labs/solana-program-library,2003,Tokenization,17373,4344
baseline,stage2,solana-labs/solana-program-library,2003,Self-generated transactions,17923,4481
baseline,stage2,solana-labs/solana-program-library,2003,Self-Confirmed Transactions,17926,4482
baseline,stage2,solana-labs/solana-program-library,2003,Delegated Transactions,17926,4482
baseline,stage2,solana-labs/solana-program-library,2003,Packing variables,18571,4643
baseline,stage2,solana-labs/solana-program-library,2003,Packing booleans,18548,4637
baseline,stage2,solana-labs/solana-program-library,2003,Unit vs Unit256,18515,4629
baseline,stage2,solana-labs/solana-program-library,2003,Mapping vs Array,18247,4562
baseline,stage2,solana-labs/solana-program-library,2003,Freeing storage,18238,4560
baseline,stage2,hyperledger/fabric-sdk-go,172,Ticker tape,20201,5051
baseline,stage2,hyperledger/fabric-sdk-go,172,Oracle,20226,5057
baseline,stage2,hyperledger/fabric-sdk-go,172,Reverse Oracle,20165,5042
baseline,stage2,hyperledger/fabric-sdk-go,172,Pull-based inbound oracle,20156,5039
baseline,stage2,hyperledger/fabric-sdk-go,172,Push-based inbound oracle,20182,5046
baseline,stage2,hyperledger/fabric-sdk-go,172,State Channel,20379,5095
baseline,stage2,hyperledger/fabric-sdk-go,172,Off-chain Contract Registry,21637,5410
baseline,stage2,hyperledger/fabric-sdk-go,172,Legal and smart contract pair,20410,5103
baseline,stage2,hyperledger/fabric-sdk-go,172,Off-chain data storage,21001,5251
baseline,stage2,hyperledger/fabric-sdk-go,172,Confidential and pseudo-anonymous contract enforcement,20431,5108
baseline,stage2,hyperledger/fabric-sdk-go,172,Off-chain Signatures,20387,5097
baseline,stage2,hyperledger/fabric-sdk-go,172,Delegated Computation,20670,5168
baseline,stage2,hyperledger/fabric-sdk-go,172,Master & Sub Key,19054,4764
baseline,stage2,hyperledger/fabric-sdk-go,172,Hot & Cold Wallet Storage,19104,4776
baseline,stage2,hyperledger/fabric-sdk-go,172,Key Sharding,19069,4768
baseline,stage2,hyperledger/fabric-sdk-go,172,X-confirmation,18425,4607
baseline,stage2,hyperledger/fabric-sdk-go,172,Blockchain BP Engine,18772,4693
baseline,stage2,hyperledger/fabric-sdk-go,172,Smart Contract Activities,18797,4700
baseline,stage2,hyperledger/fabric-sdk-go,172,Decentralize business process,18839,4710
baseline,stage2,hyperledger/fabric-sdk-go,172,Identifier Registry,19529,4883
baseline,stage2,hyperledger/fabric-sdk-go,172,Multiple Registration,19506,4877
baseline,stage2,hyperledger/fabric-sdk-go,172,Bound with Social Media,19507,4877
baseline,stage2,hyperledger/fabric-sdk-go,172,Dual Resolution,19472,4868
baseline,stage2,hyperledger/fabric-sdk-go,172,Delegate List,19498,4875
baseline,stage2,hyperledger/fabric-sdk-go,172,Blockchain Security Pattern for Big Data Ecosystems,18424,4606
baseline,stage2,hyperledger/fabric-sdk-go,172,Blockchain-based reputation system,21035,5259
baseline,stage2,hyperledger/fabric-sdk-go,172,Vote,21014,5254
baseline,stage2,hyperledger/fabric-sdk-go,172,Blocklist,20981,5246
baseline,stage2,hyperledger/fabric-sdk-go,172,Announcement,20992,5248
baseline,stage2,hyperledger/fabric-sdk-go,172,Bulletin Board,20989,5248
baseline,stage2,hyperledger/fabric-sdk-go,172,Randomness,21040,5260
baseline,stage2,hyperledger/fabric-sdk-go,172,Poll,20989,5248
baseline,stage2,hyperledger/fabric-sdk-go,172,Selective Content Generation,21021,5256
baseline,stage2,hyperledger/fabric-sdk-go,172,Time-Constrained Access,21019,5255
baseline,stage2,hyperledger/fabric-sdk-go,172,One-Off Access,20981,5246
baseline,stage2,hyperledger/fabric-sdk-go,172,Digital Record,21686,5422
baseline,stage2,hyperledger/fabric-sdk-go,172,State machine,21066,5267
baseline,stage2,hyperledger/fabric-sdk-go,172,Proxy contract,21036,5259
baseline,stage2,hyperledger/fabric-sdk-go,172,Contract Registry (on-chain),21033,5259
baseline,stage2,hyperledger/fabric-sdk-go,172,Factory contract,20715,5179
baseline,stage2,hyperledger/fabric-sdk-go,172,Data contract,20984,5246
baseline,stage2,hyperledger/fabric-sdk-go,172,Router contract,21074,5269
baseline,stage2,hyperledger/fabric-sdk-go,172,Relay contract,20690,5173
baseline,stage2,hyperledger/fabric-sdk-go,172,Emergency stop,20690,5173
baseline,stage2,hyperledger/fabric-sdk-go,172,Mortal,20864,5216
baseline,stage2,hyperledger/fabric-sdk-go,172,Check-Effects-Interactions,19548,4887
baseline,stage2,hyperledger/fabric-sdk-go,172,Mutex,19462,4866
baseline,stage2,hyperledger/fabric-sdk-go,172,Guard check,19531,4883
baseline,stage2,hyperledger/fabric-sdk-go,172,Rate limit,19473,4869
baseline,stage2,hyperledger/fabric-sdk-go,172,Balance limit,19484,4871
baseline,stage2,hyperledger/fabric-sdk-go,172,Low contract footprint,19989,4998
baseline,stage2,hyperledger/fabric-sdk-go,172,Loop unrolling,19939,4985
baseline,stage2,hyperledger/fabric-sdk-go,172,Contract size limit,19923,4981
baseline,stage2,hyperledger/fabric-sdk-go,172,Off-chain computation,20243,5061
baseline,stage2,hyperledger/fabric-sdk-go,172,State anchoring,20574,5144
baseline,stage2,hyperledger/fabric-sdk-go,172,Data refresh,21654,5414
baseline,stage2,hyperledger/fabric-sdk-go,172,Ownable,19579,4895
baseline,stage2,hyperledger/fabric-sdk-go,172,Role-based control,19562,4891
baseline,stage2,hyperledger/fabric-sdk-go,172,Permissioned actions,19569,4893
baseline,stage2,hyperledger/fabric-sdk-go,172,Implicit authorization,19611,4903
baseline,stage2,hyperledger/fabric-sdk-go,172,Limited-access,19591,4898
baseline,stage2,hyperledger/fabric-sdk-go,172,Immutable data,19389,4848
baseline,stage2,hyperledger/fabric-sdk-go,172,Mutable data,19296,4824
baseline,stage2,hyperledger/fabric-sdk-go,172,Append-only data,19332,4833
baseline,stage2,hyperledger/fabric-sdk-go,172,Data compression,20164,5041
baseline,stage2,hyperledger/fabric-sdk-go,172,Data separation,19333,4834
baseline,stage2,hyperledger/fabric-sdk-go,172,Homomorphic encryption,19044,4761
baseline,stage2,hyperledger/fabric-sdk-go,172,Zero-knowledge proof,19081,4771
baseline,stage2,hyperledger/fabric-sdk-go,172,Commit and Reveal,19088,4772
baseline,stage2,hyperledger/fabric-sdk-go,172,Snapshotting,19041,4761
baseline,stage2,hyperledger/fabric-sdk-go,172,State initialization,19009,4753
baseline,stage2,hyperledger/fabric-sdk-go,172,Establish genesis,18996,4749
baseline,stage2,hyperledger/fabric-sdk-go,172,Smart contract translation,19095,4774
baseline,stage2,hyperledger/fabric-sdk-go,172,Tokenization,18461,4616
baseline,stage2,hyperledger/fabric-sdk-go,172,Self-generated transactions,19011,4753
baseline,stage2,hyperledger/fabric-sdk-go,172,Self-Confirmed Transactions,19014,4754
baseline,stage2,hyperledger/fabric-sdk-go,172,Delegated Transactions,19014,4754
baseline,stage2,hyperledger/fabric-sdk-go,172,Packing variables,19659,4915
baseline,stage2,hyperledger/fabric-sdk-go,172,Packing booleans,19636,4909
baseline,stage2,hyperledger/fabric-sdk-go,172,Unit vs Unit256,19603,4901
baseline,stage2,hyperledger/fabric-sdk-go,172,Mapping vs Array,19335,4834
baseline,stage2,hyperledger/fabric-sdk-go,172,Freeing storage,19326,4832
baseline,stage2,blockscout/blockscout,254,Ticker tape,24745,6187
baseline,stage2,blockscout/blockscout,254,Oracle,24770,6193
baseline,stage2,blockscout/blockscout,254,Reverse Oracle,24709,6178
baseline,stage2,blockscout/blockscout,254,Pull-based inbound oracle,24700,6175
baseline,stage2,blockscout/blockscout,254,Push-based inbound oracle,24726,6182
baseline,stage2,blockscout/blockscout,254,State Channel,24923,6231
baseline,stage2,blockscout/blockscout,254,Off-chain Contract Registry,26181,6546
baseline,stage2,blockscout/blockscout,254,Legal and smart contract pair,24954,6239
baseline,stage2,blockscout/blockscout,254,Off-chain data storage,25545,6387
baseline,stage2,blockscout/blockscout,254,Confidential and pseudo-anonymous contract enforcement,24975,6244
baseline,stage2,blockscout/blockscout,254,Off-chain Signatures,24931,6233
baseline,stage2,blockscout/blockscout,254,Delegated Computation,25214,6304
baseline,stage2,blockscout/blockscout,254,Master & Sub Key,23598,5900
baseline,stage2,blockscout/blockscout,254,Hot & Cold Wallet Storage,23648,5912
baseline,stage2,blockscout/blockscout,254,Key Sharding,23613,5904
baseline,stage2,blockscout/blockscout,254,X-confirmation,22969,5743
baseline,stage2,blockscout/blockscout,254,Blockchain BP Engine,23316,5829
baseline,stage2,blockscout/blockscout,254,Smart Contract Activities,23341,5836
baseline,stage2,blockscout/blockscout,254,Decentralize business process,23383,5846
baseline,stage2,blockscout/blockscout,254,Identifier Registry,24073,6019
baseline,stage2,blockscout/blockscout,254,Multiple Registration,24050,6013
baseline,stage2,blockscout/blockscout,254,Bound with Social Media,24051,6013
baseline,stage2,blockscout/blockscout,254,Dual Resolution,24016,6004
baseline,stage2,blockscout/blockscout,254,Delegate List,24042,6011
baseline,stage2,blockscout/blockscout,254,Blockchain Security Pattern for Big Data Ecosystems,22968,5742
baseline,stage2,blockscout/blockscout,254,Blockchain-based reputation system,25579,6395
baseline,stage2,blockscout/blockscout,254,Vote,25558,6390
baseline,stage2,blockscout/blockscout,254,Blocklist,25525,6382
baseline,stage2,blockscout/blockscout,254,Announcement,25536,6384
baseline,stage2,blockscout/blockscout,254,Bulletin Board,25533,6384
baseline,stage2,blockscout/blockscout,254,Randomness,25584,6396
baseline,stage2,blockscout/blockscout,254,Poll,25533,6384
baseline,stage2,blockscout/blockscout,254,Selective Content Generation,25565,6392
baseline,stage2,blockscout/blockscout,254,Time-Constrained Access,25563,6391
baseline,stage2,blockscout/blockscout,254,One-Off Access,25525,6382
baseline,stage2,blockscout/blockscout,254,Digital Record,26230,6558
baseline,stage2,blockscout/blockscout,254,State machine,25610,6403
baseline,stage2,blockscout/blockscout,254,Proxy contract,25580,6395
baseline,stage2,blockscout/blockscout,254,Contract Registry (on-chain),25577,6395
baseline,stage2,blockscout/blockscout,254,Factory contract,25259,6315
baseline,stage2,blockscout/blockscout,254,Data contract,25528,6382
baseline,stage2,blockscout/blockscout,254,Router contract,25618,6405
baseline,stage2,blockscout/blockscout,254,Relay contract,25234,6309
baseline,stage2,blockscout/blockscout,254,Emergency stop,25234,6309
baseline,stage2,blockscout/blockscout,254,Mortal,25408,6352
baseline,stage2,blockscout/blockscout,254,Check-Effects-Interactions,24092,6023
baseline,stage2,blockscout/blockscout,254,Mutex,24006,6002
baseline,stage2,blockscout/blockscout,254,Guard check,24075,6019
baseline,stage2,blockscout/blockscout,254,Rate limit,24017,6005
baseline,stage2,blockscout/blockscout,254,Balance limit,24028,6007
baseline,stage2,blockscout/blockscout,254,Low contract footprint,24533,6134
baseline,stage2,blockscout/blockscout,254,Loop unrolling,24483,6121
baseline,stage2,blockscout/blockscout,254,Contract size limit,24467,6117
baseline,stage2,blockscout/blockscout,254,Off-chain computation,24787,6197
baseline,stage2,blockscout/blockscout,254,State anchoring,25118,6280
baseline,stage2,blockscout/blockscout,254,Data refresh,26198,6550
baseline,stage2,blockscout/blockscout,254,Ownable,24123,6031
baseline,stage2,blockscout/blockscout,254,Role-based control,24106,6027
baseline,stage2,blockscout/blockscout,254,Permissioned actions,24113,6029
baseline,stage2,blockscout/blockscout,254,Implicit authorization,24155,6039
baseline,stage2,blockscout/blockscout,254,Limited-access,24135,6034
baseline,stage2,blockscout/blockscout,254,Immutable data,23933,5984
baseline,stage2,blockscout/blockscout,254,Mutable data,23840,5960
baseline,stage2,blockscout/blockscout,254,Append-only data,23876,5969
baseline,stage2,blockscout/blockscout,254,Data compression,24708,6177
baseline,stage2,blockscout/blockscout,254,Data separation,23877,5970
baseline,stage2,blockscout/blockscout,254,Homomorphic encryption,23588,5897
baseline,stage2,blockscout/blockscout,254,Zero-knowledge proof,23625,5907
baseline,stage2,blockscout/blockscout,254,Commit and Reveal,23632,5908
baseline,stage2,blockscout/blockscout,254,Snapshotting,23585,5897
baseline,stage2,blockscout/blockscout,254,State initialization,23553,5889
baseline,stage2,blockscout/blockscout,254,Establish genesis,23540,5885
baseline,stage2,blockscout/blockscout,254,Smart contract translation,23639,5910
baseline,stage2,blockscout/blockscout,254,Tokenization,23005,5752
baseline,stage2,blockscout/blockscout,254,Self-generated transactions,23555,5889
baseline,stage2,blockscout/blockscout,254,Self-Confirmed Transactions,23558,5890
baseline,stage2,blockscout/blockscout,254,Delegated Transactions,23558,5890
baseline,stage2,blockscout/blockscout,254,Packing variables,24203,6051
baseline,stage2,blockscout/blockscout,254,Packing booleans,24180,6045
baseline,stage2,blockscout/blockscout,254,Unit vs Unit256,24147,6037
baseline,stage2,blockscout/blockscout,254,Mapping vs Array,23879,5970
baseline,stage2,blockscout/blockscout,254,Freeing storage,23870,5968
baseline,stage2,ethereum/execution-apis,569,Ticker tape,24266,6067
baseline,stage2,ethereum/execution-apis,569,Oracle,24291,6073
baseline,stage2,ethereum/execution-apis,569,Reverse Oracle,24230,6058
baseline,stage2,ethereum/execution-apis,569,Pull-based inbound oracle,24221,6056
baseline,stage2,ethereum/execution-apis,569,Push-based inbound oracle,24247,6062
baseline,stage2,ethereum/execution-apis,569,State Channel,24444,6111
baseline,stage2,ethereum/execution-apis,569,Off-chain Contract Registry,25702,6426
baseline,stage2,ethereum/execution-apis,569,Legal and smart contract pair,24475,6119
baseline,stage2,ethereum/execution-apis,569,Off-chain data storage,25066,6267
baseline,stage2,ethereum/execution-apis,569,Confidential and pseudo-anonymous contract enforcement,24496,6124
baseline,stage2,ethereum/execution-apis,569,Off-chain Signatures,24452,6113
baseline,stage2,ethereum/execution-apis,569,Delegated Computation,24735,6184
baseline,stage2,ethereum/execution-apis,569,Master & Sub Key,23119,5780
baseline,stage2,ethereum/execution-apis,569,Hot & Cold Wallet Storage,23169,5793
baseline,stage2,ethereum/execution-apis,569,Key Sharding,23134,5784
baseline,stage2,ethereum/execution-apis,569,X-confirmation,22490,5623
baseline,stage2,ethereum/execution-apis,569,Blockchain BP Engine,22837,5710
baseline,stage2,ethereum/execution-apis,569,Smart Contract Activities,22862,5716
baseline,stage2,ethereum/execution-apis,569,Decentralize business process,22904,5726
baseline,stage2,ethereum/execution-apis,569,Identifier Registry,23594,5899
baseline,stage2,ethereum/execution-apis,569,Multiple Registration,23571,5893
baseline,stage2,ethereum/execution-apis,569,Bound with Social Media,23572,5893
baseline,stage2,ethereum/execution-apis,569,Dual Resolution,23537,5885
baseline,stage2,ethereum/execution-apis,569,Delegate List,23563,5891
baseline,stage2,ethereum/execution-apis,569,Blockchain Security Pattern for Big Data Ecosystems,22489,5623
baseline,stage2,ethereum/execution-apis,569,Blockchain-based reputation system,25100,6275
baseline,stage2,ethereum/execution-apis,569,Vote,25079,6270
baseline,stage2,ethereum/execution-apis,569,Blocklist,25046,6262
baseline,stage2,ethereum/execution-apis,569,Announcement,25057,6265
baseline,stage2,ethereum/execution-apis,569,Bulletin Board,25054,6264
baseline,stage2,ethereum/execution-apis,569,Randomness,25105,6277
baseline,stage2,ethereum/execution-apis,569,Poll,25054,6264
baseline,stage2,ethereum/execution-apis,569,Selective Content Generation,25086,6272
baseline,stage2,ethereum/execution-apis,569,Time-Constrained Access,25084,6271
baseline,stage2,ethereum/execution-apis,569,One-Off Access,25046,6262
baseline,stage2,ethereum/execution-apis,569,Digital Record,25751,6438
baseline,stage2,ethereum/execution-apis,569,State machine,25131,6283
baseline,stage2,ethereum/execution-apis,569,Proxy contract,25101,6276
baseline,stage2,ethereum/execution-apis,569,Contract Registry (on-chain),25098,6275
baseline,stage2,ethereum/execution-apis,569,Factory contract,24780,6195
baseline,stage2,ethereum/execution-apis,569,Data contract,25049,6263
baseline,stage2,ethereum/execution-apis,569,Router contract,25139,6285
baseline,stage2,ethereum/execution-apis,569,Relay contract,24755,6189
baseline,stage2,ethereum/execution-apis,569,Emergency stop,24755,6189
baseline,stage2,ethereum/execution-apis,569,Mortal,24929,6233
baseline,stage2,ethereum/execution-apis,569,Check-Effects-Interactions,23613,5904
baseline,stage2,ethereum/execution-apis,569,Mutex,23527,5882
baseline,stage2,ethereum/execution-apis,569,Guard check,23596,5899
baseline,stage2,ethereum/execution-apis,569,Rate limit,23538,5885
baseline,stage2,ethereum/execution-apis,569,Balance limit,23549,5888
baseline,stage2,ethereum/execution-apis,569,Low contract footprint,24054,6014
baseline,stage2,ethereum/execution-apis,569,Loop unrolling,24004,6001
baseline,stage2,ethereum/execution-apis,569,Contract size limit,23988,5997
baseline,stage2,ethereum/execution-apis,569,Off-chain computation,24308,6077
baseline,stage2,ethereum/execution-apis,569,State anchoring,24639,6160
baseline,stage2,ethereum/execution-apis,569,Data refresh,25719,6430
baseline,stage2,ethereum/execution-apis,569,Ownable,23644,5911
baseline,stage2,ethereum/execution-apis,569,Role-based control,23627,5907
baseline,stage2,ethereum/execution-apis,569,Permissioned actions,23634,5909
baseline,stage2,ethereum/execution-apis,569,Implicit authorization,23676,5919
baseline,stage2,ethereum/execution-apis,569,Limited-access,23656,5914
baseline,stage2,ethereum/execution-apis,569,Immutable data,23454,5864
baseline,stage2,ethereum/execution-apis,569,Mutable data,23361,5841
baseline,stage2,ethereum/execution-apis,569,Append-only data,23397,5850
baseline,stage2,ethereum/execution-apis,569,Data compression,24229,6058
baseline,stage2,ethereum/execution-apis,569,Data separation,23398,5850
baseline,stage2,ethereum/execution-apis,569,Homomorphic encryption,23109,5778
baseline,stage2,ethereum/execution-apis,569,Zero-knowledge proof,23146,5787
baseline,stage2,ethereum/execution-apis,569,Commit and Reveal,23153,5789
baseline,stage2,ethereum/execution-apis,569,Snapshotting,23106,5777
baseline,stage2,ethereum/execution-apis,569,State initialization,23074,5769
baseline,stage2,ethereum/execution-apis,569,Establish genesis,23061,5766
baseline,stage2,ethereum/execution-apis,569,Smart contract translation,23160,5790
baseline,stage2,ethereum/execution-apis,569,Tokenization,22526,5632
baseline,stage2,ethereum/execution-apis,569,Self-generated transactions,23076,5769
baseline,stage2,ethereum/execution-apis,569,Self-Confirmed Transactions,23079,5770
baseline,stage2,ethereum/execution-apis,569,Delegated Transactions,23079,5770
baseline,stage2,ethereum/execution-apis,569,Packing variables,23724,5931
baseline,stage2,ethereum/execution-apis,569,Packing booleans,23701,5926
baseline,stage2,ethereum/execution-apis,569,Unit vs Unit256,23668,5917
baseline,stage2,ethereum/execution-apis,569,Mapping vs Array,23400,5850
baseline,stage2,ethereum/execution-apis,569,Freeing storage,23391,5848
baseline,stage2,bnb-chain/bsc,238,Ticker tape,28387,7097
baseline,stage2,bnb-chain/bsc,238,Oracle,28412,7103
baseline,stage2,bnb-chain/bsc,238,Reverse Oracle,28351,7088
baseline,stage2,bnb-chain/bsc,238,Pull-based inbound oracle,28342,7086
baseline,stage2,bnb-chain/bsc,238,Push-based inbound oracle,28368,7092
baseline,stage2,bnb-chain/bsc,238,State Channel,28565,7142
baseline,stage2,bnb-chain/bsc,238,Off-chain Contract Registry,29823,7456
baseline,stage2,bnb-chain/bsc,238,Legal and smart contract pair,28596,7149
baseline,stage2,bnb-chain/bsc,238,Off-chain data storage,29187,7297
baseline,stage2,bnb-chain/bsc,238,Confidential and pseudo-anonymous contract enforcement,28617,7155
baseline,stage2,bnb-chain/bsc,238,Off-chain Signatures,28573,7144
baseline,stage2,bnb-chain/bsc,238,Delegated Computation,28856,7214
baseline,stage2,bnb-chain/bsc,238,Master & Sub Key,27240,6810
baseline,stage2,bnb-chain/bsc,238,Hot & Cold Wallet Storage,27290,6823
baseline,stage2,bnb-chain/bsc,238,Key Sharding,27255,6814
baseline,stage2,bnb-chain/bsc,238,X-confirmation,26611,6653
baseline,stage2,bnb-chain/bsc,238,Blockchain BP Engine,26958,6740
baseline,stage2,bnb-chain/bsc,238,Smart Contract Activities,26983,6746
baseline,stage2,bnb-chain/bsc,238,Decentralize business process,27025,6757
baseline,stage2,bnb-chain/bsc,238,Identifier Registry,27715,6929
baseline,stage2,bnb-chain/bsc,238,Multiple Registration,27692,6923
baseline,stage2,bnb-chain/bsc,238,Bound with Social Media,27693,6924
baseline,stage2,bnb-chain/bsc,238,Dual Resolution,27658,6915
baseline,stage2,bnb-chain/bsc,238,Delegate List,27684,6921
baseline,stage2,bnb-chain/bsc,238,Blockchain Security Pattern for Big Data Ecosystems,26610,6653
baseline,stage2,bnb-chain/bsc,238,Blockchain-based reputation system,29221,7306
baseline,stage2,bnb-chain/bsc,238,Vote,29200,7300
baseline,stage2,bnb-chain/bsc,238,Blocklist,29167,7292
baseline,stage2,bnb-chain/bsc,238,Announcement,29178,7295
baseline,stage2,bnb-chain/bsc,238,Bulletin Board,29175,7294
baseline,stage2,bnb-chain/bsc,238,Randomness,29226,7307
baseline,stage2,bnb-chain/bsc,238,Poll,29175,7294
baseline,stage2,bnb-chain/bsc,238,Selective Content Generation,29207,7302
baseline,stage2,bnb-chain/bsc,238,Time-Constrained Access,29205,7302
baseline,stage2,bnb-chain/bsc,238,One-Off Access,29167,7292
baseline,stage2,bnb-chain/bsc,238,Digital Record,29872,7468
baseline,stage2,bnb-chain/bsc,238,State machine,29252,7313
baseline,stage2,bnb-chain/bsc,238,Proxy contract,29222,7306
baseline,stage2,bnb-chain/bsc,238,Contract Registry (on-chain),29219,7305
baseline,stage2,bnb-chain/bsc,238,Factory contract,28901,7226
baseline,stage2,bnb-chain/bsc,238,Data contract,29170,7293
baseline,stage2,bnb-chain/bsc,238,Router contract,29260,7315
baseline,stage2,bnb-chain/bsc,238,Relay contract,28876,7219
baseline,stage2,bnb-chain/bsc,238,Emergency stop,28876,7219
baseline,stage2,bnb-chain/bsc,238,Mortal,29050,7263
baseline,stage2,bnb-chain/bsc,238,Check-Effects-Interactions,27734,6934
baseline,stage2,bnb-chain/bsc,238,Mutex,27648,6912
baseline,stage2,bnb-chain/bsc,238,Guard check,27717,6930
baseline,stage2,bnb-chain/bsc,238,Rate limit,27659,6915
baseline,stage2,bnb-chain/bsc,238,Balance limit,27670,6918
baseline,stage2,bnb-chain/bsc,238,Low contract footprint,28175,7044
baseline,stage2,bnb-chain/bsc,238,Loop unrolling,28125,7032
baseline,stage2,bnb-chain/bsc,238,Contract size limit,28109,7028
baseline,stage2,bnb-chain/bsc,238,Off-chain computation,28429,7108
baseline,stage2,bnb-chain/bsc,238,State anchoring,28760,7190
baseline,stage2,bnb-chain/bsc,238,Data refresh,29840,7460
baseline,stage2,bnb-chain/bsc,238,Ownable,27765,6942
baseline,stage2,bnb-chain/bsc,238,Role-based control,27748,6937
baseline,stage2,bnb-chain/bsc,238,Permissioned actions,27755,6939
baseline,stage2,bnb-chain/bsc,238,Implicit authorization,27797,6950
baseline,stage2,bnb-chain/bsc,238,Limited-access,27777,6945
baseline,stage2,bnb-chain/bsc,238,Immutable data,27575,6894
baseline,stage2,bnb-chain/bsc,238,Mutable data,27482,6871
baseline,stage2,bnb-chain/bsc,238,Append-only data,27518,6880
baseline,stage2,bnb-chain/bsc,238,Data compression,28350,7088
baseline,stage2,bnb-chain/bsc,238,Data separation,27519,6880
baseline,stage2,bnb-chain/bsc,238,Homomorphic encryption,27230,6808
baseline,stage2,bnb-chain/bsc,238,Zero-knowledge proof,27267,6817
baseline,stage2,bnb-chain/bsc,238,Commit and Reveal,27274,6819
baseline,stage2,bnb-chain/bsc,238,Snapshotting,27227,6807
baseline,stage2,bnb-chain/bsc,238,State initialization,27195,6799
baseline,stage2,bnb-chain/bsc,238,Establish genesis,27182,6796
baseline,stage2,bnb-chain/bsc,238,Smart contract translation,27281,6821
baseline,stage2,bnb-chain/bsc,238,Tokenization,26647,6662
baseline,stage2,bnb-chain/bsc,238,Self-generated transactions,27197,6800
baseline,stage2,bnb-chain/bsc,238,Self-Confirmed Transactions,27200,6800
baseline,stage2,bnb-chain/bsc,238,Delegated Transactions,27200,6800
baseline,stage2,bnb-chain/bsc,238,Packing variables,27845,6962
baseline,stage2,bnb-chain/bsc,238,Packing booleans,27822,6956
baseline,stage2,bnb-chain/bsc,238,Unit vs Unit256,27789,6948
baseline,stage2,bnb-chain/bsc,238,Mapping vs Array,27521,6881
baseline,stage2,bnb-chain/bsc,238,Freeing storage,27512,6878
baseline,stage2,MetaMask/metamask-extension,7849,Ticker tape,21192,5298
baseline,stage2,MetaMask/metamask-extension,7849,Oracle,21217,5305
baseline,stage2,MetaMask/metamask-extension,7849,Reverse Oracle,21156,5289
baseline,stage2,MetaMask/metamask-extension,7849,Pull-based inbound oracle,21147,5287
baseline,stage2,MetaMask/metamask-extension,7849,Push-based inbound oracle,21173,5294
baseline,stage2,MetaMask/metamask-extension,7849,State Channel,21370,5343
baseline,stage2,MetaMask/metamask-extension,7849,Off-chain Contract Registry,22628,5657
baseline,stage2,MetaMask/metamask-extension,7849,Legal and smart contract pair,21401,5351
baseline,stage2,MetaMask/metamask-extension,7849,Off-chain data storage,21992,5498
baseline,stage2,MetaMask/metamask-extension,7849,Confidential and pseudo-anonymous contract enforcement,21422,5356
baseline,stage2,MetaMask/metamask-extension,7849,Off-chain Signatures,21378,5345
baseline,stage2,MetaMask/metamask-extension,7849,Delegated Computation,21661,5416
baseline,stage2,MetaMask/metamask-extension,7849,Master & Sub Key,20045,5012
baseline,stage2,MetaMask/metamask-extension,7849,Hot & Cold Wallet Storage,20095,5024
baseline,stage2,MetaMask/metamask-extension,7849,Key Sharding,20060,5015
baseline,stage2,MetaMask/metamask-extension,7849,X-confirmation,19416,4854
baseline,stage2,MetaMask/metamask-extension,7849,Blockchain BP Engine,19763,4941
baseline,stage2,MetaMask/metamask-extension,7849,Smart Contract Activities,19788,4947
baseline,stage2,MetaMask/metamask-extension,7849,Decentralize business process,19830,4958
baseline,stage2,MetaMask/metamask-extension,7849,Identifier Registry,20520,5130
baseline,stage2,MetaMask/metamask-extension,7849,Multiple Registration,20497,5125
baseline,stage2,MetaMask/metamask-extension,7849,Bound with Social Media,20498,5125
baseline,stage2,MetaMask/metamask-extension,7849,Dual Resolution,20463,5116
baseline,stage2,MetaMask/metamask-extension,7849,Delegate List,20489,5123
baseline,stage2,MetaMask/metamask-extension,7849,Blockchain Security Pattern for Big Data Ecosystems,19415,4854
baseline,stage2,MetaMask/metamask-extension,7849,Blockchain-based reputation system,22026,5507
baseline,stage2,MetaMask/metamask-extension,7849,Vote,22005,5502
baseline,stage2,MetaMask/metamask-extension,7849,Blocklist,21972,5493
baseline,stage2,MetaMask/metamask-extension,7849,Announcement,21983,5496
baseline,stage2,MetaMask/metamask-extension,7849,Bulletin Board,21980,5495
baseline,stage2,MetaMask/metamask-extension,7849,Randomness,22031,5508
baseline,stage2,MetaMask/metamask-extension,7849,Poll,21980,5495
baseline,stage2,MetaMask/metamask-extension,7849,Selective Content Generation,22012,5503
baseline,stage2,MetaMask/metamask-extension,7849,Time-Constrained Access,22010,5503
baseline,stage2,MetaMask/metamask-extension,7849,One-Off Access,21972,5493
baseline,stage2,MetaMask/metamask-extension,7849,Digital Record,22677,5670
baseline,stage2,MetaMask/metamask-extension,7849,State machine,22057,5515
baseline,stage2,MetaMask/metamask-extension,7849,Proxy contract,22027,5507
baseline,stage2,MetaMask/metamask-extension,7849,Contract Registry (on-chain),22024,5506
baseline,stage2,MetaMask/metamask-extension,7849,Factory contract,21706,5427
baseline,stage2,MetaMask/metamask-extension,7849,Data contract,21975,5494
baseline,stage2,MetaMask/metamask-extension,7849,Router contract,22065,5517
baseline,stage2,MetaMask/metamask-extension,7849,Relay contract,21681,5421
baseline,stage2,MetaMask/metamask-extension,7849,Emergency stop,21681,5421
baseline,stage2,MetaMask/metamask-extension,7849,Mortal,21855,5464
baseline,stage2,MetaMask/metamask-extension,7849,Check-Effects-Interactions,20539,5135
baseline,stage2,MetaMask/metamask-extension,7849,Mutex,20453,5114
baseline,stage2,MetaMask/metamask-extension,7849,Guard check,20522,5131
baseline,stage2,MetaMask/metamask-extension,7849,Rate limit,20464,5116
baseline,stage2,MetaMask/metamask-extension,7849,Balance limit,20475,5119
baseline,stage2,MetaMask/metamask-extension,7849,Low contract footprint,20980,5245
baseline,stage2,MetaMask/metamask-extension,7849,Loop unrolling,20930,5233
baseline,stage2,MetaMask/metamask-extension,7849,Contract size limit,20914,5229
baseline,stage2,MetaMask/metamask-extension,7849,Off-chain computation,21234,5309
baseline,stage2,MetaMask/metamask-extension,7849,State anchoring,21565,5392
baseline,stage2,MetaMask/metamask-extension,7849,Data refresh,22645,5662
baseline,stage2,MetaMask/metamask-extension,7849,Ownable,20570,5143
baseline,stage2,MetaMask/metamask-extension,7849,Role-based control,20553,5139
baseline,stage2,MetaMask/metamask-extension,7849,Permissioned actions,20560,5140
baseline,stage2,MetaMask/metamask-extension,7849,Implicit authorization,20602,5151
baseline,stage2,MetaMask/metamask-extension,7849,Limited-access,20582,5146
baseline,stage2,MetaMask/metamask-extension,7849,Immutable data,20380,5095
baseline,stage2,MetaMask/metamask-extension,7849,Mutable data,20287,5072
baseline,stage2,MetaMask/metamask-extension,7849,Append-only data,20323,5081
baseline,stage2,MetaMask/metamask-extension,7849,Data compression,21155,5289
baseline,stage2,MetaMask/metamask-extension,7849,Data separation,20324,5081
baseline,stage2,MetaMask/metamask-extension,7849,Homomorphic encryption,20035,5009
baseline,stage2,MetaMask/metamask-extension,7849,Zero-knowledge proof,20072,5018
baseline,stage2,MetaMask/metamask-extension,7849,Commit and Reveal,20079,5020
baseline,stage2,MetaMask/metamask-extension,7849,Snapshotting,20032,5008
baseline,stage2,MetaMask/metamask-extension,7849,State initialization,20000,5000
baseline,stage2,MetaMask/metamask-extension,7849,Establish genesis,19987,4997
baseline,stage2,MetaMask/metamask-extension,7849,Smart contract translation,20086,5022
baseline,stage2,MetaMask/metamask-extension,7849,Tokenization,19452,4863
baseline,stage2,MetaMask/metamask-extension,7849,Self-generated transactions,20002,5001
baseline,stage2,MetaMask/metamask-extension,7849,Self-Confirmed Transactions,20005,5002
baseline,stage2,MetaMask/metamask-extension,7849,Delegated Transactions,20005,5002
baseline,stage2,MetaMask/metamask-extension,7849,Packing variables,20650,5163
baseline,stage2,MetaMask/metamask-extension,7849,Packing booleans,20627,5157
baseline,stage2,MetaMask/metamask-extension,7849,Unit vs Unit256,20594,5149
baseline,stage2,MetaMask/metamask-extension,7849,Mapping vs Array,20326,5082
baseline,stage2,MetaMask/metamask-extension,7849,Freeing storage,20317,5080
baseline,stage2,Vectorized/solady,207,Ticker tape,19305,4827
baseline,stage2,Vectorized/solady,207,Oracle,19330,4833
baseline,stage2,Vectorized/solady,207,Reverse Oracle,19269,4818
baseline,stage2,Vectorized/solady,207,Pull-based inbound oracle,19260,4815
baseline,stage2,Vectorized/solady,207,Push-based inbound oracle,19286,4822
baseline,stage2,Vectorized/solady,207,State Channel,19483,4871
baseline,stage2,Vectorized/solady,207,Off-chain Contract Registry,20741,5186
baseline,stage2,Vectorized/solady,207,Legal and smart contract pair,19514,4879
baseline,stage2,Vectorized/solady,207,Off-chain data storage,20105,5027
baseline,stage2,Vectorized/solady,207,Confidential and pseudo-anonymous contract enforcement,19535,4884
baseline,stage2,Vectorized/solady,207,Off-chain Signatures,19491,4873
baseline,stage2,Vectorized/solady,207,Delegated Computation,19774,4944
baseline,stage2,Vectorized/solady,207,Master & Sub Key,18158,4540
baseline,stage2,Vectorized/solady,207,Hot & Cold Wallet Storage,18208,4552
baseline,stage2,Vectorized/solady,207,Key Sharding,18173,4544
baseline,stage2,Vectorized/solady,207,X-confirmation,17529,4383
baseline,stage2,Vectorized/solady,207,Blockchain BP Engine,17876,4469
baseline,stage2,Vectorized/solady,207,Smart Contract Activities,17901,4476
baseline,stage2,Vectorized/solady,207,Decentralize business process,17943,4486
baseline,stage2,Vectorized/solady,207,Identifier Registry,18633,4659
baseline,stage2,Vectorized/solady,207,Multiple Registration,18610,4653
baseline,stage2,Vectorized/solady,207,Bound with Social Media,18611,4653
baseline,stage2,Vectorized/solady,207,Dual Resolution,18576,4644
baseline,stage2,Vectorized/solady,207,Delegate List,18602,4651
baseline,stage2,Vectorized/solady,207,Blockchain Security Pattern for Big Data Ecosystems,17528,4382
baseline,stage2,Vectorized/solady,207,Blockchain-based reputation system,20139,5035
baseline,stage2,Vectorized/solady,207,Vote,20118,5030
baseline,stage2,Vectorized/solady,207,Blocklist,20085,5022
baseline,stage2,Vectorized/solady,207,Announcement,20096,5024
baseline,stage2,Vectorized/solady,207,Bulletin Board,20093,5024
baseline,stage2,Vectorized/solady,207,Randomness,20144,5036
baseline,stage2,Vectorized/solady,207,Poll,20093,5024
baseline,stage2,Vectorized/solady,207,Selective Content Generation,20125,5032
baseline,stage2,Vectorized/solady,207,Time-Constrained Access,20123,5031
baseline,stage2,Vectorized/solady,207,One-Off Access,20085,5022
baseline,stage2,Vectorized/solady,207,Digital Record,20790,5198
baseline,stage2,Vectorized/solady,207,State machine,20170,5043
baseline,stage2,Vectorized/solady,207,Proxy contract,20140,5035
baseline,stage2,Vectorized/solady,207,Contract Registry (on-chain),20137,5035
baseline,stage2,Vectorized/solady,207,Factory contract,19819,4955
baseline,stage2,Vectorized/solady,207,Data contract,20088,5022
baseline,stage2,Vectorized/solady,207,Router contract,20178,5045
baseline,stage2,Vectorized/solady,207,Relay contract,19794,4949
baseline,stage2,Vectorized/solady,207,Emergency stop,19794,4949
baseline,stage2,Vectorized/solady,207,Mortal,19968,4992
baseline,stage2,Vectorized/solady,207,Check-Effects-Interactions,18652,4663
baseline,stage2,Vectorized/solady,207,Mutex,18566,4642
baseline,stage2,Vectorized/solady,207,Guard check,18635,4659
baseline,stage2,Vectorized/solady,207,Rate limit,18577,4645
baseline,stage2,Vectorized/solady,207,Balance limit,18588,4647
baseline,stage2,Vectorized/solady,207,Low contract footprint,19093,4774
baseline,stage2,Vectorized/solady,207,Loop unrolling,19043,4761
baseline,stage2,Vectorized/solady,207,Contract size limit,19027,4757
baseline,stage2,Vectorized/solady,207,Off-chain computation,19347,4837
baseline,stage2,Vectorized/solady,207,State anchoring,19678,4920
baseline,stage2,Vectorized/solady,207,Data refresh,20758,5190
baseline,stage2,Vectorized/solady,207,Ownable,18683,4671
baseline,stage2,Vectorized/solady,207,Role-based control,18666,4667
baseline,stage2,Vectorized/solady,207,Permissioned actions,18673,4669
baseline,stage2,Vectorized/solady,207,Implicit authorization,18715,4679
baseline,stage2,Vectorized/solady,207,Limited-access,18695,4674
baseline,stage2,Vectorized/solady,207,Immutable data,18493,4624
baseline,stage2,Vectorized/solady,207,Mutable data,18400,4600
baseline,stage2,Vectorized/solady,207,Append-only data,18436,4609
baseline,stage2,Vectorized/solady,207,Data compression,19268,4817
baseline,stage2,Vectorized/solady,207,Data separation,18437,4610
baseline,stage2,Vectorized/solady,207,Homomorphic encryption,18148,4537
baseline,stage2,Vectorized/solady,207,Zero-knowledge proof,18185,4547
baseline,stage2,Vectorized/solady,207,Commit and Reveal,18192,4548
baseline,stage2,Vectorized/solady,207,Snapshotting,18145,4537
baseline,stage2,Vectorized/solady,207,State initialization,18113,4529
baseline,stage2,Vectorized/solady,207,Establish genesis,18100,4525
baseline,stage2,Vectorized/solady,207,Smart contract translation,18199,4550
baseline,stage2,Vectorized/solady,207,Tokenization,17565,4392
baseline,stage2,Vectorized/solady,207,Self-generated transactions,18115,4529
baseline,stage2,Vectorized/solady,207,Self-Confirmed Transactions,18118,4530
baseline,stage2,Vectorized/solady,207,Delegated Transactions,18118,4530
baseline,stage2,Vectorized/solady,207,Packing variables,18763,4691
baseline,stage2,Vectorized/solady,207,Packing booleans,18740,4685
baseline,stage2,Vectorized/solady,207,Unit vs Unit256,18707,4677
baseline,stage2,Vectorized/solady,207,Mapping vs Array,18439,4610
baseline,stage2,Vectorized/solady,207,Freeing storage,18430,4608
baseline,stage2,OpenZeppelin/nile,47,Ticker tape,22726,5682
baseline,stage2,OpenZeppelin/nile,47,Oracle,22751,5688
baseline,stage2,OpenZeppelin/nile,47,Reverse Oracle,22690,5673
baseline,stage2,OpenZeppelin/nile,47,Pull-based inbound oracle,22681,5671
baseline,stage2,OpenZeppelin/nile,47,Push-based inbound oracle,22707,5677
baseline,stage2,OpenZeppelin/nile,47,State Channel,22904,5726
baseline,stage2,OpenZeppelin/nile,47,Off-chain Contract Registry,24162,6041
baseline,stage2,OpenZeppelin/nile,47,Legal and smart contract pair,22935,5734
baseline,stage2,OpenZeppelin/nile,47,Off-chain data storage,23526,5882
baseline,stage2,OpenZeppelin/nile,47,Confidential and pseudo-anonymous contract enforcement,22956,5739
baseline,stage2,OpenZeppelin/nile,47,Off-chain Signatures,22912,5728
baseline,stage2,OpenZeppelin/nile,47,Delegated Computation,23195,5799
baseline,stage2,OpenZeppelin/nile,47,Master & Sub Key,21579,5395
baseline,stage2,OpenZeppelin/nile,47,Hot & Cold Wallet Storage,21629,5408
baseline,stage2,OpenZeppelin/nile,47,Key Sharding,21594,5399
baseline,stage2,OpenZeppelin/nile,47,X-confirmation,20950,5238
baseline,stage2,OpenZeppelin/nile,47,Blockchain BP Engine,21297,5325
baseline,stage2,OpenZeppelin/nile,47,Smart Contract Activities,21322,5331
baseline,stage2,OpenZeppelin/nile,47,Decentralize business process,21364,5341
baseline,stage2,OpenZeppelin/nile,47,Identifier Registry,22054,5514
baseline,stage2,OpenZeppelin/nile,47,Multiple Registration,22031,5508
baseline,stage2,OpenZeppelin/nile,47,Bound with Social Media,22032,5508
baseline,stage2,OpenZeppelin/nile,47,Dual Resolution,21997,5500
baseline,stage2,OpenZeppelin/nile,47,Delegate List,22023,5506
baseline,stage2,OpenZeppelin/nile,47,Blockchain Security Pattern for Big Data Ecosystems,20949,5238
baseline,stage2,OpenZeppelin/nile,47,Blockchain-based reputation system,23560,5890
baseline,stage2,OpenZeppelin/nile,47,Vote,23539,5885
baseline,stage2,OpenZeppelin/nile,47,Blocklist,23506,5877
baseline,stage2,OpenZeppelin/nile,47,Announcement,23517,5880
baseline,stage2,OpenZeppelin/nile,47,Bulletin Board,23514,5879
baseline,stage2,OpenZeppelin/nile,47,Randomness,23565,5892
baseline,stage2,OpenZeppelin/nile,47,Poll,23514,5879
baseline,stage2,OpenZeppelin/nile,47,Selective Content Generation,23546,5887
baseline,stage2,OpenZeppelin/nile,47,Time-Constrained Access,23544,5886
baseline,stage2,OpenZeppelin/nile,47,One-Off Access,23506,5877
baseline,stage2,OpenZeppelin/nile,47,Digital Record,24211,6053
baseline,stage2,OpenZeppelin/nile,47,State machine,23591,5898
baseline,stage2,OpenZeppelin/nile,47,Proxy contract,23561,5891
baseline,stage2,OpenZeppelin/nile,47,Contract Registry (on-chain),23558,5890
baseline,stage2,OpenZeppelin/nile,47,Factory contract,23240,5810
baseline,stage2,OpenZeppelin/nile,47,Data contract,23509,5878
baseline,stage2,OpenZeppelin/nile,47,Router contract,23599,5900
baseline,stage2,OpenZeppelin/nile,47,Relay contract,23215,5804
baseline,stage2,OpenZeppelin/nile,47,Emergency stop,23215,5804
baseline,stage2,OpenZeppelin/nile,47,Mortal,23389,5848
baseline,stage2,OpenZeppelin/nile,47,Check-Effects-Interactions,22073,5519
baseline,stage2,OpenZeppelin/nile,47,Mutex,21987,5497
baseline,stage2,OpenZeppelin/nile,47,Guard check,22056,5514
baseline,stage2,OpenZeppelin/nile,47,Rate limit,21998,5500
baseline,stage2,OpenZeppelin/nile,47,Balance limit,22009,5503
baseline,stage2,OpenZeppelin/nile,47,Low contract footprint,22514,5629
baseline,stage2,OpenZeppelin/nile,47,Loop unrolling,22464,5616
baseline,stage2,OpenZeppelin/nile,47,Contract size limit,22448,5612
baseline,stage2,OpenZeppelin/nile,47,Off-chain computation,22768,5692
baseline,stage2,OpenZeppelin/nile,47,State anchoring,23099,5775
baseline,stage2,OpenZeppelin/nile,47,Data refresh,24179,6045
baseline,stage2,OpenZeppelin/nile,47,Ownable,22104,5526
baseline,stage2,OpenZeppelin/nile,47,Role-based control,22087,5522
baseline,stage2,OpenZeppelin/nile,47,Permissioned actions,22094,5524
baseline,stage2,OpenZeppelin/nile,47,Implicit authorization,22136,5534
baseline,stage2,OpenZeppelin/nile,47,Limited-access,22116,5529
baseline,stage2,OpenZeppelin/nile,47,Immutable data,21914,5479
baseline,stage2,OpenZeppelin/nile,47,Mutable data,21821,5456
baseline,stage2,OpenZeppelin/nile,47,Append-only data,21857,5465
baseline,stage2,OpenZeppelin/nile,47,Data compression,22689,5673
baseline,stage2,OpenZeppelin/nile,47,Data separation,21858,5465
baseline,stage2,OpenZeppelin/nile,47,Homomorphic encryption,21569,5393
baseline,stage2,OpenZeppelin/nile,47,Zero-knowledge proof,21606,5402
baseline,stage2,OpenZeppelin/nile,47,Commit and Reveal,21613,5404
baseline,stage2,OpenZeppelin/nile,47,Snapshotting,21566,5392
baseline,stage2,OpenZeppelin/nile,47,State initialization,21534,5384
baseline,stage2,OpenZeppelin/nile,47,Establish genesis,21521,5381
baseline,stage2,OpenZeppelin/nile,47,Smart contract translation,21620,5405
baseline,stage2,OpenZeppelin/nile,47,Tokenization,20986,5247
baseline,stage2,OpenZeppelin/nile,47,Self-generated transactions,21536,5384
baseline,stage2,OpenZeppelin/nile,47,Self-Confirmed Transactions,21539,5385
baseline,stage2,OpenZeppelin/nile,47,Delegated Transactions,21539,5385
baseline,stage2,OpenZeppelin/nile,47,Packing variables,22184,5546
baseline,stage2,OpenZeppelin/nile,47,Packing booleans,22161,5541
baseline,stage2,OpenZeppelin/nile,47,Unit vs Unit256,22128,5532
baseline,stage2,OpenZeppelin/nile,47,Mapping vs Array,21860,5465
baseline,stage2,OpenZeppelin/nile,47,Freeing storage,21851,5463
baseline,stage2,paritytech/substrate,6585,Ticker tape,25605,6402
baseline,stage2,paritytech/substrate,6585,Oracle,25630,6408
baseline,stage2,paritytech/substrate,6585,Reverse Oracle,25569,6393
baseline,stage2,paritytech/substrate,6585,Pull-based inbound oracle,25560,6390
baseline,stage2,paritytech/substrate,6585,Push-based inbound oracle,25586,6397
baseline,stage2,paritytech/substrate,6585,State Channel,25783,6446
baseline,stage2,paritytech/substrate,6585,Off-chain Contract Registry,27041,6761
baseline,stage2,paritytech/substrate,6585,Legal and smart contract pair,25814,6454
baseline,stage2,paritytech/substrate,6585,Off-chain data storage,26405,6602
baseline,stage2,paritytech/substrate,6585,Confidential and pseudo-anonymous contract enforcement,25835,6459
baseline,stage2,paritytech/substrate,6585,Off-chain Signatures,25791,6448
baseline,stage2,paritytech/substrate,6585,Delegated Computation,26074,6519
baseline,stage2,paritytech/substrate,6585,Master & Sub Key,24458,6115
baseline,stage2,paritytech/substrate,6585,Hot & Cold Wallet Storage,24508,6127
baseline,stage2,paritytech/substrate,6585,Key Sharding,24473,6119
baseline,stage2,paritytech/substrate,6585,X-confirmation,23829,5958
baseline,stage2,paritytech/substrate,6585,Blockchain BP Engine,24176,6044
baseline,stage2,paritytech/substrate,6585,Smart Contract Activities,24201,6051
baseline,stage2,paritytech/substrate,6585,Decentralize business process,24243,6061
baseline,stage2,paritytech/substrate,6585,Identifier Registry,24933,6234
baseline,stage2,paritytech/substrate,6585,Multiple Registration,24910,6228
baseline,stage2,paritytech/substrate,6585,Bound with Social Media,24911,6228
baseline,stage2,paritytech/substrate,6585,Dual Resolution,24876,6219
baseline,stage2,paritytech/substrate,6585,Delegate List,24902,6226
baseline,stage2,paritytech/substrate,6585,Blockchain Security Pattern for Big Data Ecosystems,23828,5957
baseline,stage2,paritytech/substrate,6585,Blockchain-based reputation system,26439,6610
baseline,stage2,paritytech/substrate,6585,Vote,26418,6605
baseline,stage2,paritytech/substrate,6585,Blocklist,26385,6597
baseline,stage2,paritytech/substrate,6585,Announcement,26396,6599
baseline,stage2,paritytech/substrate,6585,Bulletin Board,26393,6599
baseline,stage2,paritytech/substrate,6585,Randomness,26444,6611
baseline,stage2,paritytech/substrate,6585,Poll,26393,6599
baseline,stage2,paritytech/substrate,6585,Selective Content Generation,26425,6607
baseline,stage2,paritytech/substrate,6585,Time-Constrained Access,26423,6606
baseline,stage2,paritytech/substrate,6585,One-Off Access,26385,6597
baseline,stage2,paritytech/substrate,6585,Digital Record,27090,6773
baseline,stage2,paritytech/substrate,6585,State machine,26470,6618
baseline,stage2,paritytech/substrate,6585,Proxy contract,26440,6610
baseline,stage2,paritytech/substrate,6585,Contract Registry (on-chain),26437,6610
baseline,stage2,paritytech/substrate,6585,Factory contract,26119,6530
baseline,stage2,paritytech/substrate,6585,Data contract,26388,6597
baseline,stage2,paritytech/substrate,6585,Router contract,26478,6620
baseline,stage2,paritytech/substrate,6585,Relay contract,26094,6524
baseline,stage2,paritytech/substrate,6585,Emergency stop,26094,6524
baseline,stage2,paritytech/substrate,6585,Mortal,26268,6567
baseline,stage2,paritytech/substrate,6585,Check-Effects-Interactions,24952,6238
baseline,stage2,paritytech/substrate,6585,Mutex,24866,6217
baseline,stage2,paritytech/substrate,6585,Guard check,24935,6234
baseline,stage2,paritytech/substrate,6585,Rate limit,24877,6220
baseline,stage2,paritytech/substrate,6585,Balance limit,24888,6222
baseline,stage2,paritytech/substrate,6585,Low contract footprint,25393,6349
baseline,stage2,paritytech/substrate,6585,Loop unrolling,25343,6336
baseline,stage2,paritytech/substrate,6585,Contract size limit,25327,6332
baseline,stage2,paritytech/substrate,6585,Off-chain computation,25647,6412
baseline,stage2,paritytech/substrate,6585,State anchoring,25978,6495
baseline,stage2,paritytech/substrate,6585,Data refresh,27058,6765
baseline,stage2,paritytech/substrate,6585,Ownable,24983,6246
baseline,stage2,paritytech/substrate,6585,Role-based control,24966,6242
baseline,stage2,paritytech/substrate,6585,Permissioned actions,24973,6244
baseline,stage2,paritytech/substrate,6585,Implicit authorization,25015,6254
baseline,stage2,paritytech/substrate,6585,Limited-access,24995,6249
baseline,stage2,paritytech/substrate,6585,Immutable data,24793,6199
baseline,stage2,paritytech/substrate,6585,Mutable data,24700,6175
baseline,stage2,paritytech/substrate,6585,Append-only data,24736,6184
baseline,stage2,paritytech/substrate,6585,Data compression,25568,6392
baseline,stage2,paritytech/substrate,6585,Data separation,24737,6185
baseline,stage2,paritytech/substrate,6585,Homomorphic encryption,24448,6112
baseline,stage2,paritytech/substrate,6585,Zero-knowledge proof,24485,6122
baseline,stage2,paritytech/substrate,6585,Commit and Reveal,24492,6123
baseline,stage2,paritytech/substrate,6585,Snapshotting,24445,6112
baseline,stage2,paritytech/substrate,6585,State initialization,24413,6104
baseline,stage2,paritytech/substrate,6585,Establish genesis,24400,6100
baseline,stage2,paritytech/substrate,6585,Smart contract translation,24499,6125
baseline,stage2,paritytech/substrate,6585,Tokenization,23865,5967
baseline,stage2,paritytech/substrate,6585,Self-generated transactions,24415,6104
baseline,stage2,paritytech/substrate,6585,Self-Confirmed Transactions,24418,6105
baseline,stage2,paritytech/substrate,6585,Delegated Transactions,24418,6105
baseline,stage2,paritytech/substrate,6585,Packing variables,25063,6266
baseline,stage2,paritytech/substrate,6585,Packing booleans,25040,6260
baseline,stage2,paritytech/substrate,6585,Unit vs Unit256,25007,6252
baseline,stage2,paritytech/substrate,6585,Mapping vs Array,24739,6185
baseline,stage2,paritytech/substrate,6585,Freeing storage,24730,6183
baseline,stage2,sigp/lighthouse,7304,Ticker tape,23421,5856
baseline,stage2,sigp/lighthouse,7304,Oracle,23446,5862
baseline,stage2,sigp/lighthouse,7304,Reverse Oracle,23385,5847
baseline,stage2,sigp/lighthouse,7304,Pull-based inbound oracle,23376,5844
baseline,stage2,sigp/lighthouse,7304,Push-based inbound oracle,23402,5851
baseline,stage2,sigp/lighthouse,7304,State Channel,23599,5900
baseline,stage2,sigp/lighthouse,7304,Off-chain Contract Registry,24857,6215
baseline,stage2,sigp/lighthouse,7304,Legal and smart contract pair,23630,5908
baseline,stage2,sigp/lighthouse,7304,Off-chain data storage,24221,6056
baseline,stage2,sigp/lighthouse,7304,Confidential and pseudo-anonymous contract enforcement,23651,5913
baseline,stage2,sigp/lighthouse,7304,Off-chain Signatures,23607,5902
baseline,stage2,sigp/lighthouse,7304,Delegated Computation,23890,5973
baseline,stage2,sigp/lighthouse,7304,Master & Sub Key,22274,5569
baseline,stage2,sigp/lighthouse,7304,Hot & Cold Wallet Storage,22324,5581
baseline,stage2,sigp/lighthouse,7304,Key Sharding,22289,5573
baseline,stage2,sigp/lighthouse,7304,X-confirmation,21645,5412
baseline,stage2,sigp/lighthouse,7304,Blockchain BP Engine,21992,5498
baseline,stage2,sigp/lighthouse,7304,Smart Contract Activities,22017,5505
baseline,stage2,sigp/lighthouse,7304,Decentralize business process,22059,5515
baseline,stage2,sigp/lighthouse,7304,Identifier Registry,22749,5688
baseline,stage2,sigp/lighthouse,7304,Multiple Registration,22726,5682
baseline,stage2,sigp/lighthouse,7304,Bound with Social Media,22727,5682
baseline,stage2,sigp/lighthouse,7304,Dual Resolution,22692,5673
baseline,stage2,sigp/lighthouse,7304,Delegate List,22718,5680
baseline,stage2,sigp/lighthouse,7304,Blockchain Security Pattern for Big Data Ecosystems,21644,5411
baseline,stage2,sigp/lighthouse,7304,Blockchain-based reputation system,24255,6064
baseline,stage2,sigp/lighthouse,7304,Vote,24234,6059
baseline,stage2,sigp/lighthouse,7304,Blocklist,24201,6051
baseline,stage2,sigp/lighthouse,7304,Announcement,24212,6053
baseline,stage2,sigp/lighthouse,7304,Bulletin Board,24209,6053
baseline,stage2,sigp/lighthouse,7304,Randomness,24260,6065
baseline,stage2,sigp/lighthouse,7304,Poll,24209,6053
baseline,stage2,sigp/lighthouse,7304,Selective Content Generation,24241,6061
baseline,stage2,sigp/lighthouse,7304,Time-Constrained Access,24239,6060
baseline,stage2,sigp/lighthouse,7304,One-Off Access,24201,6051
baseline,stage2,sigp/lighthouse,7304,Digital Record,24906,6227
baseline,stage2,sigp/lighthouse,7304,State machine,24286,6072
baseline,stage2,sigp/lighthouse,7304,Proxy contract,24256,6064
baseline,stage2,sigp/lighthouse,7304,Contract Registry (on-chain),24253,6064
baseline,stage2,sigp/lighthouse,7304,Factory contract,23935,5984
baseline,stage2,sigp/lighthouse,7304,Data contract,24204,6051
baseline,stage2,sigp/lighthouse,7304,Router contract,24294,6074
baseline,stage2,sigp/lighthouse,7304,Relay contract,23910,5978
baseline,stage2,sigp/lighthouse,7304,Emergency stop,23910,5978
baseline,stage2,sigp/lighthouse,7304,Mortal,24084,6021
baseline,stage2,sigp/lighthouse,7304,Check-Effects-Interactions,22768,5692
baseline,stage2,sigp/lighthouse,7304,Mutex,22682,5671
baseline,stage2,sigp/lighthouse,7304,Guard check,22751,5688
baseline,stage2,sigp/lighthouse,7304,Rate limit,22693,5674
baseline,stage2,sigp/lighthouse,7304,Balance limit,22704,5676
baseline,stage2,sigp/lighthouse,7304,Low contract footprint,23209,5803
baseline,stage2,sigp/lighthouse,7304,Loop unrolling,23159,5790
baseline,stage2,sigp/lighthouse,7304,Contract size limit,23143,5786
baseline,stage2,sigp/lighthouse,7304,Off-chain computation,23463,5866
baseline,stage2,sigp/lighthouse,7304,State anchoring,23794,5949
baseline,stage2,sigp/lighthouse,7304,Data refresh,24874,6219
baseline,stage2,sigp/lighthouse,7304,Ownable,22799,5700
baseline,stage2,sigp/lighthouse,7304,Role-based control,22782,5696
baseline,stage2,sigp/lighthouse,7304,Permissioned actions,22789,5698
baseline,stage2,sigp/lighthouse,7304,Implicit authorization,22831,5708
baseline,stage2,sigp/lighthouse,7304,Limited-access,22811,5703
baseline,stage2,sigp/lighthouse,7304,Immutable data,22609,5653
baseline,stage2,sigp/lighthouse,7304,Mutable data,22516,5629
baseline,stage2,sigp/lighthouse,7304,Append-only data,22552,5638
baseline,stage2,sigp/lighthouse,7304,Data compression,23384,5846
baseline,stage2,sigp/lighthouse,7304,Data separation,22553,5639
baseline,stage2,sigp/lighthouse,7304,Homomorphic encryption,22264,5566
baseline,stage2,sigp/lighthouse,7304,Zero-knowledge proof,22301,5576
baseline,stage2,sigp/lighthouse,7304,Commit and Reveal,22308,5577
baseline,stage2,sigp/lighthouse,7304,Snapshotting,22261,5566
baseline,stage2,sigp/lighthouse,7304,State initialization,22229,5558
baseline,stage2,sigp/lighthouse,7304,Establish genesis,22216,5554
baseline,stage2,sigp/lighthouse,7304,Smart contract translation,22315,5579
baseline,stage2,sigp/lighthouse,7304,Tokenization,21681,5421
baseline,stage2,sigp/lighthouse,7304,Self-generated transactions,22231,5558
baseline,stage2,sigp/lighthouse,7304,Self-Confirmed Transactions,22234,5559
baseline,stage2,sigp/lighthouse,7304,Delegated Transactions,22234,5559
baseline,stage2,sigp/lighthouse,7304,Packing variables,22879,5720
baseline,stage2,sigp/lighthouse,7304,Packing booleans,22856,5714
baseline,stage2,sigp/lighthouse,7304,Unit vs Unit256,22823,5706
baseline,stage2,sigp/lighthouse,7304,Mapping vs Array,22555,5639
baseline,stage2,sigp/lighthouse,7304,Freeing storage,22546,5637
baseline,stage2,ipfs/js-ipfs,4085,Ticker tape,19078,4770
baseline,stage2,ipfs/js-ipfs,4085,Oracle,19103,4776
baseline,stage2,ipfs/js-ipfs,4085,Reverse Oracle,19042,4761
baseline,stage2,ipfs/js-ipfs,4085,Pull-based inbound oracle,19033,4759
baseline,stage2,ipfs/js-ipfs,4085,Push-based inbound oracle,19059,4765
baseline,stage2,ipfs/js-ipfs,4085,State Channel,19256,4814
baseline,stage2,ipfs/js-ipfs,4085,Off-chain Contract Registry,20514,5129
baseline,stage2,ipfs/js-ipfs,4085,Legal and smart contract pair,19287,4822
baseline,stage2,ipfs/js-ipfs,4085,Off-chain data storage,19878,4970
baseline,stage2,ipfs/js-ipfs,4085,Confidential and pseudo-anonymous contract enforcement,19308,4827
baseline,stage2,ipfs/js-ipfs,4085,Off-chain Signatures,19264,4816
baseline,stage2,ipfs/js-ipfs,4085,Delegated Computation,19547,4887
baseline,stage2,ipfs/js-ipfs,4085,Master & Sub Key,17931,4483
baseline,stage2,ipfs/js-ipfs,4085,Hot & Cold Wallet Storage,17981,4496
baseline,stage2,ipfs/js-ipfs,4085,Key Sharding,17946,4487
baseline,stage2,ipfs/js-ipfs,4085,X-confirmation,17302,4326
baseline,stage2,ipfs/js-ipfs,4085,Blockchain BP Engine,17649,4413
baseline,stage2,ipfs/js-ipfs,4085,Smart Contract Activities,17674,4419
baseline,stage2,ipfs/js-ipfs,4085,Decentralize business process,17716,4429
baseline,stage2,ipfs/js-ipfs,4085,Identifier Registry,18406,4602
baseline,stage2,ipfs/js-ipfs,4085,Multiple Registration,18383,4596
baseline,stage2,ipfs/js-ipfs,4085,Bound with Social Media,18384,4596
baseline,stage2,ipfs/js-ipfs,4085,Dual Resolution,18349,4588
baseline,stage2,ipfs/js-ipfs,4085,Delegate List,18375,4594
baseline,stage2,ipfs/js-ipfs,4085,Blockchain Security Pattern for Big Data Ecosystems,17301,4326
baseline,stage2,ipfs/js-ipfs,4085,Blockchain-based reputation system,19912,4978
baseline,stage2,ipfs/js-ipfs,4085,Vote,19891,4973
baseline,stage2,ipfs/js-ipfs,4085,Blocklist,19858,4965
baseline,stage2,ipfs/js-ipfs,4085,Announcement,19869,4968
baseline,stage2,ipfs/js-ipfs,4085,Bulletin Board,19866,4967
baseline,stage2,ipfs/js-ipfs,4085,Randomness,19917,4980
baseline,stage2,ipfs/js-ipfs,4085,Poll,19866,4967
baseline,stage2,ipfs/js-ipfs,4085,Selective Content Generation,19898,4975
baseline,stage2,ipfs/js-ipfs,4085,Time-Constrained Access,19896,4974
baseline,stage2,ipfs/js-ipfs,4085,One-Off Access,19858,4965
baseline,stage2,ipfs/js-ipfs,4085,Digital Record,20563,5141
baseline,stage2,ipfs/js-ipfs,4085,State machine,19943,4986
baseline,stage2,ipfs/js-ipfs,4085,Proxy contract,19913,4979
baseline,stage2,ipfs/js-ipfs,4085,Contract Registry (on-chain),19910,4978
baseline,stage2,ipfs/js-ipfs,4085,Factory contract,19592,4898
baseline,stage2,ipfs/js-ipfs,4085,Data contract,19861,4966
baseline,stage2,ipfs/js-ipfs,4085,Router contract,19951,4988
baseline,stage2,ipfs/js-ipfs,4085,Relay contract,19567,4892
baseline,stage2,ipfs/js-ipfs,4085,Emergency stop,19567,4892
baseline,stage2,ipfs/js-ipfs,4085,Mortal,19741,4936
baseline,stage2,ipfs/js-ipfs,4085,Check-Effects-Interactions,18425,4607
baseline,stage2,ipfs/js-ipfs,4085,Mutex,18339,4585
baseline,stage2,ipfs/js-ipfs,4085,Guard check,18408,4602
baseline,stage2,ipfs/js-ipfs,4085,Rate limit,18350,4588
baseline,stage2,ipfs/js-ipfs,4085,Balance limit,18361,4591
baseline,stage2,ipfs/js-ipfs,4085,Low contract footprint,18866,4717
baseline,stage2,ipfs/js-ipfs,4085,Loop unrolling,18816,4704
baseline,stage2,ipfs/js-ipfs,4085,Contract size limit,18800,4700
baseline,stage2,ipfs/js-ipfs,4085,Off-chain computation,19120,4780
baseline,stage2,ipfs/js-ipfs,4085,State anchoring,19451,4863
baseline,stage2,ipfs/js-ipfs,4085,Data refresh,20531,5133
baseline,stage2,ipfs/js-ipfs,4085,Ownable,18456,4614
baseline,stage2,ipfs/js-ipfs,4085,Role-based control,18439,4610
baseline,stage2,ipfs/js-ipfs,4085,Permissioned actions,18446,4612
baseline,stage2,ipfs/js-ipfs,4085,Implicit authorization,18488,4622
baseline,stage2,ipfs/js-ipfs,4085,Limited-access,18468,4617
baseline,stage2,ipfs/js-ipfs,4085,Immutable data,18266,4567
baseline,stage2,ipfs/js-ipfs,4085,Mutable data,18173,4544
baseline,stage2,ipfs/js-ipfs,4085,Append-only data,18209,4553
baseline,stage2,ipfs/js-ipfs,4085,Data compression,19041,4761
baseline,stage2,ipfs/js-ipfs,4085,Data separation,18210,4553
baseline,stage2,ipfs/js-ipfs,4085,Homomorphic encryption,17921,4481
baseline,stage2,ipfs/js-ipfs,4085,Zero-knowledge proof,17958,4490
baseline,stage2,ipfs/js-ipfs,4085,Commit and Reveal,17965,4492
baseline,stage2,ipfs/js-ipfs,4085,Snapshotting,17918,4480
baseline,stage2,ipfs/js-ipfs,4085,State initialization,17886,4472
baseline,stage2,ipfs/js-ipfs,4085,Establish genesis,17873,4469
baseline,stage2,ipfs/js-ipfs,4085,Smart contract translation,17972,4493
baseline,stage2,ipfs/js-ipfs,4085,Tokenization,17338,4335
baseline,stage2,ipfs/js-ipfs,4085,Self-generated transactions,17888,4472
baseline,stage2,ipfs/js-ipfs,4085,Self-Confirmed Transactions,17891,4473
baseline,stage2,ipfs/js-ipfs,4085,Delegated Transactions,17891,4473
baseline,stage2,ipfs/js-ipfs,4085,Packing variables,18536,4634
baseline,stage2,ipfs/js-ipfs,4085,Packing booleans,18513,4629
baseline,stage2,ipfs/js-ipfs,4085,Unit vs Unit256,18480,4620
baseline,stage2,ipfs/js-ipfs,4085,Mapping vs Array,18212,4553
baseline,stage2,ipfs/js-ipfs,4085,Freeing storage,18203,4551
baseline,stage2,Consensys/Token-Factory,53,Ticker tape,19102,4776
baseline,stage2,Consensys/Token-Factory,53,Oracle,19127,4782
baseline,stage2,Consensys/Token-Factory,53,Reverse Oracle,19066,4767
baseline,stage2,Consensys/Token-Factory,53,Pull-based inbound oracle,19057,4765
baseline,stage2,Consensys/Token-Factory,53,Push-based inbound oracle,19083,4771
baseline,stage2,Consensys/Token-Factory,53,State Channel,19280,4820
baseline,stage2,Consensys/Token-Factory,53,Off-chain Contract Registry,20538,5135
baseline,stage2,Consensys/Token-Factory,53,Legal and smart contract pair,19311,4828
baseline,stage2,Consensys/Token-Factory,53,Off-chain data storage,19902,4976
baseline,stage2,Consensys/Token-Factory,53,Confidential and pseudo-anonymous contract enforcement,19332,4833
baseline,stage2,Consensys/Token-Factory,53,Off-chain Signatures,19288,4822
baseline,stage2,Consensys/Token-Factory,53,Delegated Computation,19571,4893
baseline,stage2,Consensys/Token-Factory,53,Master & Sub Key,17955,4489
baseline,stage2,Consensys/Token-Factory,53,Hot & Cold Wallet Storage,18005,4502
baseline,stage2,Consensys/Token-Factory,53,Key Sharding,17970,4493
baseline,stage2,Consensys/Token-Factory,53,X-confirmation,17326,4332
baseline,stage2,Consensys/Token-Factory,53,Blockchain BP Engine,17673,4419
baseline,stage2,Consensys/Token-Factory,53,Smart Contract Activities,17698,4425
baseline,stage2,Consensys/Token-Factory,53,Decentralize business process,17740,4435
baseline,stage2,Consensys/Token-Factory,53,Identifier Registry,18430,4608
baseline,stage2,Consensys/Token-Factory,53,Multiple Registration,18407,4602
baseline,stage2,Consensys/Token-Factory,53,Bound with Social Media,18408,4602
baseline,stage2,Consensys/Token-Factory,53,Dual Resolution,18373,4594
baseline,stage2,Consensys/Token-Factory,53,Delegate List,18399,4600
baseline,stage2,Consensys/Token-Factory,53,Blockchain Security Pattern for Big Data Ecosystems,17325,4332
baseline,stage2,Consensys/Token-Factory,53,Blockchain-based reputation system,19936,4984
baseline,stage2,Consensys/Token-Factory,53,Vote,19915,4979
baseline,stage2,Consensys/Token-Factory,53,Blocklist,19882,4971
baseline,stage2,Consensys/Token-Factory,53,Announcement,19893,4974
baseline,stage2,Consensys/Token-Factory,53,Bulletin Board,19890,4973
baseline,stage2,Consensys/Token-Factory,53,Randomness,19941,4986
baseline,stage2,Consensys/Token-Factory,53,Poll,19890,4973
baseline,stage2,Consensys/Token-Factory,53,Selective Content Generation,19922,4981
baseline,stage2,Consensys/Token-Factory,53,Time-Constrained Access,19920,4980
baseline,stage2,Consensys/Token-Factory,53,One-Off Access,19882,4971
baseline,stage2,Consensys/Token-Factory,53,Digital Record,20587,5147
baseline,stage2,Consensys/Token-Factory,53,State machine,19967,4992
baseline,stage2,Consensys/Token-Factory,53,Proxy contract,19937,4985
baseline,stage2,Consensys/Token-Factory,53,Contract Registry (on-chain),19934,4984
baseline,stage2,Consensys/Token-Factory,53,Factory contract,19616,4904
baseline,stage2,Consensys/Token-Factory,53,Data contract,19885,4972
baseline,stage2,Consensys/Token-Factory,53,Router contract,19975,4994
baseline,stage2,Consensys/Token-Factory,53,Relay contract,19591,4898
baseline,stage2,Consensys/Token-Factory,53,Emergency stop,19591,4898
baseline,stage2,Consensys/Token-Factory,53,Mortal,19765,4942
baseline,stage2,Consensys/Token-Factory,53,Check-Effects-Interactions,18449,4613
baseline,stage2,Consensys/Token-Factory,53,Mutex,18363,4591
baseline,stage2,Consensys/Token-Factory,53,Guard check,18432,4608
baseline,stage2,Consensys/Token-Factory,53,Rate limit,18374,4594
baseline,stage2,Consensys/Token-Factory,53,Balance limit,18385,4597
baseline,stage2,Consensys/Token-Factory,53,Low contract footprint,18890,4723
baseline,stage2,Consensys/Token-Factory,53,Loop unrolling,18840,4710
baseline,stage2,Consensys/Token-Factory,53,Contract size limit,18824,4706
baseline,stage2,Consensys/Token-Factory,53,Off-chain computation,19144,4786
baseline,stage2,Consensys/Token-Factory,53,State anchoring,19475,4869
baseline,stage2,Consensys/Token-Factory,53,Data refresh,20555,5139
baseline,stage2,Consensys/Token-Factory,53,Ownable,18480,4620
baseline,stage2,Consensys/Token-Factory,53,Role-based control,18463,4616
baseline,stage2,Consensys/Token-Factory,53,Permissioned actions,18470,4618
baseline,stage2,Consensys/Token-Factory,53,Implicit authorization,18512,4628
baseline,stage2,Consensys/Token-Factory,53,Limited-access,18492,4623
baseline,stage2,Consensys/Token-Factory,53,Immutable data,18290,4573
baseline,stage2,Consensys/Token-Factory,53,Mutable data,18197,4550
baseline,stage2,Consensys/Token-Factory,53,Append-only data,18233,4559
baseline,stage2,Consensys/Token-Factory,53,Data compression,19065,4767
baseline,stage2,Consensys/Token-Factory,53,Data separation,18234,4559
baseline,stage2,Consensys/Token-Factory,53,Homomorphic encryption,17945,4487
baseline,stage2,Consensys/Token-Factory,53,Zero-knowledge proof,17982,4496
baseline,stage2,Consensys/Token-Factory,53,Commit and Reveal,17989,4498
baseline,stage2,Consensys/Token-Factory,53,Snapshotting,17942,4486
baseline,stage2,Consensys/Token-Factory,53,State initialization,17910,4478
baseline,stage2,Consensys/Token-Factory,53,Establish genesis,17897,4475
baseline,stage2,Consensys/Token-Factory,53,Smart contract translation,17996,4499
baseline,stage2,Consensys/Token-Factory,53,Tokenization,17362,4341
baseline,stage2,Consensys/Token-Factory,53,Self-generated transactions,17912,4478
baseline,stage2,Consensys/Token-Factory,53,Self-Confirmed Transactions,17915,4479
baseline,stage2,Consensys/Token-Factory,53,Delegated Transactions,17915,4479
baseline,stage2,Consensys/Token-Factory,53,Packing variables,18560,4640
baseline,stage2,Consensys/Token-Factory,53,Packing booleans,18537,4635
baseline,stage2,Consensys/Token-Factory,53,Unit vs Unit256,18504,4626
baseline,stage2,Consensys/Token-Factory,53,Mapping vs Array,18236,4559
baseline,stage2,Consensys/Token-Factory,53,Freeing storage,18227,4557
baseline,stage2,INFURA/infura,81,Ticker tape,19204,4801
baseline,stage2,INFURA/infura,81,Oracle,19229,4808
baseline,stage2,INFURA/infura,81,Reverse Oracle,19168,4792
baseline,stage2,INFURA/infura,81,Pull-based inbound oracle,19159,4790
baseline,stage2,INFURA/infura,81,Push-based inbound oracle,19185,4797
baseline,stage2,INFURA/infura,81,State Channel,19382,4846
baseline,stage2,INFURA/infura,81,Off-chain Contract Registry,20640,5160
baseline,stage2,INFURA/infura,81,Legal and smart contract pair,19413,4854
baseline,stage2,INFURA/infura,81,Off-chain data storage,20004,5001
baseline,stage2,INFURA/infura,81,Confidential and pseudo-anonymous contract enforcement,19434,4859
baseline,stage2,INFURA/infura,81,Off-chain Signatures,19390,4848
baseline,stage2,INFURA/infura,81,Delegated Computation,19673,4919
baseline,stage2,INFURA/infura,81,Master & Sub Key,18057,4515
baseline,stage2,INFURA/infura,81,Hot & Cold Wallet Storage,18107,4527
baseline,stage2,INFURA/infura,81,Key Sharding,18072,4518
baseline,stage2,INFURA/infura,81,X-confirmation,17428,4357
baseline,stage2,INFURA/infura,81,Blockchain BP Engine,17775,4444
baseline,stage2,INFURA/infura,81,Smart Contract Activities,17800,4450
baseline,stage2,INFURA/infura,81,Decentralize business process,17842,4461
baseline,stage2,INFURA/infura,81,Identifier Registry,18532,4633
baseline,stage2,INFURA/infura,81,Multiple Registration,18509,4628
baseline,stage2,INFURA/infura,81,Bound with Social Media,18510,4628
baseline,stage2,INFURA/infura,81,Dual Resolution,18475,4619
baseline,stage2,INFURA/infura,81,Delegate List,18501,4626
baseline,stage2,INFURA/infura,81,Blockchain Security Pattern for Big Data Ecosystems,17427,4357
baseline,stage2,INFURA/infura,81,Blockchain-based reputation system,20038,5010
baseline,stage2,INFURA/infura,81,Vote,20017,5005
baseline,stage2,INFURA/infura,81,Blocklist,19984,4996
baseline,stage2,INFURA/infura,81,Announcement,19995,4999
baseline,stage2,INFURA/infura,81,Bulletin Board,19992,4998
baseline,stage2,INFURA/infura,81,Randomness,20043,5011
baseline,stage2,INFURA/infura,81,Poll,19992,4998
baseline,stage2,INFURA/infura,81,Selective Content Generation,20024,5006
baseline,stage2,INFURA/infura,81,Time-Constrained Access,20022,5006
baseline,stage2,INFURA/infura,81,One-Off Access,19984,4996
baseline,stage2,INFURA/infura,81,Digital Record,20689,5173
baseline,stage2,INFURA/infura,81,State machine,20069,5018
baseline,stage2,INFURA/infura,81,Proxy contract,20039,5010
baseline,stage2,INFURA/infura,81,Contract Registry (on-chain),20036,5009
baseline,stage2,INFURA/infura,81,Factory contract,19718,4930
baseline,stage2,INFURA/infura,81,Data contract,19987,4997
baseline,stage2,INFURA/infura,81,Router contract,20077,5020
baseline,stage2,INFURA/infura,81,Relay contract,19693,4924
baseline,stage2,INFURA/infura,81,Emergency stop,19693,4924
baseline,stage2,INFURA/infura,81,Mortal,19867,4967
baseline,stage2,INFURA/infura,81,Check-Effects-Interactions,18551,4638
baseline,stage2,INFURA/infura,81,Mutex,18465,4617
baseline,stage2,INFURA/infura,81,Guard check,18534,4634
baseline,stage2,INFURA/infura,81,Rate limit,18476,4619
baseline,stage2,INFURA/infura,81,Balance limit,18487,4622
baseline,stage2,INFURA/infura,81,Low contract footprint,18992,4748
baseline,stage2,INFURA/infura,81,Loop unrolling,18942,4736
baseline,stage2,INFURA/infura,81,Contract size limit,18926,4732
baseline,stage2,INFURA/infura,81,Off-chain computation,19246,4812
baseline,stage2,INFURA/infura,81,State anchoring,19577,4895
baseline,stage2,INFURA/infura,81,Data refresh,20657,5165
baseline,stage2,INFURA/infura,81,Ownable,18582,4646
baseline,stage2,INFURA/infura,81,Role-based control,18565,4642
baseline,stage2,INFURA/infura,81,Permissioned actions,18572,4643
baseline,stage2,INFURA/infura,81,Implicit authorization,18614,4654
baseline,stage2,INFURA/infura,81,Limited-access,18594,4649
baseline,stage2,INFURA/infura,81,Immutable data,18392,4598
baseline,stage2,INFURA/infura,81,Mutable data,18299,4575
baseline,stage2,INFURA/infura,81,Append-only data,18335,4584
baseline,stage2,INFURA/infura,81,Data compression,19167,4792
baseline,stage2,INFURA/infura,81,Data separation,18336,4584
baseline,stage2,INFURA/infura,81,Homomorphic encryption,18047,4512
baseline,stage2,INFURA/infura,81,Zero-knowledge proof,18084,4521
baseline,stage2,INFURA/infura,81,Commit and Reveal,18091,4523
baseline,stage2,INFURA/infura,81,Snapshotting,18044,4511
baseline,stage2,INFURA/infura,81,State initialization,18012,4503
baseline,stage2,INFURA/infura,81,Establish genesis,17999,4500
baseline,stage2,INFURA/infura,81,Smart contract translation,18098,4525
baseline,stage2,INFURA/infura,81,Tokenization,17464,4366
baseline,stage2,INFURA/infura,81,Self-generated transactions,18014,4504
baseline,stage2,INFURA/infura,81,Self-Confirmed Transactions,18017,4505
baseline,stage2,INFURA/infura,81,Delegated Transactions,18017,4505
baseline,stage2,INFURA/infura,81,Packing variables,18662,4666
baseline,stage2,INFURA/infura,81,Packing booleans,18639,4660
baseline,stage2,INFURA/infura,81,Unit vs Unit256,18606,4652
baseline,stage2,INFURA/infura,81,Mapping vs Array,18338,4585
baseline,stage2,INFURA/infura,81,Freeing storage,18329,4583
baseline,stage2,paritytech/polkadot-sdk,9497,Ticker tape,19240,4810
baseline,stage2,paritytech/polkadot-sdk,9497,Oracle,19265,4817
baseline,stage2,paritytech/polkadot-sdk,9497,Reverse Oracle,19204,4801
baseline,stage2,paritytech/polkadot-sdk,9497,Pull-based inbound oracle,19195,4799
baseline,stage2,paritytech/polkadot-sdk,9497,Push-based inbound oracle,19221,4806
baseline,stage2,paritytech/polkadot-sdk,9497,State Channel,19418,4855
baseline,stage2,paritytech/polkadot-sdk,9497,Off-chain Contract Registry,20676,5169
baseline,stage2,paritytech/polkadot-sdk,9497,Legal and smart contract pair,19449,4863
baseline,stage2,paritytech/polkadot-sdk,9497,Off-chain data storage,20040,5010
baseline,stage2,paritytech/polkadot-sdk,9497,Confidential and pseudo-anonymous contract enforcement,19470,4868
baseline,stage2,paritytech/polkadot-sdk,9497,Off-chain Signatures,19426,4857
baseline,stage2,paritytech/polkadot-sdk,9497,Delegated Computation,19709,4928
baseline,stage2,paritytech/polkadot-sdk,9497,Master & Sub Key,18093,4524
baseline,stage2,paritytech/polkadot-sdk,9497,Hot & Cold Wallet Storage,18143,4536
baseline,stage2,paritytech/polkadot-sdk,9497,Key Sharding,18108,4527
baseline,stage2,paritytech/polkadot-sdk,9497,X-confirmation,17464,4366
baseline,stage2,paritytech/polkadot-sdk,9497,Blockchain BP Engine,17811,4453
baseline,stage2,paritytech/polkadot-sdk,9497,Smart Contract Activities,17836,4459
baseline,stage2,paritytech/polkadot-sdk,9497,Decentralize business process,17878,4470
baseline,stage2,paritytech/polkadot-sdk,9497,Identifier Registry,18568,4642
baseline,stage2,paritytech/polkadot-sdk,9497,Multiple Registration,18545,4637
baseline,stage2,paritytech/polkadot-sdk,9497,Bound with Social Media,18546,4637
baseline,stage2,paritytech/polkadot-sdk,9497,Dual Resolution,18511,4628
baseline,stage2,paritytech/polkadot-sdk,9497,Delegate List,18537,4635
baseline,stage2,paritytech/polkadot-sdk,9497,Blockchain Security Pattern for Big Data Ecosystems,17463,4366
baseline,stage2,paritytech/polkadot-sdk,9497,Blockchain-based reputation system,20074,5019
baseline,stage2,paritytech/polkadot-sdk,9497,Vote,20053,5014
baseline,stage2,paritytech/polkadot-sdk,9497,Blocklist,20020,5005
baseline,stage2,paritytech/polkadot-sdk,9497,Announcement,20031,5008
baseline,stage2,paritytech/polkadot-sdk,9497,Bulletin Board,20028,5007
baseline,stage2,paritytech/polkadot-sdk,9497,Randomness,20079,5020
baseline,stage2,paritytech/polkadot-sdk,9497,Poll,20028,5007
baseline,stage2,paritytech/polkadot-sdk,9497,Selective Content Generation,20060,5015
baseline,stage2,paritytech/polkadot-sdk,9497,Time-Constrained Access,20058,5015
baseline,stage2,paritytech/polkadot-sdk,9497,One-Off Access,20020,5005
baseline,stage2,paritytech/polkadot-sdk,9497,Digital Record,20725,5182
baseline,stage2,paritytech/polkadot-sdk,9497,State machine,20105,5027
baseline,stage2,paritytech/polkadot-sdk,9497,Proxy contract,20075,5019
baseline,stage2,paritytech/polkadot-sdk,9497,Contract Registry (on-chain),20072,5018
baseline,stage2,paritytech/polkadot-sdk,9497,Factory contract,19754,4939
baseline,stage2,paritytech/polkadot-sdk,9497,Data contract,20023,5006
baseline,stage2,paritytech/polkadot-sdk,9497,Router contract,20113,5029
baseline,stage2,paritytech/polkadot-sdk,9497,Relay contract,19729,4933
baseline,stage2,paritytech/polkadot-sdk,9497,Emergency stop,19729,4933
baseline,stage2,paritytech/polkadot-sdk,9497,Mortal,19903,4976
baseline,stage2,paritytech/polkadot-sdk,9497,Check-Effects-Interactions,18587,4647
baseline,stage2,paritytech/polkadot-sdk,9497,Mutex,18501,4626
baseline,stage2,paritytech/polkadot-sdk,9497,Guard check,18570,4643
baseline,stage2,paritytech/polkadot-sdk,9497,Rate limit,18512,4628
baseline,stage2,paritytech/polkadot-sdk,9497,Balance limit,18523,4631
baseline,stage2,paritytech/polkadot-sdk,9497,Low contract footprint,19028,4757
baseline,stage2,paritytech/polkadot-sdk,9497,Loop unrolling,18978,4745
baseline,stage2,paritytech/polkadot-sdk,9497,Contract size limit,18962,4741
baseline,stage2,paritytech/polkadot-sdk,9497,Off-chain computation,19282,4821
baseline,stage2,paritytech/polkadot-sdk,9497,State anchoring,19613,4904
baseline,stage2,paritytech/polkadot-sdk,9497,Data refresh,20693,5174
baseline,stage2,paritytech/polkadot-sdk,9497,Ownable,18618,4655
baseline,stage2,paritytech/polkadot-sdk,9497,Role-based control,18601,4651
baseline,stage2,paritytech/polkadot-sdk,9497,Permissioned actions,18608,4652
baseline,stage2,paritytech/polkadot-sdk,9497,Implicit authorization,18650,4663
baseline,stage2,paritytech/polkadot-sdk,9497,Limited-access,18630,4658
baseline,stage2,paritytech/polkadot-sdk,9497,Immutable data,18428,4607
baseline,stage2,paritytech/polkadot-sdk,9497,Mutable data,18335,4584
baseline,stage2,paritytech/polkadot-sdk,9497,Append-only data,18371,4593
baseline,stage2,paritytech/polkadot-sdk,9497,Data compression,19203,4801
baseline,stage2,paritytech/polkadot-sdk,9497,Data separation,18372,4593
baseline,stage2,paritytech/polkadot-sdk,9497,Homomorphic encryption,18083,4521
baseline,stage2,paritytech/polkadot-sdk,9497,Zero-knowledge proof,18120,4530
baseline,stage2,paritytech/polkadot-sdk,9497,Commit and Reveal,18127,4532
baseline,stage2,paritytech/polkadot-sdk,9497,Snapshotting,18080,4520
baseline,stage2,paritytech/polkadot-sdk,9497,State initialization,18048,4512
baseline,stage2,paritytech/polkadot-sdk,9497,Establish genesis,18035,4509
baseline,stage2,paritytech/polkadot-sdk,9497,Smart contract translation,18134,4534
baseline,stage2,paritytech/polkadot-sdk,9497,Tokenization,17500,4375
baseline,stage2,paritytech/polkadot-sdk,9497,Self-generated transactions,18050,4513
baseline,stage2,paritytech/polkadot-sdk,9497,Self-Confirmed Transactions,18053,4514
baseline,stage2,paritytech/polkadot-sdk,9497,Delegated Transactions,18053,4514
baseline,stage2,paritytech/polkadot-sdk,9497,Packing variables,18698,4675
baseline,stage2,paritytech/polkadot-sdk,9497,Packing booleans,18675,4669
baseline,stage2,paritytech/polkadot-sdk,9497,Unit vs Unit256,18642,4661
baseline,stage2,paritytech/polkadot-sdk,9497,Mapping vs Array,18374,4594
baseline,stage2,paritytech/polkadot-sdk,9497,Freeing storage,18365,4592
baseline,stage2,sigp/lighthouse,3582,Ticker tape,25622,6406
baseline,stage2,sigp/lighthouse,3582,Oracle,25647,6412
baseline,stage2,sigp/lighthouse,3582,Reverse Oracle,25586,6397
baseline,stage2,sigp/lighthouse,3582,Pull-based inbound oracle,25577,6395
baseline,stage2,sigp/lighthouse,3582,Push-based inbound oracle,25603,6401
baseline,stage2,sigp/lighthouse,3582,State Channel,25800,6450
baseline,stage2,sigp/lighthouse,3582,Off-chain Contract Registry,27058,6765
baseline,stage2,sigp/lighthouse,3582,Legal and smart contract pair,25831,6458
baseline,stage2,sigp/lighthouse,3582,Off-chain data storage,26422,6606
baseline,stage2,sigp/lighthouse,3582,Confidential and pseudo-anonymous contract enforcement,25852,6463
baseline,stage2,sigp/lighthouse,3582,Off-chain Signatures,25808,6452
baseline,stage2,sigp/lighthouse,3582,Delegated Computation,26091,6523
baseline,stage2,sigp/lighthouse,3582,Master & Sub Key,24475,6119
baseline,stage2,sigp/lighthouse,3582,Hot & Cold Wallet Storage,24525,6132
baseline,stage2,sigp/lighthouse,3582,Key Sharding,24490,6123
baseline,stage2,sigp/lighthouse,3582,X-confirmation,23846,5962
baseline,stage2,sigp/lighthouse,3582,Blockchain BP Engine,24193,6049
baseline,stage2,sigp/lighthouse,3582,Smart Contract Activities,24218,6055
baseline,stage2,sigp/lighthouse,3582,Decentralize business process,24260,6065
baseline,stage2,sigp/lighthouse,3582,Identifier Registry,24950,6238
baseline,stage2,sigp/lighthouse,3582,Multiple Registration,24927,6232
baseline,stage2,sigp/lighthouse,3582,Bound with Social Media,24928,6232
baseline,stage2,sigp/lighthouse,3582,Dual Resolution,24893,6224
baseline,stage2,sigp/lighthouse,3582,Delegate List,24919,6230
baseline,stage2,sigp/lighthouse,3582,Blockchain Security Pattern for Big Data Ecosystems,23845,5962
baseline,stage2,sigp/lighthouse,3582,Blockchain-based reputation system,26456,6614
baseline,stage2,sigp/lighthouse,3582,Vote,26435,6609
baseline,stage2,sigp/lighthouse,3582,Blocklist,26402,6601
baseline,stage2,sigp/lighthouse,3582,Announcement,26413,6604
baseline,stage2,sigp/lighthouse,3582,Bulletin Board,26410,6603
baseline,stage2,sigp/lighthouse,3582,Randomness,26461,6616
baseline,stage2,sigp/lighthouse,3582,Poll,26410,6603
baseline,stage2,sigp/lighthouse,3582,Selective Content Generation,26442,6611
baseline,stage2,sigp/lighthouse,3582,Time-Constrained Access,26440,6610
baseline,stage2,sigp/lighthouse,3582,One-Off Access,26402,6601
baseline,stage2,sigp/lighthouse,3582,Digital Record,27107,6777
baseline,stage2,sigp/lighthouse,3582,State machine,26487,6622
baseline,stage2,sigp/lighthouse,3582,Proxy contract,26457,6615
baseline,stage2,sigp/lighthouse,3582,Contract Registry (on-chain),26454,6614
baseline,stage2,sigp/lighthouse,3582,Factory contract,26136,6534
baseline,stage2,sigp/lighthouse,3582,Data contract,26405,6602
baseline,stage2,sigp/lighthouse,3582,Router contract,26495,6624
baseline,stage2,sigp/lighthouse,3582,Relay contract,26111,6528
baseline,stage2,sigp/lighthouse,3582,Emergency stop,26111,6528
baseline,stage2,sigp/lighthouse,3582,Mortal,26285,6572
baseline,stage2,sigp/lighthouse,3582,Check-Effects-Interactions,24969,6243
baseline,stage2,sigp/lighthouse,3582,Mutex,24883,6221
baseline,stage2,sigp/lighthouse,3582,Guard check,24952,6238
baseline,stage2,sigp/lighthouse,3582,Rate limit,24894,6224
baseline,stage2,sigp/lighthouse,3582,Balance limit,24905,6227
baseline,stage2,sigp/lighthouse,3582,Low contract footprint,25410,6353
baseline,stage2,sigp/lighthouse,3582,Loop unrolling,25360,6340
baseline,stage2,sigp/lighthouse,3582,Contract size limit,25344,6336
baseline,stage2,sigp/lighthouse,3582,Off-chain computation,25664,6416
baseline,stage2,sigp/lighthouse,3582,State anchoring,25995,6499
baseline,stage2,sigp/lighthouse,3582,Data refresh,27075,6769
baseline,stage2,sigp/lighthouse,3582,Ownable,25000,6250
baseline,stage2,sigp/lighthouse,3582,Role-based control,24983,6246
baseline,stage2,sigp/lighthouse,3582,Permissioned actions,24990,6248
baseline,stage2,sigp/lighthouse,3582,Implicit authorization,25032,6258
baseline,stage2,sigp/lighthouse,3582,Limited-access,25012,6253
baseline,stage2,sigp/lighthouse,3582,Immutable data,24810,6203
baseline,stage2,sigp/lighthouse,3582,Mutable data,24717,6180
baseline,stage2,sigp/lighthouse,3582,Append-only data,24753,6189
baseline,stage2,sigp/lighthouse,3582,Data compression,25585,6397
baseline,stage2,sigp/lighthouse,3582,Data separation,24754,6189
baseline,stage2,sigp/lighthouse,3582,Homomorphic encryption,24465,6117
baseline,stage2,sigp/lighthouse,3582,Zero-knowledge proof,24502,6126
baseline,stage2,sigp/lighthouse,3582,Commit and Reveal,24509,6128
baseline,stage2,sigp/lighthouse,3582,Snapshotting,24462,6116
baseline,stage2,sigp/lighthouse,3582,State initialization,24430,6108
baseline,stage2,sigp/lighthouse,3582,Establish genesis,24417,6105
baseline,stage2,sigp/lighthouse,3582,Smart contract translation,24516,6129
baseline,stage2,sigp/lighthouse,3582,Tokenization,23882,5971
baseline,stage2,sigp/lighthouse,3582,Self-generated transactions,24432,6108
baseline,stage2,sigp/lighthouse,3582,Self-Confirmed Transactions,24435,6109
baseline,stage2,sigp/lighthouse,3582,Delegated Transactions,24435,6109
baseline,stage2,sigp/lighthouse,3582,Packing variables,25080,6270
baseline,stage2,sigp/lighthouse,3582,Packing booleans,25057,6265
baseline,stage2,sigp/lighthouse,3582,Unit vs Unit256,25024,6256
baseline,stage2,sigp/lighthouse,3582,Mapping vs Array,24756,6189
baseline,stage2,sigp/lighthouse,3582,Freeing storage,24747,6187
baseline,stage2,paritytech/substrate,3885,Ticker tape,23312,5828
baseline,stage2,paritytech/substrate,3885,Oracle,23337,5835
baseline,stage2,paritytech/substrate,3885,Reverse Oracle,23276,5819
baseline,stage2,paritytech/substrate,3885,Pull-based inbound oracle,23267,5817
baseline,stage2,paritytech/substrate,3885,Push-based inbound oracle,23293,5824
baseline,stage2,paritytech/substrate,3885,State Channel,23490,5873
baseline,stage2,paritytech/substrate,3885,Off-chain Contract Registry,24748,6187
baseline,stage2,paritytech/substrate,3885,Legal and smart contract pair,23521,5881
baseline,stage2,paritytech/substrate,3885,Off-chain data storage,24112,6028
baseline,stage2,paritytech/substrate,3885,Confidential and pseudo-anonymous contract enforcement,23542,5886
baseline,stage2,paritytech/substrate,3885,Off-chain Signatures,23498,5875
baseline,stage2,paritytech/substrate,3885,Delegated Computation,23781,5946
baseline,stage2,paritytech/substrate,3885,Master & Sub Key,22165,5542
baseline,stage2,paritytech/substrate,3885,Hot & Cold Wallet Storage,22215,5554
baseline,stage2,paritytech/substrate,3885,Key Sharding,22180,5545
baseline,stage2,paritytech/substrate,3885,X-confirmation,21536,5384
baseline,stage2,paritytech/substrate,3885,Blockchain BP Engine,21883,5471
baseline,stage2,paritytech/substrate,3885,Smart Contract Activities,21908,5477
baseline,stage2,paritytech/substrate,3885,Decentralize business process,21950,5488
baseline,stage2,paritytech/substrate,3885,Identifier Registry,22640,5660
baseline,stage2,paritytech/substrate,3885,Multiple Registration,22617,5655
baseline,stage2,paritytech/substrate,3885,Bound with Social Media,22618,5655
baseline,stage2,paritytech/substrate,3885,Dual Resolution,22583,5646
baseline,stage2,paritytech/substrate,3885,Delegate List,22609,5653
baseline,stage2,paritytech/substrate,3885,Blockchain Security Pattern for Big Data Ecosystems,21535,5384
baseline,stage2,paritytech/substrate,3885,Blockchain-based reputation system,24146,6037
baseline,stage2,paritytech/substrate,3885,Vote,24125,6032
baseline,stage2,paritytech/substrate,3885,Blocklist,24092,6023
baseline,stage2,paritytech/substrate,3885,Announcement,24103,6026
baseline,stage2,paritytech/substrate,3885,Bulletin Board,24100,6025
baseline,stage2,paritytech/substrate,3885,Randomness,24151,6038
baseline,stage2,paritytech/substrate,3885,Poll,24100,6025
baseline,stage2,paritytech/substrate,3885,Selective Content Generation,24132,6033
baseline,stage2,paritytech/substrate,3885,Time-Constrained Access,24130,6033
baseline,stage2,paritytech/substrate,3885,One-Off Access,24092,6023
baseline,stage2,paritytech/substrate,3885,Digital Record,24797,6200
baseline,stage2,paritytech/substrate,3885,State machine,24177,6045
baseline,stage2,paritytech/substrate,3885,Proxy contract,24147,6037
baseline,stage2,paritytech/substrate,3885,Contract Registry (on-chain),24144,6036
baseline,stage2,paritytech/substrate,3885,Factory contract,23826,5957
baseline,stage2,paritytech/substrate,3885,Data contract,24095,6024
baseline,stage2,paritytech/substrate,3885,Router contract,24185,6047
baseline,stage2,paritytech/substrate,3885,Relay contract,23801,5951
baseline,stage2,paritytech/substrate,3885,Emergency stop,23801,5951
baseline,stage2,paritytech/substrate,3885,Mortal,23975,5994
baseline,stage2,paritytech/substrate,3885,Check-Effects-Interactions,22659,5665
baseline,stage2,paritytech/substrate,3885,Mutex,22573,5644
baseline,stage2,paritytech/substrate,3885,Guard check,22642,5661
baseline,stage2,paritytech/substrate,3885,Rate limit,22584,5646
baseline,stage2,paritytech/substrate,3885,Balance limit,22595,5649
baseline,stage2,paritytech/substrate,3885,Low contract footprint,23100,5775
baseline,stage2,paritytech/substrate,3885,Loop unrolling,23050,5763
baseline,stage2,paritytech/substrate,3885,Contract size limit,23034,5759
baseline,stage2,paritytech/substrate,3885,Off-chain computation,23354,5839
baseline,stage2,paritytech/substrate,3885,State anchoring,23685,5922
baseline,stage2,paritytech/substrate,3885,Data refresh,24765,6192
baseline,stage2,paritytech/substrate,3885,Ownable,22690,5673
baseline,stage2,paritytech/substrate,3885,Role-based control,22673,5669
baseline,stage2,paritytech/substrate,3885,Permissioned actions,22680,5670
baseline,stage2,paritytech/substrate,3885,Implicit authorization,22722,5681
baseline,stage2,paritytech/substrate,3885,Limited-access,22702,5676
baseline,stage2,paritytech/substrate,3885,Immutable data,22500,5625
baseline,stage2,paritytech/substrate,3885,Mutable data,22407,5602
baseline,stage2,paritytech/substrate,3885,Append-only data,22443,5611
baseline,stage2,paritytech/substrate,3885,Data compression,23275,5819
baseline,stage2,paritytech/substrate,3885,Data separation,22444,5611
baseline,stage2,paritytech/substrate,3885,Homomorphic encryption,22155,5539
baseline,stage2,paritytech/substrate,3885,Zero-knowledge proof,22192,5548
baseline,stage2,paritytech/substrate,3885,Commit and Reveal,22199,5550
baseline,stage2,paritytech/substrate,3885,Snapshotting,22152,5538
baseline,stage2,paritytech/substrate,3885,State initialization,22120,5530
baseline,stage2,paritytech/substrate,3885,Establish genesis,22107,5527
baseline,stage2,paritytech/substrate,3885,Smart contract translation,22206,5552
baseline,stage2,paritytech/substrate,3885,Tokenization,21572,5393
baseline,stage2,paritytech/substrate,3885,Self-generated transactions,22122,5531
baseline,stage2,paritytech/substrate,3885,Self-Confirmed Transactions,22125,5532
baseline,stage2,paritytech/substrate,3885,Delegated Transactions,22125,5532
baseline,stage2,paritytech/substrate,3885,Packing variables,22770,5693
baseline,stage2,paritytech/substrate,3885,Packing booleans,22747,5687
baseline,stage2,paritytech/substrate,3885,Unit vs Unit256,22714,5679
baseline,stage2,paritytech/substrate,3885,Mapping vs Array,22446,5612
baseline,stage2,paritytech/substrate,3885,Freeing storage,22437,5610
baseline,stage2,ipfs/ipfs-companion,415,Ticker tape,19931,4983
baseline,stage2,ipfs/ipfs-companion,415,Oracle,19956,4989
baseline,stage2,ipfs/ipfs-companion,415,Reverse Oracle,19895,4974
baseline,stage2,ipfs/ipfs-companion,415,Pull-based inbound oracle,19886,4972
baseline,stage2,ipfs/ipfs-companion,415,Push-based inbound oracle,19912,4978
baseline,stage2,ipfs/ipfs-companion,415,State Channel,20109,5028
baseline,stage2,ipfs/ipfs-companion,415,Off-chain Contract Registry,21367,5342
baseline,stage2,ipfs/ipfs-companion,415,Legal and smart contract pair,20140,5035
baseline,stage2,ipfs/ipfs-companion,415,Off-chain data storage,20731,5183
baseline,stage2,ipfs/ipfs-companion,415,Confidential and pseudo-anonymous contract enforcement,20161,5041
baseline,stage2,ipfs/ipfs-companion,415,Off-chain Signatures,20117,5030
baseline,stage2,ipfs/ipfs-companion,415,Delegated Computation,20400,5100
baseline,stage2,ipfs/ipfs-companion,415,Master & Sub Key,18784,4696
baseline,stage2,ipfs/ipfs-companion,415,Hot & Cold Wallet Storage,18834,4709
baseline,stage2,ipfs/ipfs-companion,415,Key Sharding,18799,4700
baseline,stage2,ipfs/ipfs-companion,415,X-confirmation,18155,4539
baseline,stage2,ipfs/ipfs-companion,415,Blockchain BP Engine,18502,4626
baseline,stage2,ipfs/ipfs-companion,415,Smart Contract Activities,18527,4632
baseline,stage2,ipfs/ipfs-companion,415,Decentralize business process,18569,4643
baseline,stage2,ipfs/ipfs-companion,415,Identifier Registry,19259,4815
baseline,stage2,ipfs/ipfs-companion,415,Multiple Registration,19236,4809
baseline,stage2,ipfs/ipfs-companion,415,Bound with Social Media,19237,4810
baseline,stage2,ipfs/ipfs-companion,415,Dual Resolution,19202,4801
baseline,stage2,ipfs/ipfs-companion,415,Delegate List,19228,4807
baseline,stage2,ipfs/ipfs-companion,415,Blockchain Security Pattern for Big Data Ecosystems,18154,4539
baseline,stage2,ipfs/ipfs-companion,415,Blockchain-based reputation system,20765,5192
baseline,stage2,ipfs/ipfs-companion,415,Vote,20744,5186
baseline,stage2,ipfs/ipfs-companion,415,Blocklist,20711,5178
baseline,stage2,ipfs/ipfs-companion,415,Announcement,20722,5181
baseline,stage2,ipfs/ipfs-companion,415,Bulletin Board,20719,5180
baseline,stage2,ipfs/ipfs-companion,415,Randomness,20770,5193
baseline,stage2,ipfs/ipfs-companion,415,Poll,20719,5180
baseline,stage2,ipfs/ipfs-companion,415,Selective Content Generation,20751,5188
baseline,stage2,ipfs/ipfs-companion,415,Time-Constrained Access,20749,5188
baseline,stage2,ipfs/ipfs-companion,415,One-Off Access,20711,5178
baseline,stage2,ipfs/ipfs-companion,415,Digital Record,21416,5354
baseline,stage2,ipfs/ipfs-companion,415,State machine,20796,5199
baseline,stage2,ipfs/ipfs-companion,415,Proxy contract,20766,5192
baseline,stage2,ipfs/ipfs-companion,415,Contract Registry (on-chain),20763,5191
baseline,stage2,ipfs/ipfs-companion,415,Factory contract,20445,5112
baseline,stage2,ipfs/ipfs-companion,415,Data contract,20714,5179
baseline,stage2,ipfs/ipfs-companion,415,Router contract,20804,5201
baseline,stage2,ipfs/ipfs-companion,415,Relay contract,20420,5105
baseline,stage2,ipfs/ipfs-companion,415,Emergency stop,20420,5105
baseline,stage2,ipfs/ipfs-companion,415,Mortal,20594,5149
baseline,stage2,ipfs/ipfs-companion,415,Check-Effects-Interactions,19278,4820
baseline,stage2,ipfs/ipfs-companion,415,Mutex,19192,4798
baseline,stage2,ipfs/ipfs-companion,415,Guard check,19261,4816
baseline,stage2,ipfs/ipfs-companion,415,Rate limit,19203,4801
baseline,stage2,ipfs/ipfs-companion,415,Balance limit,19214,4804
baseline,stage2,ipfs/ipfs-companion,415,Low contract footprint,19719,4930
baseline,stage2,ipfs/ipfs-companion,415,Loop unrolling,19669,4918
baseline,stage2,ipfs/ipfs-companion,415,Contract size limit,19653,4914
baseline,stage2,ipfs/ipfs-companion,415,Off-chain computation,19973,4994
baseline,stage2,ipfs/ipfs-companion,415,State anchoring,20304,5076
baseline,stage2,ipfs/ipfs-companion,415,Data refresh,21384,5346
baseline,stage2,ipfs/ipfs-companion,415,Ownable,19309,4828
baseline,stage2,ipfs/ipfs-companion,415,Role-based control,19292,4823
baseline,stage2,ipfs/ipfs-companion,415,Permissioned actions,19299,4825
baseline,stage2,ipfs/ipfs-companion,415,Implicit authorization,19341,4836
baseline,stage2,ipfs/ipfs-companion,415,Limited-access,19321,4831
baseline,stage2,ipfs/ipfs-companion,415,Immutable data,19119,4780
baseline,stage2,ipfs/ipfs-companion,415,Mutable data,19026,4757
baseline,stage2,ipfs/ipfs-companion,415,Append-only data,19062,4766
baseline,stage2,ipfs/ipfs-companion,415,Data compression,19894,4974
baseline,stage2,ipfs/ipfs-companion,415,Data separation,19063,4766
baseline,stage2,ipfs/ipfs-companion,415,Homomorphic encryption,18774,4694
baseline,stage2,ipfs/ipfs-companion,415,Zero-knowledge proof,18811,4703
baseline,stage2,ipfs/ipfs-companion,415,Commit and Reveal,18818,4705
baseline,stage2,ipfs/ipfs-companion,415,Snapshotting,18771,4693
baseline,stage2,ipfs/ipfs-companion,415,State initialization,18739,4685
baseline,stage2,ipfs/ipfs-companion,415,Establish genesis,18726,4682
baseline,stage2,ipfs/ipfs-companion,415,Smart contract translation,18825,4707
baseline,stage2,ipfs/ipfs-companion,415,Tokenization,18191,4548
baseline,stage2,ipfs/ipfs-companion,415,Self-generated transactions,18741,4686
baseline,stage2,ipfs/ipfs-companion,415,Self-Confirmed Transactions,18744,4686
baseline,stage2,ipfs/ipfs-companion,415,Delegated Transactions,18744,4686
baseline,stage2,ipfs/ipfs-companion,415,Packing variables,19389,4848
baseline,stage2,ipfs/ipfs-companion,415,Packing booleans,19366,4842
baseline,stage2,ipfs/ipfs-companion,415,Unit vs Unit256,19333,4834
baseline,stage2,ipfs/ipfs-companion,415,Mapping vs Array,19065,4767
baseline,stage2,ipfs/ipfs-companion,415,Freeing storage,19056,4764
baseline,stage2,ethereum/go-ethereum,17660,Ticker tape,20861,5216
baseline,stage2,ethereum/go-ethereum,17660,Oracle,20886,5222
baseline,stage2,ethereum/go-ethereum,17660,Reverse Oracle,20825,5207
baseline,stage2,ethereum/go-ethereum,17660,Pull-based inbound oracle,20816,5204
baseline,stage2,ethereum/go-ethereum,17660,Push-based inbound oracle,20842,5211
baseline,stage2,ethereum/go-ethereum,17660,State Channel,21039,5260
baseline,stage2,ethereum/go-ethereum,17660,Off-chain Contract Registry,22297,5575
baseline,stage2,ethereum/go-ethereum,17660,Legal and smart contract pair,21070,5268
baseline,stage2,ethereum/go-ethereum,17660,Off-chain data storage,21661,5416
baseline,stage2,ethereum/go-ethereum,17660,Confidential and pseudo-anonymous contract enforcement,21091,5273
baseline,stage2,ethereum/go-ethereum,17660,Off-chain Signatures,21047,5262
baseline,stage2,ethereum/go-ethereum,17660,Delegated Computation,21330,5333
baseline,stage2,ethereum/go-ethereum,17660,Master & Sub Key,19714,4929
baseline,stage2,ethereum/go-ethereum,17660,Hot & Cold Wallet Storage,19764,4941
baseline,stage2,ethereum/go-ethereum,17660,Key Sharding,19729,4933
baseline,stage2,ethereum/go-ethereum,17660,X-confirmation,19085,4772
baseline,stage2,ethereum/go-ethereum,17660,Blockchain BP Engine,19432,4858
baseline,stage2,ethereum/go-ethereum,17660,Smart Contract Activities,19457,4865
baseline,stage2,ethereum/go-ethereum,17660,Decentralize business process,19499,4875
baseline,stage2,ethereum/go-ethereum,17660,Identifier Registry,20189,5048
baseline,stage2,ethereum/go-ethereum,17660,Multiple Registration,20166,5042
baseline,stage2,ethereum/go-ethereum,17660,Bound with Social Media,20167,5042
baseline,stage2,ethereum/go-ethereum,17660,Dual Resolution,20132,5033
baseline,stage2,ethereum/go-ethereum,17660,Delegate List,20158,5040
baseline,stage2,ethereum/go-ethereum,17660,Blockchain Security Pattern for Big Data Ecosystems,19084,4771
baseline,stage2,ethereum/go-ethereum,17660,Blockchain-based reputation system,21695,5424
baseline,stage2,ethereum/go-ethereum,17660,Vote,21674,5419
baseline,stage2,ethereum/go-ethereum,17660,Blocklist,21641,5411
baseline,stage2,ethereum/go-ethereum,17660,Announcement,21652,5413
baseline,stage2,ethereum/go-ethereum,17660,Bulletin Board,21649,5413
baseline,stage2,ethereum/go-ethereum,17660,Randomness,21700,5425
baseline,stage2,ethereum/go-ethereum,17660,Poll,21649,5413
baseline,stage2,ethereum/go-ethereum,17660,Selective Content Generation,21681,5421
baseline,stage2,ethereum/go-ethereum,17660,Time-Constrained Access,21679,5420
baseline,stage2,ethereum/go-ethereum,17660,One-Off Access,21641,5411
baseline,stage2,ethereum/go-ethereum,17660,Digital Record,22346,5587
baseline,stage2,ethereum/go-ethereum,17660,State machine,21726,5432
baseline,stage2,ethereum/go-ethereum,17660,Proxy contract,21696,5424
baseline,stage2,ethereum/go-ethereum,17660,Contract Registry (on-chain),21693,5424
baseline,stage2,ethereum/go-ethereum,17660,Factory contract,21375,5344
baseline,stage2,ethereum/go-ethereum,17660,Data contract,21644,5411
baseline,stage2,ethereum/go-ethereum,17660,Router contract,21734,5434
baseline,stage2,ethereum/go-ethereum,17660,Relay contract,21350,5338
baseline,stage2,ethereum/go-ethereum,17660,Emergency stop,21350,5338
baseline,stage2,ethereum/go-ethereum,17660,Mortal,21524,5381
baseline,stage2,ethereum/go-ethereum,17660,Check-Effects-Interactions,20208,5052
baseline,stage2,ethereum/go-ethereum,17660,Mutex,20122,5031
baseline,stage2,ethereum/go-ethereum,17660,Guard check,20191,5048
baseline,stage2,ethereum/go-ethereum,17660,Rate limit,20133,5034
baseline,stage2,ethereum/go-ethereum,17660,Balance limit,20144,5036
baseline,stage2,ethereum/go-ethereum,17660,Low contract footprint,20649,5163
baseline,stage2,ethereum/go-ethereum,17660,Loop unrolling,20599,5150
baseline,stage2,ethereum/go-ethereum,17660,Contract size limit,20583,5146
baseline,stage2,ethereum/go-ethereum,17660,Off-chain computation,20903,5226
baseline,stage2,ethereum/go-ethereum,17660,State anchoring,21234,5309
baseline,stage2,ethereum/go-ethereum,17660,Data refresh,22314,5579
baseline,stage2,ethereum/go-ethereum,17660,Ownable,20239,5060
baseline,stage2,ethereum/go-ethereum,17660,Role-based control,20222,5056
baseline,stage2,ethereum/go-ethereum,17660,Permissioned actions,20229,5058
baseline,stage2,ethereum/go-ethereum,17660,Implicit authorization,20271,5068
baseline,stage2,ethereum/go-ethereum,17660,Limited-access,20251,5063
baseline,stage2,ethereum/go-ethereum,17660,Immutable data,20049,5013
baseline,stage2,ethereum/go-ethereum,17660,Mutable data,19956,4989
baseline,stage2,ethereum/go-ethereum,17660,Append-only data,19992,4998
baseline,stage2,ethereum/go-ethereum,17660,Data compression,20824,5206
baseline,stage2,ethereum/go-ethereum,17660,Data separation,19993,4999
baseline,stage2,ethereum/go-ethereum,17660,Homomorphic encryption,19704,4926
baseline,stage2,ethereum/go-ethereum,17660,Zero-knowledge proof,19741,4936
baseline,stage2,ethereum/go-ethereum,17660,Commit and Reveal,19748,4937
baseline,stage2,ethereum/go-ethereum,17660,Snapshotting,19701,4926
baseline,stage2,ethereum/go-ethereum,17660,State initialization,19669,4918
baseline,stage2,ethereum/go-ethereum,17660,Establish genesis,19656,4914
baseline,stage2,ethereum/go-ethereum,17660,Smart contract translation,19755,4939
baseline,stage2,ethereum/go-ethereum,17660,Tokenization,19121,4781
baseline,stage2,ethereum/go-ethereum,17660,Self-generated transactions,19671,4918
baseline,stage2,ethereum/go-ethereum,17660,Self-Confirmed Transactions,19674,4919
baseline,stage2,ethereum/go-ethereum,17660,Delegated Transactions,19674,4919
baseline,stage2,ethereum/go-ethereum,17660,Packing variables,20319,5080
baseline,stage2,ethereum/go-ethereum,17660,Packing booleans,20296,5074
baseline,stage2,ethereum/go-ethereum,17660,Unit vs Unit256,20263,5066
baseline,stage2,ethereum/go-ethereum,17660,Mapping vs Array,19995,4999
baseline,stage2,ethereum/go-ethereum,17660,Freeing storage,19986,4997
baseline,stage2,mypdns/matrix,127030,Ticker tape,20571,5143
baseline,stage2,mypdns/matrix,127030,Oracle,20596,5149
baseline,stage2,mypdns/matrix,127030,Reverse Oracle,20535,5134
baseline,stage2,mypdns/matrix,127030,Pull-based inbound oracle,20526,5132
baseline,stage2,mypdns/matrix,127030,Push-based inbound oracle,20552,5138
baseline,stage2,mypdns/matrix,127030,State Channel,20749,5188
baseline,stage2,mypdns/matrix,127030,Off-chain Contract Registry,22007,5502
baseline,stage2,mypdns/matrix,127030,Legal and smart contract pair,20780,5195
baseline,stage2,mypdns/matrix,127030,Off-chain data storage,21371,5343
baseline,stage2,mypdns/matrix,127030,Confidential and pseudo-anonymous contract enforcement,20801,5201
baseline,stage2,mypdns/matrix,127030,Off-chain Signatures,20757,5190
baseline,stage2,mypdns/matrix,127030,Delegated Computation,21040,5260
baseline,stage2,mypdns/matrix,127030,Master & Sub Key,19424,4856
baseline,stage2,mypdns/matrix,127030,Hot & Cold Wallet Storage,19474,4869
baseline,stage2,mypdns/matrix,127030,Key Sharding,19439,4860
baseline,stage2,mypdns/matrix,127030,X-confirmation,18795,4699
baseline,stage2,mypdns/matrix,127030,Blockchain BP Engine,19142,4786
baseline,stage2,mypdns/matrix,127030,Smart Contract Activities,19167,4792
baseline,stage2,mypdns/matrix,127030,Decentralize business process,19209,4803
baseline,stage2,mypdns/matrix,127030,Identifier Registry,19899,4975
baseline,stage2,mypdns/matrix,127030,Multiple Registration,19876,4969
baseline,stage2,mypdns/matrix,127030,Bound with Social Media,19877,4970
baseline,stage2,mypdns/matrix,127030,Dual Resolution,19842,4961
baseline,stage2,mypdns/matrix,127030,Delegate List,19868,4967
baseline,stage2,mypdns/matrix,127030,Blockchain Security Pattern for Big Data Ecosystems,18794,4699
baseline,stage2,mypdns/matrix,127030,Blockchain-based reputation system,21405,5352
baseline,stage2,mypdns/matrix,127030,Vote,21384,5346
baseline,stage2,mypdns/matrix,127030,Blocklist,21351,5338
baseline,stage2,mypdns/matrix,127030,Announcement,21362,5341
baseline,stage2,mypdns/matrix,127030,Bulletin Board,21359,5340
baseline,stage2,mypdns/matrix,127030,Randomness,21410,5353
baseline,stage2,mypdns/matrix,127030,Poll,21359,5340
baseline,stage2,mypdns/matrix,127030,Selective Content Generation,21391,5348
baseline,stage2,mypdns/matrix,127030,Time-Constrained Access,21389,5348
baseline,stage2,mypdns/matrix,127030,One-Off Access,21351,5338
baseline,stage2,mypdns/matrix,127030,Digital Record,22056,5514
baseline,stage2,mypdns/matrix,127030,State machine,21436,5359
baseline,stage2,mypdns/matrix,127030,Proxy contract,21406,5352
baseline,stage2,mypdns/matrix,127030,Contract Registry (on-chain),21403,5351
baseline,stage2,mypdns/matrix,127030,Factory contract,21085,5272
baseline,stage2,mypdns/matrix,127030,Data contract,21354,5339
baseline,stage2,mypdns/matrix,127030,Router contract,21444,5361
baseline,stage2,mypdns/matrix,127030,Relay contract,21060,5265
baseline,stage2,mypdns/matrix,127030,Emergency stop,21060,5265
baseline,stage2,mypdns/matrix,127030,Mortal,21234,5309
baseline,stage2,mypdns/matrix,127030,Check-Effects-Interactions,19918,4980
baseline,stage2,mypdns/matrix,127030,Mutex,19832,4958
baseline,stage2,mypdns/matrix,127030,Guard check,19901,4976
baseline,stage2,mypdns/matrix,127030,Rate limit,19843,4961
baseline,stage2,mypdns/matrix,127030,Balance limit,19854,4964
baseline,stage2,mypdns/matrix,127030,Low contract footprint,20359,5090
baseline,stage2,mypdns/matrix,127030,Loop unrolling,20309,5078
baseline,stage2,mypdns/matrix,127030,Contract size limit,20293,5074
baseline,stage2,mypdns/matrix,127030,Off-chain computation,20613,5154
baseline,stage2,mypdns/matrix,127030,State anchoring,20944,5236
baseline,stage2,mypdns/matrix,127030,Data refresh,22024,5506
baseline,stage2,mypdns/matrix,127030,Ownable,19949,4988
baseline,stage2,mypdns/matrix,127030,Role-based control,19932,4983
baseline,stage2,mypdns/matrix,127030,Permissioned actions,19939,4985
baseline,stage2,mypdns/matrix,127030,Implicit authorization,19981,4996
baseline,stage2,mypdns/matrix,127030,Limited-access,19961,4991
baseline,stage2,mypdns/matrix,127030,Immutable data,19759,4940
baseline,stage2,mypdns/matrix,127030,Mutable data,19666,4917
baseline,stage2,mypdns/matrix,127030,Append-only data,19702,4926
baseline,stage2,mypdns/matrix,127030,Data compression,20534,5134
baseline,stage2,mypdns/matrix,127030,Data separation,19703,4926
baseline,stage2,mypdns/matrix,127030,Homomorphic encryption,19414,4854
baseline,stage2,mypdns/matrix,127030,Zero-knowledge proof,19451,4863
baseline,stage2,mypdns/matrix,127030,Commit and Reveal,19458,4865
baseline,stage2,mypdns/matrix,127030,Snapshotting,19411,4853
baseline,stage2,mypdns/matrix,127030,State initialization,19379,4845
baseline,stage2,mypdns/matrix,127030,Establish genesis,19366,4842
baseline,stage2,mypdns/matrix,127030,Smart contract translation,19465,4867
baseline,stage2,mypdns/matrix,127030,Tokenization,18831,4708
baseline,stage2,mypdns/matrix,127030,Self-generated transactions,19381,4846
baseline,stage2,mypdns/matrix,127030,Self-Confirmed Transactions,19384,4846
baseline,stage2,mypdns/matrix,127030,Delegated Transactions,19384,4846
baseline,stage2,mypdns/matrix,127030,Packing variables,20029,5008
baseline,stage2,mypdns/matrix,127030,Packing booleans,20006,5002
baseline,stage2,mypdns/matrix,127030,Unit vs Unit256,19973,4994
baseline,stage2,mypdns/matrix,127030,Mapping vs Array,19705,4927
baseline,stage2,mypdns/matrix,127030,Freeing storage,19696,4924
baseline,stage2,Consensys/gnark,388,Ticker tape,20505,5127
baseline,stage2,Consensys/gnark,388,Oracle,20530,5133
baseline,stage2,Consensys/gnark,388,Reverse Oracle,20469,5118
baseline,stage2,Consensys/gnark,388,Pull-based inbound oracle,20460,5115
baseline,stage2,Consensys/gnark,388,Push-based inbound oracle,20486,5122
baseline,stage2,Consensys/gnark,388,State Channel,20683,5171
baseline,stage2,Consensys/gnark,388,Off-chain Contract Registry,21941,5486
baseline,stage2,Consensys/gnark,388,Legal and smart contract pair,20714,5179
baseline,stage2,Consensys/gnark,388,Off-chain data storage,21305,5327
baseline,stage2,Consensys/gnark,388,Confidential and pseudo-anonymous contract enforcement,20735,5184
baseline,stage2,Consensys/gnark,388,Off-chain Signatures,20691,5173
baseline,stage2,Consensys/gnark,388,Delegated Computation,20974,5244
baseline,stage2,Consensys/gnark,388,Master & Sub Key,19358,4840
baseline,stage2,Consensys/gnark,388,Hot & Cold Wallet Storage,19408,4852
baseline,stage2,Consensys/gnark,388,Key Sharding,19373,4844
baseline,stage2,Consensys/gnark,388,X-confirmation,18729,4683
baseline,stage2,Consensys/gnark,388,Blockchain BP Engine,19076,4769
baseline,stage2,Consensys/gnark,388,Smart Contract Activities,19101,4776
baseline,stage2,Consensys/gnark,388,Decentralize business process,19143,4786
baseline,stage2,Consensys/gnark,388,Identifier Registry,19833,4959
baseline,stage2,Consensys/gnark,388,Multiple Registration,19810,4953
baseline,stage2,Consensys/gnark,388,Bound with Social Media,19811,4953
baseline,stage2,Consensys/gnark,388,Dual Resolution,19776,4944
baseline,stage2,Consensys/gnark,388,Delegate List,19802,4951
baseline,stage2,Consensys/gnark,388,Blockchain Security Pattern for Big Data Ecosystems,18728,4682
baseline,stage2,Consensys/gnark,388,Blockchain-based reputation system,21339,5335
baseline,stage2,Consensys/gnark,388,Vote,21318,5330
baseline,stage2,Consensys/gnark,388,Blocklist,21285,5322
baseline,stage2,Consensys/gnark,388,Announcement,21296,5324
baseline,stage2,Consensys/gnark,388,Bulletin Board,21293,5324
baseline,stage2,Consensys/gnark,388,Randomness,21344,5336
baseline,stage2,Consensys/gnark,388,Poll,21293,5324
baseline,stage2,Consensys/gnark,388,Selective Content Generation,21325,5332
baseline,stage2,Consensys/gnark,388,Time-Constrained Access,21323,5331
baseline,stage2,Consensys/gnark,388,One-Off Access,21285,5322
baseline,stage2,Consensys/gnark,388,Digital Record,21990,5498
baseline,stage2,Consensys/gnark,388,State machine,21370,5343
baseline,stage2,Consensys/gnark,388,Proxy contract,21340,5335
baseline,stage2,Consensys/gnark,388,Contract Registry (on-chain),21337,5335
baseline,stage2,Consensys/gnark,388,Factory contract,21019,5255
baseline,stage2,Consensys/gnark,388,Data contract,21288,5322
baseline,stage2,Consensys/gnark,388,Router contract,21378,5345
baseline,stage2,Consensys/gnark,388,Relay contract,20994,5249
baseline,stage2,Consensys/gnark,388,Emergency stop,20994,5249
baseline,stage2,Consensys/gnark,388,Mortal,21168,5292
baseline,stage2,Consensys/gnark,388,Check-Effects-Interactions,19852,4963
baseline,stage2,Consensys/gnark,388,Mutex,19766,4942
baseline,stage2,Consensys/gnark,388,Guard check,19835,4959
baseline,stage2,Consensys/gnark,388,Rate limit,19777,4945
baseline,stage2,Consensys/gnark,388,Balance limit,19788,4947
baseline,stage2,Consensys/gnark,388,Low contract footprint,20293,5074
baseline,stage2,Consensys/gnark,388,Loop unrolling,20243,5061
baseline,stage2,Consensys/gnark,388,Contract size limit,20227,5057
baseline,stage2,Consensys/gnark,388,Off-chain computation,20547,5137
baseline,stage2,Consensys/gnark,388,State anchoring,20878,5220
baseline,stage2,Consensys/gnark,388,Data refresh,21958,5490
baseline,stage2,Consensys/gnark,388,Ownable,19883,4971
baseline,stage2,Consensys/gnark,388,Role-based control,19866,4967
baseline,stage2,Consensys/gnark,388,Permissioned actions,19873,4969
baseline,stage2,Consensys/gnark,388,Implicit authorization,19915,4979
baseline,stage2,Consensys/gnark,388,Limited-access,19895,4974
baseline,stage2,Consensys/gnark,388,Immutable data,19693,4924
baseline,stage2,Consensys/gnark,388,Mutable data,19600,4900
baseline,stage2,Consensys/gnark,388,Append-only data,19636,4909
baseline,stage2,Consensys/gnark,388,Data compression,20468,5117
baseline,stage2,Consensys/gnark,388,Data separation,19637,4910
baseline,stage2,Consensys/gnark,388,Homomorphic encryption,19348,4837
baseline,stage2,Consensys/gnark,388,Zero-knowledge proof,19385,4847
baseline,stage2,Consensys/gnark,388,Commit and Reveal,19392,4848
baseline,stage2,Consensys/gnark,388,Snapshotting,19345,4837
baseline,stage2,Consensys/gnark,388,State initialization,19313,4829
baseline,stage2,Consensys/gnark,388,Establish genesis,19300,4825
baseline,stage2,Consensys/gnark,388,Smart contract translation,19399,4850
baseline,stage2,Consensys/gnark,388,Tokenization,18765,4692
baseline,stage2,Consensys/gnark,388,Self-generated transactions,19315,4829
baseline,stage2,Consensys/gnark,388,Self-Confirmed Transactions,19318,4830
baseline,stage2,Consensys/gnark,388,Delegated Transactions,19318,4830
baseline,stage2,Consensys/gnark,388,Packing variables,19963,4991
baseline,stage2,Consensys/gnark,388,Packing booleans,19940,4985
baseline,stage2,Consensys/gnark,388,Unit vs Unit256,19907,4977
baseline,stage2,Consensys/gnark,388,Mapping vs Array,19639,4910
baseline,stage2,Consensys/gnark,388,Freeing storage,19630,4908
baseline,stage2,MetaMask/metamask-mobile,11733,Ticker tape,20769,5193
baseline,stage2,MetaMask/metamask-mobile,11733,Oracle,20794,5199
baseline,stage2,MetaMask/metamask-mobile,11733,Reverse Oracle,20733,5184
baseline,stage2,MetaMask/metamask-mobile,11733,Pull-based inbound oracle,20724,5181
baseline,stage2,MetaMask/metamask-mobile,11733,Push-based inbound oracle,20750,5188
baseline,stage2,MetaMask/metamask-mobile,11733,State Channel,20947,5237
baseline,stage2,MetaMask/metamask-mobile,11733,Off-chain Contract Registry,22205,5552
baseline,stage2,MetaMask/metamask-mobile,11733,Legal and smart contract pair,20978,5245
baseline,stage2,MetaMask/metamask-mobile,11733,Off-chain data storage,21569,5393
baseline,stage2,MetaMask/metamask-mobile,11733,Confidential and pseudo-anonymous contract enforcement,20999,5250
baseline,stage2,MetaMask/metamask-mobile,11733,Off-chain Signatures,20955,5239
baseline,stage2,MetaMask/metamask-mobile,11733,Delegated Computation,21238,5310
baseline,stage2,MetaMask/metamask-mobile,11733,Master & Sub Key,19622,4906
baseline,stage2,MetaMask/metamask-mobile,11733,Hot & Cold Wallet Storage,19672,4918
baseline,stage2,MetaMask/metamask-mobile,11733,Key Sharding,19637,4910
baseline,stage2,MetaMask/metamask-mobile,11733,X-confirmation,18993,4749
baseline,stage2,MetaMask/metamask-mobile,11733,Blockchain BP Engine,19340,4835
baseline,stage2,MetaMask/metamask-mobile,11733,Smart Contract Activities,19365,4842
baseline,stage2,MetaMask/metamask-mobile,11733,Decentralize business process,19407,4852
baseline,stage2,MetaMask/metamask-mobile,11733,Identifier Registry,20097,5025
baseline,stage2,MetaMask/metamask-mobile,11733,Multiple Registration,20074,5019
baseline,stage2,MetaMask/metamask-mobile,11733,Bound with Social Media,20075,5019
baseline,stage2,MetaMask/metamask-mobile,11733,Dual Resolution,20040,5010
baseline,stage2,MetaMask/metamask-mobile,11733,Delegate List,20066,5017
baseline,stage2,MetaMask/metamask-mobile,11733,Blockchain Security Pattern for Big Data Ecosystems,18992,4748
baseline,stage2,MetaMask/metamask-mobile,11733,Blockchain-based reputation system,21603,5401
baseline,stage2,MetaMask/metamask-mobile,11733,Vote,21582,5396
baseline,stage2,MetaMask/metamask-mobile,11733,Blocklist,21549,5388
baseline,stage2,MetaMask/metamask-mobile,11733,Announcement,21560,5390
baseline,stage2,MetaMask/metamask-mobile,11733,Bulletin Board,21557,5390
baseline,stage2,MetaMask/metamask-mobile,11733,Randomness,21608,5402
baseline,stage2,MetaMask/metamask-mobile,11733,Poll,21557,5390
baseline,stage2,MetaMask/metamask-mobile,11733,Selective Content Generation,21589,5398
baseline,stage2,MetaMask/metamask-mobile,11733,Time-Constrained Access,21587,5397
baseline,stage2,MetaMask/metamask-mobile,11733,One-Off Access,21549,5388
baseline,stage2,MetaMask/metamask-mobile,11733,Digital Record,22254,5564
baseline,stage2,MetaMask/metamask-mobile,11733,State machine,21634,5409
baseline,stage2,MetaMask/metamask-mobile,11733,Proxy contract,21604,5401
baseline,stage2,MetaMask/metamask-mobile,11733,Contract Registry (on-chain),21601,5401
baseline,stage2,MetaMask/metamask-mobile,11733,Factory contract,21283,5321
baseline,stage2,MetaMask/metamask-mobile,11733,Data contract,21552,5388
baseline,stage2,MetaMask/metamask-mobile,11733,Router contract,21642,5411
baseline,stage2,MetaMask/metamask-mobile,11733,Relay contract,21258,5315
baseline,stage2,MetaMask/metamask-mobile,11733,Emergency stop,21258,5315
baseline,stage2,MetaMask/metamask-mobile,11733,Mortal,21432,5358
baseline,stage2,MetaMask/metamask-mobile,11733,Check-Effects-Interactions,20116,5029
baseline,stage2,MetaMask/metamask-mobile,11733,Mutex,20030,5008
baseline,stage2,MetaMask/metamask-mobile,11733,Guard check,20099,5025
baseline,stage2,MetaMask/metamask-mobile,11733,Rate limit,20041,5011
baseline,stage2,MetaMask/metamask-mobile,11733,Balance limit,20052,5013
baseline,stage2,MetaMask/metamask-mobile,11733,Low contract footprint,20557,5140
baseline,stage2,MetaMask/metamask-mobile,11733,Loop unrolling,20507,5127
baseline,stage2,MetaMask/metamask-mobile,11733,Contract size limit,20491,5123
baseline,stage2,MetaMask/metamask-mobile,11733,Off-chain computation,20811,5203
baseline,stage2,MetaMask/metamask-mobile,11733,State anchoring,21142,5286
baseline,stage2,MetaMask/metamask-mobile,11733,Data refresh,22222,5556
baseline,stage2,MetaMask/metamask-mobile,11733,Ownable,20147,5037
baseline,stage2,MetaMask/metamask-mobile,11733,Role-based control,20130,5033
baseline,stage2,MetaMask/metamask-mobile,11733,Permissioned actions,20137,5035
baseline,stage2,MetaMask/metamask-mobile,11733,Implicit authorization,20179,5045
baseline,stage2,MetaMask/metamask-mobile,11733,Limited-access,20159,5040
baseline,stage2,MetaMask/metamask-mobile,11733,Immutable data,19957,4990
baseline,stage2,MetaMask/metamask-mobile,11733,Mutable data,19864,4966
baseline,stage2,MetaMask/metamask-mobile,11733,Append-only data,19900,4975
baseline,stage2,MetaMask/metamask-mobile,11733,Data compression,20732,5183
baseline,stage2,MetaMask/metamask-mobile,11733,Data separation,19901,4976
baseline,stage2,MetaMask/metamask-mobile,11733,Homomorphic encryption,19612,4903
baseline,stage2,MetaMask/metamask-mobile,11733,Zero-knowledge proof,19649,4913
baseline,stage2,MetaMask/metamask-mobile,11733,Commit and Reveal,19656,4914
baseline,stage2,MetaMask/metamask-mobile,11733,Snapshotting,19609,4903
baseline,stage2,MetaMask/metamask-mobile,11733,State initialization,19577,4895
baseline,stage2,MetaMask/metamask-mobile,11733,Establish genesis,19564,4891
baseline,stage2,MetaMask/metamask-mobile,11733,Smart contract translation,19663,4916
baseline,stage2,MetaMask/metamask-mobile,11733,Tokenization,19029,4758
baseline,stage2,MetaMask/metamask-mobile,11733,Self-generated transactions,19579,4895
baseline,stage2,MetaMask/metamask-mobile,11733,Self-Confirmed Transactions,19582,4896
baseline,stage2,MetaMask/metamask-mobile,11733,Delegated Transactions,19582,4896
baseline,stage2,MetaMask/metamask-mobile,11733,Packing variables,20227,5057
baseline,stage2,MetaMask/metamask-mobile,11733,Packing booleans,20204,5051
baseline,stage2,MetaMask/metamask-mobile,11733,Unit vs Unit256,20171,5043
baseline,stage2,MetaMask/metamask-mobile,11733,Mapping vs Array,19903,4976
baseline,stage2,MetaMask/metamask-mobile,11733,Freeing storage,19894,4974
baseline,stage2,trustwallet/assets,8497,Ticker tape,22848,5712
baseline,stage2,trustwallet/assets,8497,Oracle,22873,5719
baseline,stage2,trustwallet/assets,8497,Reverse Oracle,22812,5703
baseline,stage2,trustwallet/assets,8497,Pull-based inbound oracle,22803,5701
baseline,stage2,trustwallet/assets,8497,Push-based inbound oracle,22829,5708
baseline,stage2,trustwallet/assets,8497,State Channel,23026,5757
baseline,stage2,trustwallet/assets,8497,Off-chain Contract Registry,24284,6071
baseline,stage2,trustwallet/assets,8497,Legal and smart contract pair,23057,5765
baseline,stage2,trustwallet/assets,8497,Off-chain data storage,23648,5912
baseline,stage2,trustwallet/assets,8497,Confidential and pseudo-anonymous contract enforcement,23078,5770
baseline,stage2,trustwallet/assets,8497,Off-chain Signatures,23034,5759
baseline,stage2,trustwallet/assets,8497,Delegated Computation,23317,5830
baseline,stage2,trustwallet/assets,8497,Master & Sub Key,21701,5426
baseline,stage2,trustwallet/assets,8497,Hot & Cold Wallet Storage,21751,5438
baseline,stage2,trustwallet/assets,8497,Key Sharding,21716,5429
baseline,stage2,trustwallet/assets,8497,X-confirmation,21072,5268
baseline,stage2,trustwallet/assets,8497,Blockchain BP Engine,21419,5355
baseline,stage2,trustwallet/assets,8497,Smart Contract Activities,21444,5361
baseline,stage2,trustwallet/assets,8497,Decentralize business process,21486,5372
baseline,stage2,trustwallet/assets,8497,Identifier Registry,22176,5544
baseline,stage2,trustwallet/assets,8497,Multiple Registration,22153,5539
baseline,stage2,trustwallet/assets,8497,Bound with Social Media,22154,5539
baseline,stage2,trustwallet/assets,8497,Dual Resolution,22119,5530
baseline,stage2,trustwallet/assets,8497,Delegate List,22145,5537
baseline,stage2,trustwallet/assets,8497,Blockchain Security Pattern for Big Data Ecosystems,21071,5268
baseline,stage2,trustwallet/assets,8497,Blockchain-based reputation system,23682,5921
baseline,stage2,trustwallet/assets,8497,Vote,23661,5916
baseline,stage2,trustwallet/assets,8497,Blocklist,23628,5907
baseline,stage2,trustwallet/assets,8497,Announcement,23639,5910
baseline,stage2,trustwallet/assets,8497,Bulletin Board,23636,5909
baseline,stage2,trustwallet/assets,8497,Randomness,23687,5922
baseline,stage2,trustwallet/assets,8497,Poll,23636,5909
baseline,stage2,trustwallet/assets,8497,Selective Content Generation,23668,5917
baseline,stage2,trustwallet/assets,8497,Time-Constrained Access,23666,5917
baseline,stage2,trustwallet/assets,8497,One-Off Access,23628,5907
baseline,stage2,trustwallet/assets,8497,Digital Record,24333,6084
baseline,stage2,trustwallet/assets,8497,State machine,23713,5929
baseline,stage2,trustwallet/assets,8497,Proxy contract,23683,5921
baseline,stage2,trustwallet/assets,8497,Contract Registry (on-chain),23680,5920
baseline,stage2,trustwallet/assets,8497,Factory contract,23362,5841
baseline,stage2,trustwallet/assets,8497,Data contract,23631,5908
baseline,stage2,trustwallet/assets,8497,Router contract,23721,5931
baseline,stage2,trustwallet/assets,8497,Relay contract,23337,5835
baseline,stage2,trustwallet/assets,8497,Emergency stop,23337,5835
baseline,stage2,trustwallet/assets,8497,Mortal,23511,5878
baseline,stage2,trustwallet/assets,8497,Check-Effects-Interactions,22195,5549
baseline,stage2,trustwallet/assets,8497,Mutex,22109,5528
baseline,stage2,trustwallet/assets,8497,Guard check,22178,5545
baseline,stage2,trustwallet/assets,8497,Rate limit,22120,5530
baseline,stage2,trustwallet/assets,8497,Balance limit,22131,5533
baseline,stage2,trustwallet/assets,8497,Low contract footprint,22636,5659
baseline,stage2,trustwallet/assets,8497,Loop unrolling,22586,5647
baseline,stage2,trustwallet/assets,8497,Contract size limit,22570,5643
baseline,stage2,trustwallet/assets,8497,Off-chain computation,22890,5723
baseline,stage2,trustwallet/assets,8497,State anchoring,23221,5806
baseline,stage2,trustwallet/assets,8497,Data refresh,24301,6076
baseline,stage2,trustwallet/assets,8497,Ownable,22226,5557
baseline,stage2,trustwallet/assets,8497,Role-based control,22209,5553
baseline,stage2,trustwallet/assets,8497,Permissioned actions,22216,5554
baseline,stage2,trustwallet/assets,8497,Implicit authorization,22258,5565
baseline,stage2,trustwallet/assets,8497,Limited-access,22238,5560
baseline,stage2,trustwallet/assets,8497,Immutable data,22036,5509
baseline,stage2,trustwallet/assets,8497,Mutable data,21943,5486
baseline,stage2,trustwallet/assets,8497,Append-only data,21979,5495
baseline,stage2,trustwallet/assets,8497,Data compression,22811,5703
baseline,stage2,trustwallet/assets,8497,Data separation,21980,5495
baseline,stage2,trustwallet/assets,8497,Homomorphic encryption,21691,5423
baseline,stage2,trustwallet/assets,8497,Zero-knowledge proof,21728,5432
baseline,stage2,trustwallet/assets,8497,Commit and Reveal,21735,5434
baseline,stage2,trustwallet/assets,8497,Snapshotting,21688,5422
baseline,stage2,trustwallet/assets,8497,State initialization,21656,5414
baseline,stage2,trustwallet/assets,8497,Establish genesis,21643,5411
baseline,stage2,trustwallet/assets,8497,Smart contract translation,21742,5436
baseline,stage2,trustwallet/assets,8497,Tokenization,21108,5277
baseline,stage2,trustwallet/assets,8497,Self-generated transactions,21658,5415
baseline,stage2,trustwallet/assets,8497,Self-Confirmed Transactions,21661,5416
baseline,stage2,trustwallet/assets,8497,Delegated Transactions,21661,5416
baseline,stage2,trustwallet/assets,8497,Packing variables,22306,5577
baseline,stage2,trustwallet/assets,8497,Packing booleans,22283,5571
baseline,stage2,trustwallet/assets,8497,Unit vs Unit256,22250,5563
baseline,stage2,trustwallet/assets,8497,Mapping vs Array,21982,5496
baseline,stage2,trustwallet/assets,8497,Freeing storage,21973,5494
baseline,stage2,web3/web3.js,5503,Ticker tape,19573,4894
baseline,stage2,web3/web3.js,5503,Oracle,19598,4900
baseline,stage2,web3/web3.js,5503,Reverse Oracle,19537,4885
baseline,stage2,web3/web3.js,5503,Pull-based inbound oracle,19528,4882
baseline,stage2,web3/web3.js,5503,Push-based inbound oracle,19554,4889
baseline,stage2,web3/web3.js,5503,State Channel,19751,4938
baseline,stage2,web3/web3.js,5503,Off-chain Contract Registry,21009,5253
baseline,stage2,web3/web3.js,5503,Legal and smart contract pair,19782,4946
baseline,stage2,web3/web3.js,5503,Off-chain data storage,20373,5094
baseline,stage2,web3/web3.js,5503,Confidential and pseudo-anonymous contract enforcement,19803,4951
baseline,stage2,web3/web3.js,5503,Off-chain Signatures,19759,4940
baseline,stage2,web3/web3.js,5503,Delegated Computation,20042,5011
baseline,stage2,web3/web3.js,5503,Master & Sub Key,18426,4607
baseline,stage2,web3/web3.js,5503,Hot & Cold Wallet Storage,18476,4619
baseline,stage2,web3/web3.js,5503,Key Sharding,18441,4611
baseline,stage2,web3/web3.js,5503,X-confirmation,17797,4450
baseline,stage2,web3/web3.js,5503,Blockchain BP Engine,18144,4536
baseline,stage2,web3/web3.js,5503,Smart Contract Activities,18169,4543
baseline,stage2,web3/web3.js,5503,Decentralize business process,18211,4553
baseline,stage2,web3/web3.js,5503,Identifier Registry,18901,4726
baseline,stage2,web3/web3.js,5503,Multiple Registration,18878,4720
baseline,stage2,web3/web3.js,5503,Bound with Social Media,18879,4720
baseline,stage2,web3/web3.js,5503,Dual Resolution,18844,4711
baseline,stage2,web3/web3.js,5503,Delegate List,18870,4718
baseline,stage2,web3/web3.js,5503,Blockchain Security Pattern for Big Data Ecosystems,17796,4449
baseline,stage2,web3/web3.js,5503,Blockchain-based reputation system,20407,5102
baseline,stage2,web3/web3.js,5503,Vote,20386,5097
baseline,stage2,web3/web3.js,5503,Blocklist,20353,5089
baseline,stage2,web3/web3.js,5503,Announcement,20364,5091
baseline,stage2,web3/web3.js,5503,Bulletin Board,20361,5091
baseline,stage2,web3/web3.js,5503,Randomness,20412,5103
baseline,stage2,web3/web3.js,5503,Poll,20361,5091
baseline,stage2,web3/web3.js,5503,Selective Content Generation,20393,5099
baseline,stage2,web3/web3.js,5503,Time-Constrained Access,20391,5098
baseline,stage2,web3/web3.js,5503,One-Off Access,20353,5089
baseline,stage2,web3/web3.js,5503,Digital Record,21058,5265
baseline,stage2,web3/web3.js,5503,State machine,20438,5110
baseline,stage2,web3/web3.js,5503,Proxy contract,20408,5102
baseline,stage2,web3/web3.js,5503,Contract Registry (on-chain),20405,5102
baseline,stage2,web3/web3.js,5503,Factory contract,20087,5022
baseline,stage2,web3/web3.js,5503,Data contract,20356,5089
baseline,stage2,web3/web3.js,5503,Router contract,20446,5112
baseline,stage2,web3/web3.js,5503,Relay contract,20062,5016
baseline,stage2,web3/web3.js,5503,Emergency stop,20062,5016
baseline,stage2,web3/web3.js,5503,Mortal,20236,5059
baseline,stage2,web3/web3.js,5503,Check-Effects-Interactions,18920,4730
baseline,stage2,web3/web3.js,5503,Mutex,18834,4709
baseline,stage2,web3/web3.js,5503,Guard check,18903,4726
baseline,stage2,web3/web3.js,5503,Rate limit,18845,4712
baseline,stage2,web3/web3.js,5503,Balance limit,18856,4714
baseline,stage2,web3/web3.js,5503,Low contract footprint,19361,4841
baseline,stage2,web3/web3.js,5503,Loop unrolling,19311,4828
baseline,stage2,web3/web3.js,5503,Contract size limit,19295,4824
baseline,stage2,web3/web3.js,5503,Off-chain computation,19615,4904
baseline,stage2,web3/web3.js,5503,State anchoring,19946,4987
baseline,stage2,web3/web3.js,5503,Data refresh,21026,5257
baseline,stage2,web3/web3.js,5503,Ownable,18951,4738
baseline,stage2,web3/web3.js,5503,Role-based control,18934,4734
baseline,stage2,web3/web3.js,5503,Permissioned actions,18941,4736
baseline,stage2,web3/web3.js,5503,Implicit authorization,18983,4746
baseline,stage2,web3/web3.js,5503,Limited-access,18963,4741
baseline,stage2,web3/web3.js,5503,Immutable data,18761,4691
baseline,stage2,web3/web3.js,5503,Mutable data,18668,4667
baseline,stage2,web3/web3.js,5503,Append-only data,18704,4676
baseline,stage2,web3/web3.js,5503,Data compression,19536,4884
baseline,stage2,web3/web3.js,5503,Data separation,18705,4677
baseline,stage2,web3/web3.js,5503,Homomorphic encryption,18416,4604
baseline,stage2,web3/web3.js,5503,Zero-knowledge proof,18453,4614
baseline,stage2,web3/web3.js,5503,Commit and Reveal,18460,4615
baseline,stage2,web3/web3.js,5503,Snapshotting,18413,4604
baseline,stage2,web3/web3.js,5503,State initialization,18381,4596
baseline,stage2,web3/web3.js,5503,Establish genesis,18368,4592
baseline,stage2,web3/web3.js,5503,Smart contract translation,18467,4617
baseline,stage2,web3/web3.js,5503,Tokenization,17833,4459
baseline,stage2,web3/web3.js,5503,Self-generated transactions,18383,4596
baseline,stage2,web3/web3.js,5503,Self-Confirmed Transactions,18386,4597
baseline,stage2,web3/web3.js,5503,Delegated Transactions,18386,4597
baseline,stage2,web3/web3.js,5503,Packing variables,19031,4758
baseline,stage2,web3/web3.js,5503,Packing booleans,19008,4752
baseline,stage2,web3/web3.js,5503,Unit vs Unit256,18975,4744
baseline,stage2,web3/web3.js,5503,Mapping vs Array,18707,4677
baseline,stage2,web3/web3.js,5503,Freeing storage,18698,4675
baseline,stage2,paradigmxyz/reth,17371,Ticker tape,18895,4724
baseline,stage2,paradigmxyz/reth,17371,Oracle,18920,4730
baseline,stage2,paradigmxyz/reth,17371,Reverse Oracle,18859,4715
baseline,stage2,paradigmxyz/reth,17371,Pull-based inbound oracle,18850,4713
baseline,stage2,paradigmxyz/reth,17371,Push-based inbound oracle,18876,4719
baseline,stage2,paradigmxyz/reth,17371,State Channel,19073,4769
baseline,stage2,paradigmxyz/reth,17371,Off-chain Contract Registry,20331,5083
baseline,stage2,paradigmxyz/reth,17371,Legal and smart contract pair,19104,4776
baseline,stage2,paradigmxyz/reth,17371,Off-chain data storage,19695,4924
baseline,stage2,paradigmxyz/reth,17371,Confidential and pseudo-anonymous contract enforcement,19125,4782
baseline,stage2,paradigmxyz/reth,17371,Off-chain Signatures,19081,4771
baseline,stage2,paradigmxyz/reth,17371,Delegated Computation,19364,4841
baseline,stage2,paradigmxyz/reth,17371,Master & Sub Key,17748,4437
baseline,stage2,paradigmxyz/reth,17371,Hot & Cold Wallet Storage,17798,4450
baseline,stage2,paradigmxyz/reth,17371,Key Sharding,17763,4441
baseline,stage2,paradigmxyz/reth,17371,X-confirmation,17119,4280
baseline,stage2,paradigmxyz/reth,17371,Blockchain BP Engine,17466,4367
baseline,stage2,paradigmxyz/reth,17371,Smart Contract Activities,17491,4373
baseline,stage2,paradigmxyz/reth,17371,Decentralize business process,17533,4384
baseline,stage2,paradigmxyz/reth,17371,Identifier Registry,18223,4556
baseline,stage2,paradigmxyz/reth,17371,Multiple Registration,18200,4550
baseline,stage2,paradigmxyz/reth,17371,Bound with Social Media,18201,4551
baseline,stage2,paradigmxyz/reth,17371,Dual Resolution,18166,4542
baseline,stage2,paradigmxyz/reth,17371,Delegate List,18192,4548
baseline,stage2,paradigmxyz/reth,17371,Blockchain Security Pattern for Big Data Ecosystems,17118,4280
baseline,stage2,paradigmxyz/reth,17371,Blockchain-based reputation system,19729,4933
baseline,stage2,paradigmxyz/reth,17371,Vote,19708,4927
baseline,stage2,paradigmxyz/reth,17371,Blocklist,19675,4919
baseline,stage2,paradigmxyz/reth,17371,Announcement,19686,4922
baseline,stage2,paradigmxyz/reth,17371,Bulletin Board,19683,4921
baseline,stage2,paradigmxyz/reth,17371,Randomness,19734,4934
baseline,stage2,paradigmxyz/reth,17371,Poll,19683,4921
baseline,stage2,paradigmxyz/reth,17371,Selective Content Generation,19715,4929
baseline,stage2,paradigmxyz/reth,17371,Time-Constrained Access,19713,4929
baseline,stage2,paradigmxyz/reth,17371,One-Off Access,19675,4919
baseline,stage2,paradigmxyz/reth,17371,Digital Record,20380,5095
baseline,stage2,paradigmxyz/reth,17371,State machine,19760,4940
baseline,stage2,paradigmxyz/reth,17371,Proxy contract,19730,4933
baseline,stage2,paradigmxyz/reth,17371,Contract Registry (on-chain),19727,4932
baseline,stage2,paradigmxyz/reth,17371,Factory contract,19409,4853
baseline,stage2,paradigmxyz/reth,17371,Data contract,19678,4920
baseline,stage2,paradigmxyz/reth,17371,Router contract,19768,4942
baseline,stage2,paradigmxyz/reth,17371,Relay contract,19384,4846
baseline,stage2,paradigmxyz/reth,17371,Emergency stop,19384,4846
baseline,stage2,paradigmxyz/reth,17371,Mortal,19558,4890
baseline,stage2,paradigmxyz/reth,17371,Check-Effects-Interactions,18242,4561
baseline,stage2,paradigmxyz/reth,17371,Mutex,18156,4539
baseline,stage2,paradigmxyz/reth,17371,Guard check,18225,4557
baseline,stage2,paradigmxyz/reth,17371,Rate limit,18167,4542
baseline,stage2,paradigmxyz/reth,17371,Balance limit,18178,4545
baseline,stage2,paradigmxyz/reth,17371,Low contract footprint,18683,4671
baseline,stage2,paradigmxyz/reth,17371,Loop unrolling,18633,4659
baseline,stage2,paradigmxyz/reth,17371,Contract size limit,18617,4655
baseline,stage2,paradigmxyz/reth,17371,Off-chain computation,18937,4735
baseline,stage2,paradigmxyz/reth,17371,State anchoring,19268,4817
baseline,stage2,paradigmxyz/reth,17371,Data refresh,20348,5087
baseline,stage2,paradigmxyz/reth,17371,Ownable,18273,4569
baseline,stage2,paradigmxyz/reth,17371,Role-based control,18256,4564
baseline,stage2,paradigmxyz/reth,17371,Permissioned actions,18263,4566
baseline,stage2,paradigmxyz/reth,17371,Implicit authorization,18305,4577
baseline,stage2,paradigmxyz/reth,17371,Limited-access,18285,4572
baseline,stage2,paradigmxyz/reth,17371,Immutable data,18083,4521
baseline,stage2,paradigmxyz/reth,17371,Mutable data,17990,4498
baseline,stage2,paradigmxyz/reth,17371,Append-only data,18026,4507
baseline,stage2,paradigmxyz/reth,17371,Data compression,18858,4715
baseline,stage2,paradigmxyz/reth,17371,Data separation,18027,4507
baseline,stage2,paradigmxyz/reth,17371,Homomorphic encryption,17738,4435
baseline,stage2,paradigmxyz/reth,17371,Zero-knowledge proof,17775,4444
baseline,stage2,paradigmxyz/reth,17371,Commit and Reveal,17782,4446
baseline,stage2,paradigmxyz/reth,17371,Snapshotting,17735,4434
baseline,stage2,paradigmxyz/reth,17371,State initialization,17703,4426
baseline,stage2,paradigmxyz/reth,17371,Establish genesis,17690,4423
baseline,stage2,paradigmxyz/reth,17371,Smart contract translation,17789,4448
baseline,stage2,paradigmxyz/reth,17371,Tokenization,17155,4289
baseline,stage2,paradigmxyz/reth,17371,Self-generated transactions,17705,4427
baseline,stage2,paradigmxyz/reth,17371,Self-Confirmed Transactions,17708,4427
baseline,stage2,paradigmxyz/reth,17371,Delegated Transactions,17708,4427
baseline,stage2,paradigmxyz/reth,17371,Packing variables,18353,4589
baseline,stage2,paradigmxyz/reth,17371,Packing booleans,18330,4583
baseline,stage2,paradigmxyz/reth,17371,Unit vs Unit256,18297,4575
baseline,stage2,paradigmxyz/reth,17371,Mapping vs Array,18029,4508
baseline,stage2,paradigmxyz/reth,17371,Freeing storage,18020,4505
baseline,stage2,foundry-rs/foundry,4883,Ticker tape,19235,4809
baseline,stage2,foundry-rs/foundry,4883,Oracle,19260,4815
baseline,stage2,foundry-rs/foundry,4883,Reverse Oracle,19199,4800
baseline,stage2,foundry-rs/foundry,4883,Pull-based inbound oracle,19190,4798
baseline,stage2,foundry-rs/foundry,4883,Push-based inbound oracle,19216,4804
baseline,stage2,foundry-rs/foundry,4883,State Channel,19413,4854
baseline,stage2,foundry-rs/foundry,4883,Off-chain Contract Registry,20671,5168
baseline,stage2,foundry-rs/foundry,4883,Legal and smart contract pair,19444,4861
baseline,stage2,foundry-rs/foundry,4883,Off-chain data storage,20035,5009
baseline,stage2,foundry-rs/foundry,4883,Confidential and pseudo-anonymous contract enforcement,19465,4867
baseline,stage2,foundry-rs/foundry,4883,Off-chain Signatures,19421,4856
baseline,stage2,foundry-rs/foundry,4883,Delegated Computation,19704,4926
baseline,stage2,foundry-rs/foundry,4883,Master & Sub Key,18088,4522
baseline,stage2,foundry-rs/foundry,4883,Hot & Cold Wallet Storage,18138,4535
baseline,stage2,foundry-rs/foundry,4883,Key Sharding,18103,4526
baseline,stage2,foundry-rs/foundry,4883,X-confirmation,17459,4365
baseline,stage2,foundry-rs/foundry,4883,Blockchain BP Engine,17806,4452
baseline,stage2,foundry-rs/foundry,4883,Smart Contract Activities,17831,4458
baseline,stage2,foundry-rs/foundry,4883,Decentralize business process,17873,4469
baseline,stage2,foundry-rs/foundry,4883,Identifier Registry,18563,4641
baseline,stage2,foundry-rs/foundry,4883,Multiple Registration,18540,4635
baseline,stage2,foundry-rs/foundry,4883,Bound with Social Media,18541,4636
baseline,stage2,foundry-rs/foundry,4883,Dual Resolution,18506,4627
baseline,stage2,foundry-rs/foundry,4883,Delegate List,18532,4633
baseline,stage2,foundry-rs/foundry,4883,Blockchain Security Pattern for Big Data Ecosystems,17458,4365
baseline,stage2,foundry-rs/foundry,4883,Blockchain-based reputation system,20069,5018
baseline,stage2,foundry-rs/foundry,4883,Vote,20048,5012
baseline,stage2,foundry-rs/foundry,4883,Blocklist,20015,5004
baseline,stage2,foundry-rs/foundry,4883,Announcement,20026,5007
baseline,stage2,foundry-rs/foundry,4883,Bulletin Board,20023,5006
baseline,stage2,foundry-rs/foundry,4883,Randomness,20074,5019
baseline,stage2,foundry-rs/foundry,4883,Poll,20023,5006
baseline,stage2,foundry-rs/foundry,4883,Selective Content Generation,20055,5014
baseline,stage2,foundry-rs/foundry,4883,Time-Constrained Access,20053,5014
baseline,stage2,foundry-rs/foundry,4883,One-Off Access,20015,5004
baseline,stage2,foundry-rs/foundry,4883,Digital Record,20720,5180
baseline,stage2,foundry-rs/foundry,4883,State machine,20100,5025
baseline,stage2,foundry-rs/foundry,4883,Proxy contract,20070,5018
baseline,stage2,foundry-rs/foundry,4883,Contract Registry (on-chain),20067,5017
baseline,stage2,foundry-rs/foundry,4883,Factory contract,19749,4938
baseline,stage2,foundry-rs/foundry,4883,Data contract,20018,5005
baseline,stage2,foundry-rs/foundry,4883,Router contract,20108,5027
baseline,stage2,foundry-rs/foundry,4883,Relay contract,19724,4931
baseline,stage2,foundry-rs/foundry,4883,Emergency stop,19724,4931
baseline,stage2,foundry-rs/foundry,4883,Mortal,19898,4975
baseline,stage2,foundry-rs/foundry,4883,Check-Effects-Interactions,18582,4646
baseline,stage2,foundry-rs/foundry,4883,Mutex,18496,4624
baseline,stage2,foundry-rs/foundry,4883,Guard check,18565,4642
baseline,stage2,foundry-rs/foundry,4883,Rate limit,18507,4627
baseline,stage2,foundry-rs/foundry,4883,Balance limit,18518,4630
baseline,stage2,foundry-rs/foundry,4883,Low contract footprint,19023,4756
baseline,stage2,foundry-rs/foundry,4883,Loop unrolling,18973,4744
baseline,stage2,foundry-rs/foundry,4883,Contract size limit,18957,4740
baseline,stage2,foundry-rs/foundry,4883,Off-chain computation,19277,4820
baseline,stage2,foundry-rs/foundry,4883,State anchoring,19608,4902
baseline,stage2,foundry-rs/foundry,4883,Data refresh,20688,5172
baseline,stage2,foundry-rs/foundry,4883,Ownable,18613,4654
baseline,stage2,foundry-rs/foundry,4883,Role-based control,18596,4649
baseline,stage2,foundry-rs/foundry,4883,Permissioned actions,18603,4651
baseline,stage2,foundry-rs/foundry,4883,Implicit authorization,18645,4662
baseline,stage2,foundry-rs/foundry,4883,Limited-access,18625,4657
baseline,stage2,foundry-rs/foundry,4883,Immutable data,18423,4606
baseline,stage2,foundry-rs/foundry,4883,Mutable data,18330,4583
baseline,stage2,foundry-rs/foundry,4883,Append-only data,18366,4592
baseline,stage2,foundry-rs/foundry,4883,Data compression,19198,4800
baseline,stage2,foundry-rs/foundry,4883,Data separation,18367,4592
baseline,stage2,foundry-rs/foundry,4883,Homomorphic encryption,18078,4520
baseline,stage2,foundry-rs/foundry,4883,Zero-knowledge proof,18115,4529
baseline,stage2,foundry-rs/foundry,4883,Commit and Reveal,18122,4531
baseline,stage2,foundry-rs/foundry,4883,Snapshotting,18075,4519
baseline,stage2,foundry-rs/foundry,4883,State initialization,18043,4511
baseline,stage2,foundry-rs/foundry,4883,Establish genesis,18030,4508
baseline,stage2,foundry-rs/foundry,4883,Smart contract translation,18129,4533
baseline,stage2,foundry-rs/foundry,4883,Tokenization,17495,4374
baseline,stage2,foundry-rs/foundry,4883,Self-generated transactions,18045,4512
baseline,stage2,foundry-rs/foundry,4883,Self-Confirmed Transactions,18048,4512
baseline,stage2,foundry-rs/foundry,4883,Delegated Transactions,18048,4512
baseline,stage2,foundry-rs/foundry,4883,Packing variables,18693,4674
baseline,stage2,foundry-rs/foundry,4883,Packing booleans,18670,4668
baseline,stage2,foundry-rs/foundry,4883,Unit vs Unit256,18637,4660
baseline,stage2,foundry-rs/foundry,4883,Mapping vs Array,18369,4593
baseline,stage2,foundry-rs/foundry,4883,Freeing storage,18360,4590
baseline,stage2,ethereum/ethereum-org-website,3897,Ticker tape,23927,5982
baseline,stage2,ethereum/ethereum-org-website,3897,Oracle,23952,5988
baseline,stage2,ethereum/ethereum-org-website,3897,Reverse Oracle,23891,5973
baseline,stage2,ethereum/ethereum-org-website,3897,Pull-based inbound oracle,23882,5971
baseline,stage2,ethereum/ethereum-org-website,3897,Push-based inbound oracle,23908,5977
baseline,stage2,ethereum/ethereum-org-website,3897,State Channel,24105,6027
baseline,stage2,ethereum/ethereum-org-website,3897,Off-chain Contract Registry,25363,6341
baseline,stage2,ethereum/ethereum-org-website,3897,Legal and smart contract pair,24136,6034
baseline,stage2,ethereum/ethereum-org-website,3897,Off-chain data storage,24727,6182
baseline,stage2,ethereum/ethereum-org-website,3897,Confidential and pseudo-anonymous contract enforcement,24157,6040
baseline,stage2,ethereum/ethereum-org-website,3897,Off-chain Signatures,24113,6029
baseline,stage2,ethereum/ethereum-org-website,3897,Delegated Computation,24396,6099
baseline,stage2,ethereum/ethereum-org-website,3897,Master & Sub Key,22780,5695
baseline,stage2,ethereum/ethereum-org-website,3897,Hot & Cold Wallet Storage,22830,5708
baseline,stage2,ethereum/ethereum-org-website,3897,Key Sharding,22795,5699
baseline,stage2,ethereum/ethereum-org-website,3897,X-confirmation,22151,5538
baseline,stage2,ethereum/ethereum-org-website,3897,Blockchain BP Engine,22498,5625
baseline,stage2,ethereum/ethereum-org-website,3897,Smart Contract Activities,22523,5631
baseline,stage2,ethereum/ethereum-org-website,3897,Decentralize business process,22565,5642
baseline,stage2,ethereum/ethereum-org-website,3897,Identifier Registry,23255,5814
baseline,stage2,ethereum/ethereum-org-website,3897,Multiple Registration,23232,5808
baseline,stage2,ethereum/ethereum-org-website,3897,Bound with Social Media,23233,5809
baseline,stage2,ethereum/ethereum-org-website,3897,Dual Resolution,23198,5800
baseline,stage2,ethereum/ethereum-org-website,3897,Delegate List,23224,5806
baseline,stage2,ethereum/ethereum-org-website,3897,Blockchain Security Pattern for Big Data Ecosystems,22150,5538
baseline,stage2,ethereum/ethereum-org-website,3897,Blockchain-based reputation system,24761,6191
baseline,stage2,ethereum/ethereum-org-website,3897,Vote,24740,6185
baseline,stage2,ethereum/ethereum-org-website,3897,Blocklist,24707,6177
baseline,stage2,ethereum/ethereum-org-website,3897,Announcement,24718,6180
baseline,stage2,ethereum/ethereum-org-website,3897,Bulletin Board,24715,6179
baseline,stage2,ethereum/ethereum-org-website,3897,Randomness,24766,6192
baseline,stage2,ethereum/ethereum-org-website,3897,Poll,24715,6179
baseline,stage2,ethereum/ethereum-org-website,3897,Selective Content Generation,24747,6187
baseline,stage2,ethereum/ethereum-org-website,3897,Time-Constrained Access,24745,6187
baseline,stage2,ethereum/ethereum-org-website,3897,One-Off Access,24707,6177
baseline,stage2,ethereum/ethereum-org-website,3897,Digital Record,25412,6353
baseline,stage2,ethereum/ethereum-org-website,3897,State machine,24792,6198
baseline,stage2,ethereum/ethereum-org-website,3897,Proxy contract,24762,6191
baseline,stage2,ethereum/ethereum-org-website,3897,Contract Registry (on-chain),24759,6190
baseline,stage2,ethereum/ethereum-org-website,3897,Factory contract,24441,6111
baseline,stage2,ethereum/ethereum-org-website,3897,Data contract,24710,6178
baseline,stage2,ethereum/ethereum-org-website,3897,Router contract,24800,6200
baseline,stage2,ethereum/ethereum-org-website,3897,Relay contract,24416,6104
baseline,stage2,ethereum/ethereum-org-website,3897,Emergency stop,24416,6104
baseline,stage2,ethereum/ethereum-org-website,3897,Mortal,24590,6148
baseline,stage2,ethereum/ethereum-org-website,3897,Check-Effects-Interactions,23274,5819
baseline,stage2,ethereum/ethereum-org-website,3897,Mutex,23188,5797
baseline,stage2,ethereum/ethereum-org-website,3897,Guard check,23257,5815
baseline,stage2,ethereum/ethereum-org-website,3897,Rate limit,23199,5800
baseline,stage2,ethereum/ethereum-org-website,3897,Balance limit,23210,5803
baseline,stage2,ethereum/ethereum-org-website,3897,Low contract footprint,23715,5929
baseline,stage2,ethereum/ethereum-org-website,3897,Loop unrolling,23665,5917
baseline,stage2,ethereum/ethereum-org-website,3897,Contract size limit,23649,5913
baseline,stage2,ethereum/ethereum-org-website,3897,Off-chain computation,23969,5993
baseline,stage2,ethereum/ethereum-org-website,3897,State anchoring,24300,6075
baseline,stage2,ethereum/ethereum-org-website,3897,Data refresh,25380,6345
baseline,stage2,ethereum/ethereum-org-website,3897,Ownable,23305,5827
baseline,stage2,ethereum/ethereum-org-website,3897,Role-based control,23288,5822
baseline,stage2,ethereum/ethereum-org-website,3897,Permissioned actions,23295,5824
baseline,stage2,ethereum/ethereum-org-website,3897,Implicit authorization,23337,5835
baseline,stage2,ethereum/ethereum-org-website,3897,Limited-access,23317,5830
baseline,stage2,ethereum/ethereum-org-website,3897,Immutable data,23115,5779
baseline,stage2,ethereum/ethereum-org-website,3897,Mutable data,23022,5756
baseline,stage2,ethereum/ethereum-org-website,3897,Append-only data,23058,5765
baseline,stage2,ethereum/ethereum-org-website,3897,Data compression,23890,5973
baseline,stage2,ethereum/ethereum-org-website,3897,Data separation,23059,5765
baseline,stage2,ethereum/ethereum-org-website,3897,Homomorphic encryption,22770,5693
baseline,stage2,ethereum/ethereum-org-website,3897,Zero-knowledge proof,22807,5702
baseline,stage2,ethereum/ethereum-org-website,3897,Commit and Reveal,22814,5704
baseline,stage2,ethereum/ethereum-org-website,3897,Snapshotting,22767,5692
baseline,stage2,ethereum/ethereum-org-website,3897,State initialization,22735,5684
baseline,stage2,ethereum/ethereum-org-website,3897,Establish genesis,22722,5681
baseline,stage2,ethereum/ethereum-org-website,3897,Smart contract translation,22821,5706
baseline,stage2,ethereum/ethereum-org-website,3897,Tokenization,22187,5547
baseline,stage2,ethereum/ethereum-org-website,3897,Self-generated transactions,22737,5685
baseline,stage2,ethereum/ethereum-org-website,3897,Self-Confirmed Transactions,22740,5685
baseline,stage2,ethereum/ethereum-org-website,3897,Delegated Transactions,22740,5685
baseline,stage2,ethereum/ethereum-org-website,3897,Packing variables,23385,5847
baseline,stage2,ethereum/ethereum-org-website,3897,Packing booleans,23362,5841
baseline,stage2,ethereum/ethereum-org-website,3897,Unit vs Unit256,23329,5833
baseline,stage2,ethereum/ethereum-org-website,3897,Mapping vs Array,23061,5766
baseline,stage2,ethereum/ethereum-org-website,3897,Freeing storage,23052,5763
baseline,stage2,solana-labs/token-list,1729,Ticker tape,19533,4884
baseline,stage2,solana-labs/token-list,1729,Oracle,19558,4890
baseline,stage2,solana-labs/token-list,1729,Reverse Oracle,19497,4875
baseline,stage2,solana-labs/token-list,1729,Pull-based inbound oracle,19488,4872
baseline,stage2,solana-labs/token-list,1729,Push-based inbound oracle,19514,4879
baseline,stage2,solana-labs/token-list,1729,State Channel,19711,4928
baseline,stage2,solana-labs/token-list,1729,Off-chain Contract Registry,20969,5243
baseline,stage2,solana-labs/token-list,1729,Legal and smart contract pair,19742,4936
baseline,stage2,solana-labs/token-list,1729,Off-chain data storage,20333,5084
baseline,stage2,solana-labs/token-list,1729,Confidential and pseudo-anonymous contract enforcement,19763,4941
baseline,stage2,solana-labs/token-list,1729,Off-chain Signatures,19719,4930
baseline,stage2,solana-labs/token-list,1729,Delegated Computation,20002,5001
baseline,stage2,solana-labs/token-list,1729,Master & Sub Key,18386,4597
baseline,stage2,solana-labs/token-list,1729,Hot & Cold Wallet Storage,18436,4609
baseline,stage2,solana-labs/token-list,1729,Key Sharding,18401,4601
baseline,stage2,solana-labs/token-list,1729,X-confirmation,17757,4440
baseline,stage2,solana-labs/token-list,1729,Blockchain BP Engine,18104,4526
baseline,stage2,solana-labs/token-list,1729,Smart Contract Activities,18129,4533
baseline,stage2,solana-labs/token-list,1729,Decentralize business process,18171,4543
baseline,stage2,solana-labs/token-list,1729,Identifier Registry,18861,4716
baseline,stage2,solana-labs/token-list,1729,Multiple Registration,18838,4710
baseline,stage2,solana-labs/token-list,1729,Bound with Social Media,18839,4710
baseline,stage2,solana-labs/token-list,1729,Dual Resolution,18804,4701
baseline,stage2,solana-labs/token-list,1729,Delegate List,18830,4708
baseline,stage2,solana-labs/token-list,1729,Blockchain Security Pattern for Big Data Ecosystems,17756,4439
baseline,stage2,solana-labs/token-list,1729,Blockchain-based reputation system,20367,5092
baseline,stage2,solana-labs/token-list,1729,Vote,20346,5087
baseline,stage2,solana-labs/token-list,1729,Blocklist,20313,5079
baseline,stage2,solana-labs/token-list,1729,Announcement,20324,5081
baseline,stage2,solana-labs/token-list,1729,Bulletin Board,20321,5081
baseline,stage2,solana-labs/token-list,1729,Randomness,20372,5093
baseline,stage2,solana-labs/token-list,1729,Poll,20321,5081
baseline,stage2,solana-labs/token-list,1729,Selective Content Generation,20353,5089
baseline,stage2,solana-labs/token-list,1729,Time-Constrained Access,20351,5088
baseline,stage2,solana-labs/token-list,1729,One-Off Access,20313,5079
baseline,stage2,solana-labs/token-list,1729,Digital Record,21018,5255
baseline,stage2,solana-labs/token-list,1729,State machine,20398,5100
baseline,stage2,solana-labs/token-list,1729,Proxy contract,20368,5092
baseline,stage2,solana-labs/token-list,1729,Contract Registry (on-chain),20365,5092
baseline,stage2,solana-labs/token-list,1729,Factory contract,20047,5012
baseline,stage2,solana-labs/token-list,1729,Data contract,20316,5079
baseline,stage2,solana-labs/token-list,1729,Router contract,20406,5102
baseline,stage2,solana-labs/token-list,1729,Relay contract,20022,5006
baseline,stage2,solana-labs/token-list,1729,Emergency stop,20022,5006
baseline,stage2,solana-labs/token-list,1729,Mortal,20196,5049
baseline,stage2,solana-labs/token-list,1729,Check-Effects-Interactions,18880,4720
baseline,stage2,solana-labs/token-list,1729,Mutex,18794,4699
baseline,stage2,solana-labs/token-list,1729,Guard check,18863,4716
baseline,stage2,solana-labs/token-list,1729,Rate limit,18805,4702
baseline,stage2,solana-labs/token-list,1729,Balance limit,18816,4704
baseline,stage2,solana-labs/token-list,1729,Low contract footprint,19321,4831
baseline,stage2,solana-labs/token-list,1729,Loop unrolling,19271,4818
baseline,stage2,solana-labs/token-list,1729,Contract size limit,19255,4814
baseline,stage2,solana-labs/token-list,1729,Off-chain computation,19575,4894
baseline,stage2,solana-labs/token-list,1729,State anchoring,19906,4977
baseline,stage2,solana-labs/token-list,1729,Data refresh,20986,5247
baseline,stage2,solana-labs/token-list,1729,Ownable,18911,4728
baseline,stage2,solana-labs/token-list,1729,Role-based control,18894,4724
baseline,stage2,solana-labs/token-list,1729,Permissioned actions,18901,4726
baseline,stage2,solana-labs/token-list,1729,Implicit authorization,18943,4736
baseline,stage2,solana-labs/token-list,1729,Limited-access,18923,4731
baseline,stage2,solana-labs/token-list,1729,Immutable data,18721,4681
baseline,stage2,solana-labs/token-list,1729,Mutable data,18628,4657
baseline,stage2,solana-labs/token-list,1729,Append-only data,18664,4666
baseline,stage2,solana-labs/token-list,1729,Data compression,19496,4874
baseline,stage2,solana-labs/token-list,1729,Data separation,18665,4667
baseline,stage2,solana-labs/token-list,1729,Homomorphic encryption,18376,4594
baseline,stage2,solana-labs/token-list,1729,Zero-knowledge proof,18413,4604
baseline,stage2,solana-labs/token-list,1729,Commit and Reveal,18420,4605
baseline,stage2,solana-labs/token-list,1729,Snapshotting,18373,4594
baseline,stage2,solana-labs/token-list,1729,State initialization,18341,4586
baseline,stage2,solana-labs/token-list,1729,Establish genesis,18328,4582
baseline,stage2,solana-labs/token-list,1729,Smart contract translation,18427,4607
baseline,stage2,solana-labs/token-list,1729,Tokenization,17793,4449
baseline,stage2,solana-labs/token-list,1729,Self-generated transactions,18343,4586
baseline,stage2,solana-labs/token-list,1729,Self-Confirmed Transactions,18346,4587
baseline,stage2,solana-labs/token-list,1729,Delegated Transactions,18346,4587
baseline,stage2,solana-labs/token-list,1729,Packing variables,18991,4748
baseline,stage2,solana-labs/token-list,1729,Packing booleans,18968,4742
baseline,stage2,solana-labs/token-list,1729,Unit vs Unit256,18935,4734
baseline,stage2,solana-labs/token-list,1729,Mapping vs Array,18667,4667
baseline,stage2,solana-labs/token-list,1729,Freeing storage,18658,4665
baseline,stage2,WalletConnect/walletconnect-docs,156,Ticker tape,19139,4785
baseline,stage2,WalletConnect/walletconnect-docs,156,Oracle,19164,4791
baseline,stage2,WalletConnect/walletconnect-docs,156,Reverse Oracle,19103,4776
baseline,stage2,WalletConnect/walletconnect-docs,156,Pull-based inbound oracle,19094,4774
baseline,stage2,WalletConnect/walletconnect-docs,156,Push-based inbound oracle,19120,4780
baseline,stage2,WalletConnect/walletconnect-docs,156,State Channel,19317,4830
baseline,stage2,WalletConnect/walletconnect-docs,156,Off-chain Contract Registry,20575,5144
baseline,stage2,WalletConnect/walletconnect-docs,156,Legal and smart contract pair,19348,4837
baseline,stage2,WalletConnect/walletconnect-docs,156,Off-chain data storage,19939,4985
baseline,stage2,WalletConnect/walletconnect-docs,156,Confidential and pseudo-anonymous contract enforcement,19369,4843
baseline,stage2,WalletConnect/walletconnect-docs,156,Off-chain Signatures,19325,4832
baseline,stage2,WalletConnect/walletconnect-docs,156,Delegated Computation,19608,4902
baseline,stage2,WalletConnect/walletconnect-docs,156,Master & Sub Key,17992,4498
baseline,stage2,WalletConnect/walletconnect-docs,156,Hot & Cold Wallet Storage,18042,4511
baseline,stage2,WalletConnect/walletconnect-docs,156,Key Sharding,18007,4502
baseline,stage2,WalletConnect/walletconnect-docs,156,X-confirmation,17363,4341
baseline,stage2,WalletConnect/walletconnect-docs,156,Blockchain BP Engine,17710,4428
baseline,stage2,WalletConnect/walletconnect-docs,156,Smart Contract Activities,17735,4434
baseline,stage2,WalletConnect/walletconnect-docs,156,Decentralize business process,17777,4445
baseline,stage2,WalletConnect/walletconnect-docs,156,Identifier Registry,18467,4617
baseline,stage2,WalletConnect/walletconnect-docs,156,Multiple Registration,18444,4611
baseline,stage2,WalletConnect/walletconnect-docs,156,Bound with Social Media,18445,4612
baseline,stage2,WalletConnect/walletconnect-docs,156,Dual Resolution,18410,4603
baseline,stage2,WalletConnect/walletconnect-docs,156,Delegate List,18436,4609
baseline,stage2,WalletConnect/walletconnect-docs,156,Blockchain Security Pattern for Big Data Ecosystems,17362,4341
baseline,stage2,WalletConnect/walletconnect-docs,156,Blockchain-based reputation system,19973,4994
baseline,stage2,WalletConnect/walletconnect-docs,156,Vote,19952,4988
baseline,stage2,WalletConnect/walletconnect-docs,156,Blocklist,19919,4980
baseline,stage2,WalletConnect/walletconnect-docs,156,Announcement,19930,4983
baseline,stage2,WalletConnect/walletconnect-docs,156,Bulletin Board,19927,4982
baseline,stage2,WalletConnect/walletconnect-docs,156,Randomness,19978,4995
baseline,stage2,WalletConnect/walletconnect-docs,156,Poll,19927,4982
baseline,stage2,WalletConnect/walletconnect-docs,156,Selective Content Generation,19959,4990
baseline,stage2,WalletConnect/walletconnect-docs,156,Time-Constrained Access,19957,4990
baseline,stage2,WalletConnect/walletconnect-docs,156,One-Off Access,19919,4980
baseline,stage2,WalletConnect/walletconnect-docs,156,Digital Record,20624,5156
baseline,stage2,WalletConnect/walletconnect-docs,156,State machine,20004,5001
baseline,stage2,WalletConnect/walletconnect-docs,156,Proxy contract,19974,4994
baseline,stage2,WalletConnect/walletconnect-docs,156,Contract Registry (on-chain),19971,4993
baseline,stage2,WalletConnect/walletconnect-docs,156,Factory contract,19653,4914
baseline,stage2,WalletConnect/walletconnect-docs,156,Data contract,19922,4981
baseline,stage2,WalletConnect/walletconnect-docs,156,Router contract,20012,5003
baseline,stage2,WalletConnect/walletconnect-docs,156,Relay contract,19628,4907
baseline,stage2,WalletConnect/walletconnect-docs,156,Emergency stop,19628,4907
baseline,stage2,WalletConnect/walletconnect-docs,156,Mortal,19802,4951
baseline,stage2,WalletConnect/walletconnect-docs,156,Check-Effects-Interactions,18486,4622
baseline,stage2,WalletConnect/walletconnect-docs,156,Mutex,18400,4600
baseline,stage2,WalletConnect/walletconnect-docs,156,Guard check,18469,4618
baseline,stage2,WalletConnect/walletconnect-docs,156,Rate limit,18411,4603
baseline,stage2,WalletConnect/walletconnect-docs,156,Balance limit,18422,4606
baseline,stage2,WalletConnect/walletconnect-docs,156,Low contract footprint,18927,4732
baseline,stage2,WalletConnect/walletconnect-docs,156,Loop unrolling,18877,4720
baseline,stage2,WalletConnect/walletconnect-docs,156,Contract size limit,18861,4716
baseline,stage2,WalletConnect/walletconnect-docs,156,Off-chain computation,19181,4796
baseline,stage2,WalletConnect/walletconnect-docs,156,State anchoring,19512,4878
baseline,stage2,WalletConnect/walletconnect-docs,156,Data refresh,20592,5148
baseline,stage2,WalletConnect/walletconnect-docs,156,Ownable,18517,4630
baseline,stage2,WalletConnect/walletconnect-docs,156,Role-based control,18500,4625
baseline,stage2,WalletConnect/walletconnect-docs,156,Permissioned actions,18507,4627
baseline,stage2,WalletConnect/walletconnect-docs,156,Implicit authorization,18549,4638
baseline,stage2,WalletConnect/walletconnect-docs,156,Limited-access,18529,4633
baseline,stage2,WalletConnect/walletconnect-docs,156,Immutable data,18327,4582
baseline,stage2,WalletConnect/walletconnect-docs,156,Mutable data,18234,4559
baseline,stage2,WalletConnect/walletconnect-docs,156,Append-only data,18270,4568
baseline,stage2,WalletConnect/walletconnect-docs,156,Data compression,19102,4776
baseline,stage2,WalletConnect/walletconnect-docs,156,Data separation,18271,4568
baseline,stage2,WalletConnect/walletconnect-docs,156,Homomorphic encryption,17982,4496
baseline,stage2,WalletConnect/walletconnect-docs,156,Zero-knowledge proof,18019,4505
baseline,stage2,WalletConnect/walletconnect-docs,156,Commit and Reveal,18026,4507
baseline,stage2,WalletConnect/walletconnect-docs,156,Snapshotting,17979,4495
baseline,stage2,WalletConnect/walletconnect-docs,156,State initialization,17947,4487
baseline,stage2,WalletConnect/walletconnect-docs,156,Establish genesis,17934,4484
baseline,stage2,WalletConnect/walletconnect-docs,156,Smart contract translation,18033,4509
baseline,stage2,WalletConnect/walletconnect-docs,156,Tokenization,17399,4350
baseline,stage2,WalletConnect/walletconnect-docs,156,Self-generated transactions,17949,4488
baseline,stage2,WalletConnect/walletconnect-docs,156,Self-Confirmed Transactions,17952,4488
baseline,stage2,WalletConnect/walletconnect-docs,156,Delegated Transactions,17952,4488
baseline,stage2,WalletConnect/walletconnect-docs,156,Packing variables,18597,4650
baseline,stage2,WalletConnect/walletconnect-docs,156,Packing booleans,18574,4644
baseline,stage2,WalletConnect/walletconnect-docs,156,Unit vs Unit256,18541,4636
baseline,stage2,WalletConnect/walletconnect-docs,156,Mapping vs Array,18273,4569
baseline,stage2,WalletConnect/walletconnect-docs,156,Freeing storage,18264,4566
baseline,stage2,MetaMask/metamask-extension,24790,Ticker tape,21628,5407
baseline,stage2,MetaMask/metamask-extension,24790,Oracle,21653,5414
baseline,stage2,MetaMask/metamask-extension,24790,Reverse Oracle,21592,5398
baseline,stage2,MetaMask/metamask-extension,24790,Pull-based inbound oracle,21583,5396
baseline,stage2,MetaMask/metamask-extension,24790,Push-based inbound oracle,21609,5403
baseline,stage2,MetaMask/metamask-extension,24790,State Channel,21806,5452
baseline,stage2,MetaMask/metamask-extension,24790,Off-chain Contract Registry,23064,5766
baseline,stage2,MetaMask/metamask-extension,24790,Legal and smart contract pair,21837,5460
baseline,stage2,MetaMask/metamask-extension,24790,Off-chain data storage,22428,5607
baseline,stage2,MetaMask/metamask-extension,24790,Confidential and pseudo-anonymous contract enforcement,21858,5465
baseline,stage2,MetaMask/metamask-extension,24790,Off-chain Signatures,21814,5454
baseline,stage2,MetaMask/metamask-extension,24790,Delegated Computation,22097,5525
baseline,stage2,MetaMask/metamask-extension,24790,Master & Sub Key,20481,5121
baseline,stage2,MetaMask/metamask-extension,24790,Hot & Cold Wallet Storage,20531,5133
baseline,stage2,MetaMask/metamask-extension,24790,Key Sharding,20496,5124
baseline,stage2,MetaMask/metamask-extension,24790,X-confirmation,19852,4963
baseline,stage2,MetaMask/metamask-extension,24790,Blockchain BP Engine,20199,5050
baseline,stage2,MetaMask/metamask-extension,24790,Smart Contract Activities,20224,5056
baseline,stage2,MetaMask/metamask-extension,24790,Decentralize business process,20266,5067
baseline,stage2,MetaMask/metamask-extension,24790,Identifier Registry,20956,5239
baseline,stage2,MetaMask/metamask-extension,24790,Multiple Registration,20933,5234
baseline,stage2,MetaMask/metamask-extension,24790,Bound with Social Media,20934,5234
baseline,stage2,MetaMask/metamask-extension,24790,Dual Resolution,20899,5225
baseline,stage2,MetaMask/metamask-extension,24790,Delegate List,20925,5232
baseline,stage2,MetaMask/metamask-extension,24790,Blockchain Security Pattern for Big Data Ecosystems,19851,4963
baseline,stage2,MetaMask/metamask-extension,24790,Blockchain-based reputation system,22462,5616
baseline,stage2,MetaMask/metamask-extension,24790,Vote,22441,5611
baseline,stage2,MetaMask/metamask-extension,24790,Blocklist,22408,5602
baseline,stage2,MetaMask/metamask-extension,24790,Announcement,22419,5605
baseline,stage2,MetaMask/metamask-extension,24790,Bulletin Board,22416,5604
baseline,stage2,MetaMask/metamask-extension,24790,Randomness,22467,5617
baseline,stage2,MetaMask/metamask-extension,24790,Poll,22416,5604
baseline,stage2,MetaMask/metamask-extension,24790,Selective Content Generation,22448,5612
baseline,stage2,MetaMask/metamask-extension,24790,Time-Constrained Access,22446,5612
baseline,stage2,MetaMask/metamask-extension,24790,One-Off Access,22408,5602
baseline,stage2,MetaMask/metamask-extension,24790,Digital Record,23113,5779
baseline,stage2,MetaMask/metamask-extension,24790,State machine,22493,5624
baseline,stage2,MetaMask/metamask-extension,24790,Proxy contract,22463,5616
baseline,stage2,MetaMask/metamask-extension,24790,Contract Registry (on-chain),22460,5615
baseline,stage2,MetaMask/metamask-extension,24790,Factory contract,22142,5536
baseline,stage2,MetaMask/metamask-extension,24790,Data contract,22411,5603
baseline,stage2,MetaMask/metamask-extension,24790,Router contract,22501,5626
baseline,stage2,MetaMask/metamask-extension,24790,Relay contract,22117,5530
baseline,stage2,MetaMask/metamask-extension,24790,Emergency stop,22117,5530
baseline,stage2,MetaMask/metamask-extension,24790,Mortal,22291,5573
baseline,stage2,MetaMask/metamask-extension,24790,Check-Effects-Interactions,20975,5244
baseline,stage2,MetaMask/metamask-extension,24790,Mutex,20889,5223
baseline,stage2,MetaMask/metamask-extension,24790,Guard check,20958,5240
baseline,stage2,MetaMask/metamask-extension,24790,Rate limit,20900,5225
baseline,stage2,MetaMask/metamask-extension,24790,Balance limit,20911,5228
baseline,stage2,MetaMask/metamask-extension,24790,Low contract footprint,21416,5354
baseline,stage2,MetaMask/metamask-extension,24790,Loop unrolling,21366,5342
baseline,stage2,MetaMask/metamask-extension,24790,Contract size limit,21350,5338
baseline,stage2,MetaMask/metamask-extension,24790,Off-chain computation,21670,5418
baseline,stage2,MetaMask/metamask-extension,24790,State anchoring,22001,5501
baseline,stage2,MetaMask/metamask-extension,24790,Data refresh,23081,5771
baseline,stage2,MetaMask/metamask-extension,24790,Ownable,21006,5252
baseline,stage2,MetaMask/metamask-extension,24790,Role-based control,20989,5248
baseline,stage2,MetaMask/metamask-extension,24790,Permissioned actions,20996,5249
baseline,stage2,MetaMask/metamask-extension,24790,Implicit authorization,21038,5260
baseline,stage2,MetaMask/metamask-extension,24790,Limited-access,21018,5255
baseline,stage2,MetaMask/metamask-extension,24790,Immutable data,20816,5204
baseline,stage2,MetaMask/metamask-extension,24790,Mutable data,20723,5181
baseline,stage2,MetaMask/metamask-extension,24790,Append-only data,20759,5190
baseline,stage2,MetaMask/metamask-extension,24790,Data compression,21591,5398
baseline,stage2,MetaMask/metamask-extension,24790,Data separation,20760,5190
baseline,stage2,MetaMask/metamask-extension,24790,Homomorphic encryption,20471,5118
baseline,stage2,MetaMask/metamask-extension,24790,Zero-knowledge proof,20508,5127
baseline,stage2,MetaMask/metamask-extension,24790,Commit and Reveal,20515,5129
baseline,stage2,MetaMask/metamask-extension,24790,Snapshotting,20468,5117
baseline,stage2,MetaMask/metamask-extension,24790,State initialization,20436,5109
baseline,stage2,MetaMask/metamask-extension,24790,Establish genesis,20423,5106
baseline,stage2,MetaMask/metamask-extension,24790,Smart contract translation,20522,5131
baseline,stage2,MetaMask/metamask-extension,24790,Tokenization,19888,4972
baseline,stage2,MetaMask/metamask-extension,24790,Self-generated transactions,20438,5110
baseline,stage2,MetaMask/metamask-extension,24790,Self-Confirmed Transactions,20441,5111
baseline,stage2,MetaMask/metamask-extension,24790,Delegated Transactions,20441,5111
baseline,stage2,MetaMask/metamask-extension,24790,Packing variables,21086,5272
baseline,stage2,MetaMask/metamask-extension,24790,Packing booleans,21063,5266
baseline,stage2,MetaMask/metamask-extension,24790,Unit vs Unit256,21030,5258
baseline,stage2,MetaMask/metamask-extension,24790,Mapping vs Array,20762,5191
baseline,stage2,MetaMask/metamask-extension,24790,Freeing storage,20753,5189
baseline,stage2,openethereum/parity-ethereum,5387,Ticker tape,19114,4779
baseline,stage2,openethereum/parity-ethereum,5387,Oracle,19139,4785
baseline,stage2,openethereum/parity-ethereum,5387,Reverse Oracle,19078,4770
baseline,stage2,openethereum/parity-ethereum,5387,Pull-based inbound oracle,19069,4768
baseline,stage2,openethereum/parity-ethereum,5387,Push-based inbound oracle,19095,4774
baseline,stage2,openethereum/parity-ethereum,5387,State Channel,19292,4823
baseline,stage2,openethereum/parity-ethereum,5387,Off-chain Contract Registry,20550,5138
baseline,stage2,openethereum/parity-ethereum,5387,Legal and smart contract pair,19323,4831
baseline,stage2,openethereum/parity-ethereum,5387,Off-chain data storage,19914,4979
baseline,stage2,openethereum/parity-ethereum,5387,Confidential and pseudo-anonymous contract enforcement,19344,4836
baseline,stage2,openethereum/parity-ethereum,5387,Off-chain Signatures,19300,4825
baseline,stage2,openethereum/parity-ethereum,5387,Delegated Computation,19583,4896
baseline,stage2,openethereum/parity-ethereum,5387,Master & Sub Key,17967,4492
baseline,stage2,openethereum/parity-ethereum,5387,Hot & Cold Wallet Storage,18017,4505
baseline,stage2,openethereum/parity-ethereum,5387,Key Sharding,17982,4496
baseline,stage2,openethereum/parity-ethereum,5387,X-confirmation,17338,4335
baseline,stage2,openethereum/parity-ethereum,5387,Blockchain BP Engine,17685,4422
baseline,stage2,openethereum/parity-ethereum,5387,Smart Contract Activities,17710,4428
baseline,stage2,openethereum/parity-ethereum,5387,Decentralize business process,17752,4438
baseline,stage2,openethereum/parity-ethereum,5387,Identifier Registry,18442,4611
baseline,stage2,openethereum/parity-ethereum,5387,Multiple Registration,18419,4605
baseline,stage2,openethereum/parity-ethereum,5387,Bound with Social Media,18420,4605
baseline,stage2,openethereum/parity-ethereum,5387,Dual Resolution,18385,4597
baseline,stage2,openethereum/parity-ethereum,5387,Delegate List,18411,4603
baseline,stage2,openethereum/parity-ethereum,5387,Blockchain Security Pattern for Big Data Ecosystems,17337,4335
baseline,stage2,openethereum/parity-ethereum,5387,Blockchain-based reputation system,19948,4987
baseline,stage2,openethereum/parity-ethereum,5387,Vote,19927,4982
baseline,stage2,openethereum/parity-ethereum,5387,Blocklist,19894,4974
baseline,stage2,openethereum/parity-ethereum,5387,Announcement,19905,4977
baseline,stage2,openethereum/parity-ethereum,5387,Bulletin Board,19902,4976
baseline,stage2,openethereum/parity-ethereum,5387,Randomness,19953,4989
baseline,stage2,openethereum/parity-ethereum,5387,Poll,19902,4976
baseline,stage2,openethereum/parity-ethereum,5387,Selective Content Generation,19934,4984
baseline,stage2,openethereum/parity-ethereum,5387,Time-Constrained Access,19932,4983
baseline,stage2,openethereum/parity-ethereum,5387,One-Off Access,19894,4974
baseline,stage2,openethereum/parity-ethereum,5387,Digital Record,20599,5150
baseline,stage2,openethereum/parity-ethereum,5387,State machine,19979,4995
baseline,stage2,openethereum/parity-ethereum,5387,Proxy contract,19949,4988
baseline,stage2,openethereum/parity-ethereum,5387,Contract Registry (on-chain),19946,4987
baseline,stage2,openethereum/parity-ethereum,5387,Factory contract,19628,4907
baseline,stage2,openethereum/parity-ethereum,5387,Data contract,19897,4975
baseline,stage2,openethereum/parity-ethereum,5387,Router contract,19987,4997
baseline,stage2,openethereum/parity-ethereum,5387,Relay contract,19603,4901
baseline,stage2,openethereum/parity-ethereum,5387,Emergency stop,19603,4901
baseline,stage2,openethereum/parity-ethereum,5387,Mortal,19777,4945
baseline,stage2,openethereum/parity-ethereum,5387,Check-Effects-Interactions,18461,4616
baseline,stage2,openethereum/parity-ethereum,5387,Mutex,18375,4594
baseline,stage2,openethereum/parity-ethereum,5387,Guard check,18444,4611
baseline,stage2,openethereum/parity-ethereum,5387,Rate limit,18386,4597
baseline,stage2,openethereum/parity-ethereum,5387,Balance limit,18397,4600
baseline,stage2,openethereum/parity-ethereum,5387,Low contract footprint,18902,4726
baseline,stage2,openethereum/parity-ethereum,5387,Loop unrolling,18852,4713
baseline,stage2,openethereum/parity-ethereum,5387,Contract size limit,18836,4709
baseline,stage2,openethereum/parity-ethereum,5387,Off-chain computation,19156,4789
baseline,stage2,openethereum/parity-ethereum,5387,State anchoring,19487,4872
baseline,stage2,openethereum/parity-ethereum,5387,Data refresh,20567,5142
baseline,stage2,openethereum/parity-ethereum,5387,Ownable,18492,4623
baseline,stage2,openethereum/parity-ethereum,5387,Role-based control,18475,4619
baseline,stage2,openethereum/parity-ethereum,5387,Permissioned actions,18482,4621
baseline,stage2,openethereum/parity-ethereum,5387,Implicit authorization,18524,4631
baseline,stage2,openethereum/parity-ethereum,5387,Limited-access,18504,4626
baseline,stage2,openethereum/parity-ethereum,5387,Immutable data,18302,4576
baseline,stage2,openethereum/parity-ethereum,5387,Mutable data,18209,4553
baseline,stage2,openethereum/parity-ethereum,5387,Append-only data,18245,4562
baseline,stage2,openethereum/parity-ethereum,5387,Data compression,19077,4770
baseline,stage2,openethereum/parity-ethereum,5387,Data separation,18246,4562
baseline,stage2,openethereum/parity-ethereum,5387,Homomorphic encryption,17957,4490
baseline,stage2,openethereum/parity-ethereum,5387,Zero-knowledge proof,17994,4499
baseline,stage2,openethereum/parity-ethereum,5387,Commit and Reveal,18001,4501
baseline,stage2,openethereum/parity-ethereum,5387,Snapshotting,17954,4489
baseline,stage2,openethereum/parity-ethereum,5387,State initialization,17922,4481
baseline,stage2,openethereum/parity-ethereum,5387,Establish genesis,17909,4478
baseline,stage2,openethereum/parity-ethereum,5387,Smart contract translation,18008,4502
baseline,stage2,openethereum/parity-ethereum,5387,Tokenization,17374,4344
baseline,stage2,openethereum/parity-ethereum,5387,Self-generated transactions,17924,4481
baseline,stage2,openethereum/parity-ethereum,5387,Self-Confirmed Transactions,17927,4482
baseline,stage2,openethereum/parity-ethereum,5387,Delegated Transactions,17927,4482
baseline,stage2,openethereum/parity-ethereum,5387,Packing variables,18572,4643
baseline,stage2,openethereum/parity-ethereum,5387,Packing booleans,18549,4638
baseline,stage2,openethereum/parity-ethereum,5387,Unit vs Unit256,18516,4629
baseline,stage2,openethereum/parity-ethereum,5387,Mapping vs Array,18248,4562
baseline,stage2,openethereum/parity-ethereum,5387,Freeing storage,18239,4560
optimized,stage1,solana-labs/solana-program-library,2003,,7870,1968
optimized,stage1,hyperledger/fabric-sdk-go,172,,17965,4492
optimized,stage1,blockscout/blockscout,254,,21059,5265
optimized,stage1,ethereum/execution-apis,569,,21418,5355
optimized,stage1,bnb-chain/bsc,238,,22640,5660
optimized,stage1,MetaMask/metamask-extension,7849,,18953,4739
optimized,stage1,Vectorized/solady,207,,17077,4270
optimized,stage1,OpenZeppelin/nile,47,,20499,5125
optimized,stage1,paritytech/substrate,6585,,21969,5493
optimized,stage1,sigp/lighthouse,7304,,22555,5639
optimized,stage1,ipfs/js-ipfs,4085,,16854,4214
optimized,stage1,Consensys/Token-Factory,53,,16869,4218
optimized,stage1,INFURA/infura,81,,16981,4246
optimized,stage1,paritytech/polkadot-sdk,9497,,17005,4252
optimized,stage1,sigp/lighthouse,3582,,22375,5594
optimized,stage1,paritytech/substrate,3885,,21080,5270
optimized,stage1,ipfs/ipfs-companion,415,,17701,4426
optimized,stage1,ethereum/go-ethereum,17660,,18628,4657
optimized,stage1,mypdns/matrix,127030,,9540,2385
optimized,stage1,Consensys/gnark,388,,18279,4570
optimized,stage1,MetaMask/metamask-mobile,11733,,18532,4633
optimized,stage1,trustwallet/assets,8497,,22293,5574
optimized,stage1,web3/web3.js,5503,,17349,4338
optimized,stage1,paradigmxyz/reth,17371,,16666,4167
optimized,stage1,foundry-rs/foundry,4883,,17005,4252
optimized,stage1,ethereum/ethereum-org-website,3897,,21686,5422
optimized,stage1,solana-labs/token-list,1729,,17299,4325
optimized,stage1,WalletConnect/walletconnect-docs,156,,16896,4224
optimized,stage1,MetaMask/metamask-extension,24790,,19388,4847
optimized,stage1,openethereum/parity-ethereum,5387,,16874,4219
optimized,stage2,solana-labs/solana-program-library,2003,Ticker tape,12940,3235
optimized,stage2,solana-labs/solana-program-library,2003,Oracle,13070,3268
optimized,stage2,solana-labs/solana-program-library,2003,Reverse Oracle,12886,3222
optimized,stage2,solana-labs/solana-program-library,2003,Pull-based inbound oracle,12893,3224
optimized,stage2,solana-labs/solana-program-library,2003,Push-based inbound oracle,12918,3230
optimized,stage2,solana-labs/solana-program-library,2003,State Channel,13140,3285
optimized,stage2,solana-labs/solana-program-library,2003,Off-chain Contract Registry,13672,3418
optimized,stage2,solana-labs/solana-program-library,2003,Legal and smart contract pair,13137,3285
optimized,stage2,solana-labs/solana-program-library,2003,Off-chain data storage,13429,3358
optimized,stage2,solana-labs/solana-program-library,2003,Confidential and pseudo-anonymous contract enforcement,13129,3283
optimized,stage2,solana-labs/solana-program-library,2003,Off-chain Signatures,13242,3311
optimized,stage2,solana-labs/solana-program-library,2003,Delegated Computation,13277,3320
optimized,stage2,solana-labs/solana-program-library,2003,Master & Sub Key,12482,3121
optimized,stage2,solana-labs/solana-program-library,2003,Hot & Cold Wallet Storage,12518,3130
optimized,stage2,solana-labs/solana-program-library,2003,Key Sharding,12535,3134
optimized,stage2,solana-labs/solana-program-library,2003,X-confirmation,12226,3057
optimized,stage2,solana-labs/solana-program-library,2003,Blockchain BP Engine,12424,3106
optimized,stage2,solana-labs/solana-program-library,2003,Smart Contract Activities,12422,3106
optimized,stage2,solana-labs/solana-program-library,2003,Decentralize business process,12458,3115
optimized,stage2,solana-labs/solana-program-library,2003,Identifier Registry,12706,3177
optimized,stage2,solana-labs/solana-program-library,2003,Multiple Registration,12693,3174
optimized,stage2,solana-labs/solana-program-library,2003,Bound with Social Media,12715,3179
optimized,stage2,solana-labs/solana-program-library,2003,Dual Resolution,12685,3172
optimized,stage2,solana-labs/solana-program-library,2003,Delegate List,12697,3175
optimized,stage2,solana-labs/solana-program-library,2003,Blockchain Security Pattern for Big Data Ecosystems,12225,3057
optimized,stage2,solana-labs/solana-program-library,2003,Blockchain-based reputation system,13303,3326
optimized,stage2,solana-labs/solana-program-library,2003,Vote,13410,3353
optimized,stage2,solana-labs/solana-program-library,2003,Blocklist,13390,3348
optimized,stage2,solana-labs/solana-program-library,2003,Announcement,13318,3330
optimized,stage2,solana-labs/solana-program-library,2003,Bulletin Board,13286,3322
optimized,stage2,solana-labs/solana-program-library,2003,Randomness,13352,3338
optimized,stage2,solana-labs/solana-program-library,2003,Poll,13309,3328
optimized,stage2,solana-labs/solana-program-library,2003,Selective Content Generation,13310,3328
optimized,stage2,solana-labs/solana-program-library,2003,Time-Constrained Access,13317,3330
optimized,stage2,solana-labs/solana-program-library,2003,One-Off Access,13290,3323
optimized,stage2,solana-labs/solana-program-library,2003,Digital Record,13591,3398
optimized,stage2,solana-labs/solana-program-library,2003,State machine,13373,3344
optimized,stage2,solana-labs/solana-program-library,2003,Proxy contract,13345,3337
optimized,stage2,solana-labs/solana-program-library,2003,Contract Registry (on-chain),13224,3306
optimized,stage2,solana-labs/solana-program-library,2003,Factory contract,13086,3272
optimized,stage2,solana-labs/solana-program-library,2003,Data contract,13165,3292
optimized,stage2,solana-labs/solana-program-library,2003,Router contract,13385,3347
optimized,stage2,solana-labs/solana-program-library,2003,Relay contract,13190,3298
optimized,stage2,solana-labs/solana-program-library,2003,Emergency stop,13073,3269
optimized,stage2,solana-labs/solana-program-library,2003,Mortal,13258,3315
optimized,stage2,solana-labs/solana-program-library,2003,Check-Effects-Interactions,12742,3186
optimized,stage2,solana-labs/solana-program-library,2003,Mutex,12767,3192
optimized,stage2,solana-labs/solana-program-library,2003,Guard check,12716,3179
optimized,stage2,solana-labs/solana-program-library,2003,Rate limit,12667,3167
optimized,stage2,solana-labs/solana-program-library,2003,Balance limit,12710,3178
optimized,stage2,solana-labs/solana-program-library,2003,Low contract footprint,12904,3226
optimized,stage2,solana-labs/solana-program-library,2003,Loop unrolling,12887,3222
optimized,stage2,solana-labs/solana-program-library,2003,Contract size limit,12859,3215
optimized,stage2,solana-labs/solana-program-library,2003,Off-chain computation,13010,3253
optimized,stage2,solana-labs/solana-program-library,2003,State anchoring,13150,3288
optimized,stage2,solana-labs/solana-program-library,2003,Data refresh,13571,3393
optimized,stage2,solana-labs/solana-program-library,2003,Ownable,12691,3173
optimized,stage2,solana-labs/solana-program-library,2003,Role-based control,12662,3166
optimized,stage2,solana-labs/solana-program-library,2003,Permissioned actions,12666,3167
optimized,stage2,solana-labs/solana-program-library,2003,Implicit authorization,12680,3170
optimized,stage2,solana-labs/solana-program-library,2003,Limited-access,12688,3172
optimized,stage2,solana-labs/solana-program-library,2003,Immutable data,12698,3175
optimized,stage2,solana-labs/solana-program-library,2003,Mutable data,12606,3152
optimized,stage2,solana-labs/solana-program-library,2003,Append-only data,12629,3158
optimized,stage2,solana-labs/solana-program-library,2003,Data compression,13006,3252
optimized,stage2,solana-labs/solana-program-library,2003,Data separation,12634,3159
optimized,stage2,solana-labs/solana-program-library,2003,Homomorphic encryption,12455,3114
optimized,stage2,solana-labs/solana-program-library,2003,Zero-knowledge proof,12451,3113
optimized,stage2,solana-labs/solana-program-library,2003,Commit and Reveal,12464,3116
optimized,stage2,solana-labs/solana-program-library,2003,Snapshotting,12659,3165
optimized,stage2,solana-labs/solana-program-library,2003,State initialization,12514,3129
optimized,stage2,solana-labs/solana-program-library,2003,Establish genesis,12517,3130
optimized,stage2,solana-labs/solana-program-library,2003,Smart contract translation,12585,3147
optimized,stage2,solana-labs/solana-program-library,2003,Tokenization,12245,3062
optimized,stage2,solana-labs/solana-program-library,2003,Self-generated transactions,12211,3053
optimized,stage2,solana-labs/solana-program-library,2003,Self-Confirmed Transactions,12214,3054
optimized,stage2,solana-labs/solana-program-library,2003,Delegated Transactions,12214,3054
optimized,stage2,solana-labs/solana-program-library,2003,Packing variables,12526,3132
optimized,stage2,solana-labs/solana-program-library,2003,Packing booleans,12542,3136
optimized,stage2,solana-labs/solana-program-library,2003,Unit vs Unit256,12481,3121
optimized,stage2,solana-labs/solana-program-library,2003,Mapping vs Array,12154,3039
optimized,stage2,solana-labs/solana-program-library,2003,Freeing storage,12145,3037
optimized,stage2,hyperledger/fabric-sdk-go,172,Ticker tape,14038,3510
optimized,stage2,hyperledger/fabric-sdk-go,172,Oracle,14168,3542
optimized,stage2,hyperledger/fabric-sdk-go,172,Reverse Oracle,13984,3496
optimized,stage2,hyperledger/fabric-sdk-go,172,Pull-based inbound oracle,13991,3498
optimized,stage2,hyperledger/fabric-sdk-go,172,Push-based inbound oracle,14016,3504
optimized,stage2,hyperledger/fabric-sdk-go,172,State Channel,14238,3560
optimized,stage2,hyperledger/fabric-sdk-go,172,Off-chain Contract Registry,14770,3693
optimized,stage2,hyperledger/fabric-sdk-go,172,Legal and smart contract pair,14235,3559
optimized,stage2,hyperledger/fabric-sdk-go,172,Off-chain data storage,14527,3632
optimized,stage2,hyperledger/fabric-sdk-go,172,Confidential and pseudo-anonymous contract enforcement,14227,3557
optimized,stage2,hyperledger/fabric-sdk-go,172,Off-chain Signatures,14340,3585
optimized,stage2,hyperledger/fabric-sdk-go,172,Delegated Computation,14375,3594
optimized,stage2,hyperledger/fabric-sdk-go,172,Master & Sub Key,13580,3395
optimized,stage2,hyperledger/fabric-sdk-go,172,Hot & Cold Wallet Storage,13616,3404
optimized,stage2,hyperledger/fabric-sdk-go,172,Key Sharding,13633,3409
optimized,stage2,hyperledger/fabric-sdk-go,172,X-confirmation,13324,3331
optimized,stage2,hyperledger/fabric-sdk-go,172,Blockchain BP Engine,13522,3381
optimized,stage2,hyperledger/fabric-sdk-go,172,Smart Contract Activities,13520,3380
optimized,stage2,hyperledger/fabric-sdk-go,172,Decentralize business process,13556,3389
optimized,stage2,hyperledger/fabric-sdk-go,172,Identifier Registry,13804,3451
optimized,stage2,hyperledger/fabric-sdk-go,172,Multiple Registration,13791,3448
optimized,stage2,hyperledger/fabric-sdk-go,172,Bound with Social Media,13813,3454
optimized,stage2,hyperledger/fabric-sdk-go,172,Dual Resolution,13783,3446
optimized,stage2,hyperledger/fabric-sdk-go,172,Delegate List,13795,3449
optimized,stage2,hyperledger/fabric-sdk-go,172,Blockchain Security Pattern for Big Data Ecosystems,13323,3331
optimized,stage2,hyperledger/fabric-sdk-go,172,Blockchain-based reputation system,14401,3601
optimized,stage2,hyperledger/fabric-sdk-go,172,Vote,14508,3627
optimized,stage2,hyperledger/fabric-sdk-go,172,Blocklist,14488,3622
optimized,stage2,hyperledger/fabric-sdk-go,172,Announcement,14416,3604
optimized,stage2,hyperledger/fabric-sdk-go,172,Bulletin Board,14384,3596
optimized,stage2,hyperledger/fabric-sdk-go,172,Randomness,14450,3613
optimized,stage2,hyperledger/fabric-sdk-go,172,Poll,14407,3602
optimized,stage2,hyperledger/fabric-sdk-go,172,Selective Content Generation,14408,3602
optimized,stage2,hyperledger/fabric-sdk-go,172,Time-Constrained Access,14415,3604
optimized,stage2,hyperledger/fabric-sdk-go,172,One-Off Access,14388,3597
optimized,stage2,hyperledger/fabric-sdk-go,172,Digital Record,14689,3673
optimized,stage2,hyperledger/fabric-sdk-go,172,State machine,14471,3618
optimized,stage2,hyperledger/fabric-sdk-go,172,Proxy contract,14443,3611
optimized,stage2,hyperledger/fabric-sdk-go,172,Contract Registry (on-chain),14322,3581
optimized,stage2,hyperledger/fabric-sdk-go,172,Factory contract,14184,3546
optimized,stage2,hyperledger/fabric-sdk-go,172,Data contract,14263,3566
optimized,stage2,hyperledger/fabric-sdk-go,172,Router contract,14483,3621
optimized,stage2,hyperledger/fabric-sdk-go,172,Relay contract,14288,3572
optimized,stage2,hyperledger/fabric-sdk-go,172,Emergency stop,14171,3543
optimized,stage2,hyperledger/fabric-sdk-go,172,Mortal,14356,3589
optimized,stage2,hyperledger/fabric-sdk-go,172,Check-Effects-Interactions,13840,3460
optimized,stage2,hyperledger/fabric-sdk-go,172,Mutex,13865,3467
optimized,stage2,hyperledger/fabric-sdk-go,172,Guard check,13814,3454
optimized,stage2,hyperledger/fabric-sdk-go,172,Rate limit,13765,3442
optimized,stage2,hyperledger/fabric-sdk-go,172,Balance limit,13808,3452
optimized,stage2,hyperledger/fabric-sdk-go,172,Low contract footprint,14002,3501
optimized,stage2,hyperledger/fabric-sdk-go,172,Loop unrolling,13985,3497
optimized,stage2,hyperledger/fabric-sdk-go,172,Contract size limit,13957,3490
optimized,stage2,hyperledger/fabric-sdk-go,172,Off-chain computation,14108,3527
optimized,stage2,hyperledger/fabric-sdk-go,172,State anchoring,14248,3562
optimized,stage2,hyperledger/fabric-sdk-go,172,Data refresh,14669,3668
optimized,stage2,hyperledger/fabric-sdk-go,172,Ownable,13789,3448
optimized,stage2,hyperledger/fabric-sdk-go,172,Role-based control,13760,3440
optimized,stage2,hyperledger/fabric-sdk-go,172,Permissioned actions,13764,3441
optimized,stage2,hyperledger/fabric-sdk-go,172,Implicit authorization,13778,3445
optimized,stage2,hyperledger/fabric-sdk-go,172,Limited-access,13786,3447
optimized,stage2,hyperledger/fabric-sdk-go,172,Immutable data,13796,3449
optimized,stage2,hyperledger/fabric-sdk-go,172,Mutable data,13704,3426
optimized,stage2,hyperledger/fabric-sdk-go,172,Append-only data,13727,3432
optimized,stage2,hyperledger/fabric-sdk-go,172,Data compression,14104,3526
optimized,stage2,hyperledger/fabric-sdk-go,172,Data separation,13732,3433
optimized,stage2,hyperledger/fabric-sdk-go,172,Homomorphic encryption,13553,3389
optimized,stage2,hyperledger/fabric-sdk-go,172,Zero-knowledge proof,13549,3388
optimized,stage2,hyperledger/fabric-sdk-go,172,Commit and Reveal,13562,3391
optimized,stage2,hyperledger/fabric-sdk-go,172,Snapshotting,13757,3440
optimized,stage2,hyperledger/fabric-sdk-go,172,State initialization,13612,3403
optimized,stage2,hyperledger/fabric-sdk-go,172,Establish genesis,13615,3404
optimized,stage2,hyperledger/fabric-sdk-go,172,Smart contract translation,13683,3421
optimized,stage2,hyperledger/fabric-sdk-go,172,Tokenization,13343,3336
optimized,stage2,hyperledger/fabric-sdk-go,172,Self-generated transactions,13309,3328
optimized,stage2,hyperledger/fabric-sdk-go,172,Self-Confirmed Transactions,13312,3328
optimized,stage2,hyperledger/fabric-sdk-go,172,Delegated Transactions,13312,3328
optimized,stage2,hyperledger/fabric-sdk-go,172,Packing variables,13624,3406
optimized,stage2,hyperledger/fabric-sdk-go,172,Packing booleans,13640,3410
optimized,stage2,hyperledger/fabric-sdk-go,172,Unit vs Unit256,13579,3395
optimized,stage2,hyperledger/fabric-sdk-go,172,Mapping vs Array,13252,3313
optimized,stage2,hyperledger/fabric-sdk-go,172,Freeing storage,13243,3311
optimized,stage2,blockscout/blockscout,254,Ticker tape,18586,4647
optimized,stage2,blockscout/blockscout,254,Oracle,18716,4679
optimized,stage2,blockscout/blockscout,254,Reverse Oracle,18532,4633
optimized,stage2,blockscout/blockscout,254,Pull-based inbound oracle,18539,4635
optimized,stage2,blockscout/blockscout,254,Push-based inbound oracle,18564,4641
optimized,stage2,blockscout/blockscout,254,State Channel,18786,4697
optimized,stage2,blockscout/blockscout,254,Off-chain Contract Registry,19318,4830
optimized,stage2,blockscout/blockscout,254,Legal and smart contract pair,18783,4696
optimized,stage2,blockscout/blockscout,254,Off-chain data storage,19075,4769
optimized,stage2,blockscout/blockscout,254,Confidential and pseudo-anonymous contract enforcement,18775,4694
optimized,stage2,blockscout/blockscout,254,Off-chain Signatures,18888,4722
optimized,stage2,blockscout/blockscout,254,Delegated Computation,18923,4731
optimized,stage2,blockscout/blockscout,254,Master & Sub Key,18128,4532
optimized,stage2,blockscout/blockscout,254,Hot & Cold Wallet Storage,18164,4541
optimized,stage2,blockscout/blockscout,254,Key Sharding,18181,4546
optimized,stage2,blockscout/blockscout,254,X-confirmation,17872,4468
optimized,stage2,blockscout/blockscout,254,Blockchain BP Engine,18070,4518
optimized,stage2,blockscout/blockscout,254,Smart Contract Activities,18068,4517
optimized,stage2,blockscout/blockscout,254,Decentralize business process,18104,4526
optimized,stage2,blockscout/blockscout,254,Identifier Registry,18352,4588
optimized,stage2,blockscout/blockscout,254,Multiple Registration,18339,4585
optimized,stage2,blockscout/blockscout,254,Bound with Social Media,18361,4591
optimized,stage2,blockscout/blockscout,254,Dual Resolution,18331,4583
optimized,stage2,blockscout/blockscout,254,Delegate List,18343,4586
optimized,stage2,blockscout/blockscout,254,Blockchain Security Pattern for Big Data Ecosystems,17871,4468
optimized,stage2,blockscout/blockscout,254,Blockchain-based reputation system,18949,4738
optimized,stage2,blockscout/blockscout,254,Vote,19056,4764
optimized,stage2,blockscout/blockscout,254,Blocklist,19036,4759
optimized,stage2,blockscout/blockscout,254,Announcement,18964,4741
optimized,stage2,blockscout/blockscout,254,Bulletin Board,18932,4733
optimized,stage2,blockscout/blockscout,254,Randomness,18998,4750
optimized,stage2,blockscout/blockscout,254,Poll,18955,4739
optimized,stage2,blockscout/blockscout,254,Selective Content Generation,18956,4739
optimized,stage2,blockscout/blockscout,254,Time-Constrained Access,18963,4741
optimized,stage2,blockscout/blockscout,254,One-Off Access,18936,4734
optimized,stage2,blockscout/blockscout,254,Digital Record,19237,4810
optimized,stage2,blockscout/blockscout,254,State machine,19019,4755
optimized,stage2,blockscout/blockscout,254,Proxy contract,18991,4748
optimized,stage2,blockscout/blockscout,254,Contract Registry (on-chain),18870,4718
optimized,stage2,blockscout/blockscout,254,Factory contract,18732,4683
optimized,stage2,blockscout/blockscout,254,Data contract,18811,4703
optimized,stage2,blockscout/blockscout,254,Router contract,19031,4758
optimized,stage2,blockscout/blockscout,254,Relay contract,18836,4709
optimized,stage2,blockscout/blockscout,254,Emergency stop,18719,4680
optimized,stage2,blockscout/blockscout,254,Mortal,18904,4726
optimized,stage2,blockscout/blockscout,254,Check-Effects-Interactions,18388,4597
optimized,stage2,blockscout/blockscout,254,Mutex,18413,4604
optimized,stage2,blockscout/blockscout,254,Guard check,18362,4591
optimized,stage2,blockscout/blockscout,254,Rate limit,18313,4579
optimized,stage2,blockscout/blockscout,254,Balance limit,18356,4589
optimized,stage2,blockscout/blockscout,254,Low contract footprint,18550,4638
optimized,stage2,blockscout/blockscout,254,Loop unrolling,18533,4634
optimized,stage2,blockscout/blockscout,254,Contract size limit,18505,4627
optimized,stage2,blockscout/blockscout,254,Off-chain computation,18656,4664
optimized,stage2,blockscout/blockscout,254,State anchoring,18796,4699
optimized,stage2,blockscout/blockscout,254,Data refresh,19217,4805
optimized,stage2,blockscout/blockscout,254,Ownable,18337,4585
optimized,stage2,blockscout/blockscout,254,Role-based control,18308,4577
optimized,stage2,blockscout/blockscout,254,Permissioned actions,18312,4578
optimized,stage2,blockscout/blockscout,254,Implicit authorization,18326,4582
optimized,stage2,blockscout/blockscout,254,Limited-access,18334,4584
optimized,stage2,blockscout/blockscout,254,Immutable data,18344,4586
optimized,stage2,blockscout/blockscout,254,Mutable data,18252,4563
optimized,stage2,blockscout/blockscout,254,Append-only data,18275,4569
optimized,stage2,blockscout/blockscout,254,Data compression,18652,4663
optimized,stage2,blockscout/blockscout,254,Data separation,18280,4570
optimized,stage2,blockscout/blockscout,254,Homomorphic encryption,18101,4526
optimized,stage2,blockscout/blockscout,254,Zero-knowledge proof,18097,4525
optimized,stage2,blockscout/blockscout,254,Commit and Reveal,18110,4528
optimized,stage2,blockscout/blockscout,254,Snapshotting,18305,4577
optimized,stage2,blockscout/blockscout,254,State initialization,18160,4540
optimized,stage2,blockscout/blockscout,254,Establish genesis,18163,4541
optimized,stage2,blockscout/blockscout,254,Smart contract translation,18231,4558
optimized,stage2,blockscout/blockscout,254,Tokenization,17891,4473
optimized,stage2,blockscout/blockscout,254,Self-generated transactions,17857,4465
optimized,stage2,blockscout/blockscout,254,Self-Confirmed Transactions,17860,4465
optimized,stage2,blockscout/blockscout,254,Delegated Transactions,17860,4465
optimized,stage2,blockscout/blockscout,254,Packing variables,18172,4543
optimized,stage2,blockscout/blockscout,254,Packing booleans,18188,4547
optimized,stage2,blockscout/blockscout,254,Unit vs Unit256,18127,4532
optimized,stage2,blockscout/blockscout,254,Mapping vs Array,17800,4450
optimized,stage2,blockscout/blockscout,254,Freeing storage,17791,4448
optimized,stage2,ethereum/execution-apis,569,Ticker tape,18105,4527
optimized,stage2,ethereum/execution-apis,569,Oracle,18235,4559
optimized,stage2,ethereum/execution-apis,569,Reverse Oracle,18051,4513
optimized,stage2,ethereum/execution-apis,569,Pull-based inbound oracle,18058,4515
optimized,stage2,ethereum/execution-apis,569,Push-based inbound oracle,18083,4521
optimized,stage2,ethereum/execution-apis,569,State Channel,18305,4577
optimized,stage2,ethereum/execution-apis,569,Off-chain Contract Registry,18837,4710
optimized,stage2,ethereum/execution-apis,569,Legal and smart contract pair,18302,4576
optimized,stage2,ethereum/execution-apis,569,Off-chain data storage,18594,4649
optimized,stage2,ethereum/execution-apis,569,Confidential and pseudo-anonymous contract enforcement,18294,4574
optimized,stage2,ethereum/execution-apis,569,Off-chain Signatures,18407,4602
optimized,stage2,ethereum/execution-apis,569,Delegated Computation,18442,4611
optimized,stage2,ethereum/execution-apis,569,Master & Sub Key,17647,4412
optimized,stage2,ethereum/execution-apis,569,Hot & Cold Wallet Storage,17683,4421
optimized,stage2,ethereum/execution-apis,569,Key Sharding,17700,4425
optimized,stage2,ethereum/execution-apis,569,X-confirmation,17391,4348
optimized,stage2,ethereum/execution-apis,569,Blockchain BP Engine,17589,4398
optimized,stage2,ethereum/execution-apis,569,Smart Contract Activities,17587,4397
optimized,stage2,ethereum/execution-apis,569,Decentralize business process,17623,4406
optimized,stage2,ethereum/execution-apis,569,Identifier Registry,17871,4468
optimized,stage2,ethereum/execution-apis,569,Multiple Registration,17858,4465
optimized,stage2,ethereum/execution-apis,569,Bound with Social Media,17880,4470
optimized,stage2,ethereum/execution-apis,569,Dual Resolution,17850,4463
optimized,stage2,ethereum/execution-apis,569,Delegate List,17862,4466
optimized,stage2,ethereum/execution-apis,569,Blockchain Security Pattern for Big Data Ecosystems,17390,4348
optimized,stage2,ethereum/execution-apis,569,Blockchain-based reputation system,18468,4617
optimized,stage2,ethereum/execution-apis,569,Vote,18575,4644
optimized,stage2,ethereum/execution-apis,569,Blocklist,18555,4639
optimized,stage2,ethereum/execution-apis,569,Announcement,18483,4621
optimized,stage2,ethereum/execution-apis,569,Bulletin Board,18451,4613
optimized,stage2,ethereum/execution-apis,569,Randomness,18517,4630
optimized,stage2,ethereum/execution-apis,569,Poll,18474,4619
optimized,stage2,ethereum/execution-apis,569,Selective Content Generation,18475,4619
optimized,stage2,ethereum/execution-apis,569,Time-Constrained Access,18482,4621
optimized,stage2,ethereum/execution-apis,569,One-Off Access,18455,4614
optimized,stage2,ethereum/execution-apis,569,Digital Record,18756,4689
optimized,stage2,ethereum/execution-apis,569,State machine,18538,4635
optimized,stage2,ethereum/execution-apis,569,Proxy contract,18510,4628
optimized,stage2,ethereum/execution-apis,569,Contract Registry (on-chain),18389,4598
optimized,stage2,ethereum/execution-apis,569,Factory contract,18251,4563
optimized,stage2,ethereum/execution-apis,569,Data contract,18330,4583
optimized,stage2,ethereum/execution-apis,569,Router contract,18550,4638
optimized,stage2,ethereum/execution-apis,569,Relay contract,18355,4589
optimized,stage2,ethereum/execution-apis,569,Emergency stop,18238,4560
optimized,stage2,ethereum/execution-apis,569,Mortal,18423,4606
optimized,stage2,ethereum/execution-apis,569,Check-Effects-Interactions,17907,4477
optimized,stage2,ethereum/execution-apis,569,Mutex,17932,4483
optimized,stage2,ethereum/execution-apis,569,Guard check,17881,4471
optimized,stage2,ethereum/execution-apis,569,Rate limit,17832,4458
optimized,stage2,ethereum/execution-apis,569,Balance limit,17875,4469
optimized,stage2,ethereum/execution-apis,569,Low contract footprint,18069,4518
optimized,stage2,ethereum/execution-apis,569,Loop unrolling,18052,4513
optimized,stage2,ethereum/execution-apis,569,Contract size limit,18024,4506
optimized,stage2,ethereum/execution-apis,569,Off-chain computation,18175,4544
optimized,stage2,ethereum/execution-apis,569,State anchoring,18315,4579
optimized,stage2,ethereum/execution-apis,569,Data refresh,18736,4684
optimized,stage2,ethereum/execution-apis,569,Ownable,17856,4464
optimized,stage2,ethereum/execution-apis,569,Role-based control,17827,4457
optimized,stage2,ethereum/execution-apis,569,Permissioned actions,17831,4458
optimized,stage2,ethereum/execution-apis,569,Implicit authorization,17845,4462
optimized,stage2,ethereum/execution-apis,569,Limited-access,17853,4464
optimized,stage2,ethereum/execution-apis,569,Immutable data,17863,4466
optimized,stage2,ethereum/execution-apis,569,Mutable data,17771,4443
optimized,stage2,ethereum/execution-apis,569,Append-only data,17794,4449
optimized,stage2,ethereum/execution-apis,569,Data compression,18171,4543
optimized,stage2,ethereum/execution-apis,569,Data separation,17799,4450
optimized,stage2,ethereum/execution-apis,569,Homomorphic encryption,17620,4405
optimized,stage2,ethereum/execution-apis,569,Zero-knowledge proof,17616,4404
optimized,stage2,ethereum/execution-apis,569,Commit and Reveal,17629,4408
optimized,stage2,ethereum/execution-apis,569,Snapshotting,17824,4456
optimized,stage2,ethereum/execution-apis,569,State initialization,17679,4420
optimized,stage2,ethereum/execution-apis,569,Establish genesis,17682,4421
optimized,stage2,ethereum/execution-apis,569,Smart contract translation,17750,4438
optimized,stage2,ethereum/execution-apis,569,Tokenization,17410,4353
optimized,stage2,ethereum/execution-apis,569,Self-generated transactions,17376,4344
optimized,stage2,ethereum/execution-apis,569,Self-Confirmed Transactions,17379,4345
optimized,stage2,ethereum/execution-apis,569,Delegated Transactions,17379,4345
optimized,stage2,ethereum/execution-apis,569,Packing variables,17691,4423
optimized,stage2,ethereum/execution-apis,569,Packing booleans,17707,4427
optimized,stage2,ethereum/execution-apis,569,Unit vs Unit256,17646,4412
optimized,stage2,ethereum/execution-apis,569,Mapping vs Array,17319,4330
optimized,stage2,ethereum/execution-apis,569,Freeing storage,17310,4328
optimized,stage2,bnb-chain/bsc,238,Ticker tape,21862,5466
optimized,stage2,bnb-chain/bsc,238,Oracle,21992,5498
optimized,stage2,bnb-chain/bsc,238,Reverse Oracle,21808,5452
optimized,stage2,bnb-chain/bsc,238,Pull-based inbound oracle,21815,5454
optimized,stage2,bnb-chain/bsc,238,Push-based inbound oracle,21840,5460
optimized,stage2,bnb-chain/bsc,238,State Channel,22062,5516
optimized,stage2,bnb-chain/bsc,238,Off-chain Contract Registry,22594,5649
optimized,stage2,bnb-chain/bsc,238,Legal and smart contract pair,22059,5515
optimized,stage2,bnb-chain/bsc,238,Off-chain data storage,22351,5588
optimized,stage2,bnb-chain/bsc,238,Confidential and pseudo-anonymous contract enforcement,22051,5513
optimized,stage2,bnb-chain/bsc,238,Off-chain Signatures,22164,5541
optimized,stage2,bnb-chain/bsc,238,Delegated Computation,22199,5550
optimized,stage2,bnb-chain/bsc,238,Master & Sub Key,21404,5351
optimized,stage2,bnb-chain/bsc,238,Hot & Cold Wallet Storage,21440,5360
optimized,stage2,bnb-chain/bsc,238,Key Sharding,21457,5365
optimized,stage2,bnb-chain/bsc,238,X-confirmation,21148,5287
optimized,stage2,bnb-chain/bsc,238,Blockchain BP Engine,21346,5337
optimized,stage2,bnb-chain/bsc,238,Smart Contract Activities,21344,5336
optimized,stage2,bnb-chain/bsc,238,Decentralize business process,21380,5345
optimized,stage2,bnb-chain/bsc,238,Identifier Registry,21628,5407
optimized,stage2,bnb-chain/bsc,238,Multiple Registration,21615,5404
optimized,stage2,bnb-chain/bsc,238,Bound with Social Media,21637,5410
optimized,stage2,bnb-chain/bsc,238,Dual Resolution,21607,5402
optimized,stage2,bnb-chain/bsc,238,Delegate List,21619,5405
optimized,stage2,bnb-chain/bsc,238,Blockchain Security Pattern for Big Data Ecosystems,21147,5287
optimized,stage2,bnb-chain/bsc,238,Blockchain-based reputation system,22225,5557
optimized,stage2,bnb-chain/bsc,238,Vote,22332,5583
optimized,stage2,bnb-chain/bsc,238,Blocklist,22312,5578
optimized,stage2,bnb-chain/bsc,238,Announcement,22240,5560
optimized,stage2,bnb-chain/bsc,238,Bulletin Board,22208,5552
optimized,stage2,bnb-chain/bsc,238,Randomness,22274,5569
optimized,stage2,bnb-chain/bsc,238,Poll,22231,5558
optimized,stage2,bnb-chain/bsc,238,Selective Content Generation,22232,5558
optimized,stage2,bnb-chain/bsc,238,Time-Constrained Access,22239,5560
optimized,stage2,bnb-chain/bsc,238,One-Off Access,22212,5553
optimized,stage2,bnb-chain/bsc,238,Digital Record,22513,5629
optimized,stage2,bnb-chain/bsc,238,State machine,22295,5574
optimized,stage2,bnb-chain/bsc,238,Proxy contract,22267,5567
optimized,stage2,bnb-chain/bsc,238,Contract Registry (on-chain),22146,5537
optimized,stage2,bnb-chain/bsc,238,Factory contract,22008,5502
optimized,stage2,bnb-chain/bsc,238,Data contract,22087,5522
optimized,stage2,bnb-chain/bsc,238,Router contract,22307,5577
optimized,stage2,bnb-chain/bsc,238,Relay contract,22112,5528
optimized,stage2,bnb-chain/bsc,238,Emergency stop,21995,5499
optimized,stage2,bnb-chain/bsc,238,Mortal,22180,5545
optimized,stage2,bnb-chain/bsc,238,Check-Effects-Interactions,21664,5416
optimized,stage2,bnb-chain/bsc,238,Mutex,21689,5423
optimized,stage2,bnb-chain/bsc,238,Guard check,21638,5410
optimized,stage2,bnb-chain/bsc,238,Rate limit,21589,5398
optimized,stage2,bnb-chain/bsc,238,Balance limit,21632,5408
optimized,stage2,bnb-chain/bsc,238,Low contract footprint,21826,5457
optimized,stage2,bnb-chain/bsc,238,Loop unrolling,21809,5453
optimized,stage2,bnb-chain/bsc,238,Contract size limit,21781,5446
optimized,stage2,bnb-chain/bsc,238,Off-chain computation,21932,5483
optimized,stage2,bnb-chain/bsc,238,State anchoring,22072,5518
optimized,stage2,bnb-chain/bsc,238,Data refresh,22493,5624
optimized,stage2,bnb-chain/bsc,238,Ownable,21613,5404
optimized,stage2,bnb-chain/bsc,238,Role-based control,21584,5396
optimized,stage2,bnb-chain/bsc,238,Permissioned actions,21588,5397
optimized,stage2,bnb-chain/bsc,238,Implicit authorization,21602,5401
optimized,stage2,bnb-chain/bsc,238,Limited-access,21610,5403
optimized,stage2,bnb-chain/bsc,238,Immutable data,21620,5405
optimized,stage2,bnb-chain/bsc,238,Mutable data,21528,5382
optimized,stage2,bnb-chain/bsc,238,Append-only data,21551,5388
optimized,stage2,bnb-chain/bsc,238,Data compression,21928,5482
optimized,stage2,bnb-chain/bsc,238,Data separation,21556,5389
optimized,stage2,bnb-chain/bsc,238,Homomorphic encryption,21377,5345
optimized,stage2,bnb-chain/bsc,238,Zero-knowledge proof,21373,5344
optimized,stage2,bnb-chain/bsc,238,Commit and Reveal,21386,5347
optimized,stage2,bnb-chain/bsc,238,Snapshotting,21581,5396
optimized,stage2,bnb-chain/bsc,238,State initialization,21436,5359
optimized,stage2,bnb-chain/bsc,238,Establish genesis,21439,5360
optimized,stage2,bnb-chain/bsc,238,Smart contract translation,21507,5377
optimized,stage2,bnb-chain/bsc,238,Tokenization,21167,5292
optimized,stage2,bnb-chain/bsc,238,Self-generated transactions,21133,5284
optimized,stage2,bnb-chain/bsc,238,Self-Confirmed Transactions,21136,5284
optimized,stage2,bnb-chain/bsc,238,Delegated Transactions,21136,5284
optimized,stage2,bnb-chain/bsc,238,Packing variables,21448,5362
optimized,stage2,bnb-chain/bsc,238,Packing booleans,21464,5366
optimized,stage2,bnb-chain/bsc,238,Unit vs Unit256,21403,5351
optimized,stage2,bnb-chain/bsc,238,Mapping vs Array,21076,5269
optimized,stage2,bnb-chain/bsc,238,Freeing storage,21067,5267
optimized,stage2,MetaMask/metamask-extension,7849,Ticker tape,15026,3757
optimized,stage2,MetaMask/metamask-extension,7849,Oracle,15156,3789
optimized,stage2,MetaMask/metamask-extension,7849,Reverse Oracle,14972,3743
optimized,stage2,MetaMask/metamask-extension,7849,Pull-based inbound oracle,14979,3745
optimized,stage2,MetaMask/metamask-extension,7849,Push-based inbound oracle,15004,3751
optimized,stage2,MetaMask/metamask-extension,7849,State Channel,15226,3807
optimized,stage2,MetaMask/metamask-extension,7849,Off-chain Contract Registry,15758,3940
optimized,stage2,MetaMask/metamask-extension,7849,Legal and smart contract pair,15223,3806
optimized,stage2,MetaMask/metamask-extension,7849,Off-chain data storage,15515,3879
optimized,stage2,MetaMask/metamask-extension,7849,Confidential and pseudo-anonymous contract enforcement,15215,3804
optimized,stage2,MetaMask/metamask-extension,7849,Off-chain Signatures,15328,3832
optimized,stage2,MetaMask/metamask-extension,7849,Delegated Computation,15363,3841
optimized,stage2,MetaMask/metamask-extension,7849,Master & Sub Key,14568,3642
optimized,stage2,MetaMask/metamask-extension,7849,Hot & Cold Wallet Storage,14604,3651
optimized,stage2,MetaMask/metamask-extension,7849,Key Sharding,14621,3656
optimized,stage2,MetaMask/metamask-extension,7849,X-confirmation,14312,3578
optimized,stage2,MetaMask/metamask-extension,7849,Blockchain BP Engine,14510,3628
optimized,stage2,MetaMask/metamask-extension,7849,Smart Contract Activities,14508,3627
optimized,stage2,MetaMask/metamask-extension,7849,Decentralize business process,14544,3636
optimized,stage2,MetaMask/metamask-extension,7849,Identifier Registry,14792,3698
optimized,stage2,MetaMask/metamask-extension,7849,Multiple Registration,14779,3695
optimized,stage2,MetaMask/metamask-extension,7849,Bound with Social Media,14801,3701
optimized,stage2,MetaMask/metamask-extension,7849,Dual Resolution,14771,3693
optimized,stage2,MetaMask/metamask-extension,7849,Delegate List,14783,3696
optimized,stage2,MetaMask/metamask-extension,7849,Blockchain Security Pattern for Big Data Ecosystems,14311,3578
optimized,stage2,MetaMask/metamask-extension,7849,Blockchain-based reputation system,15389,3848
optimized,stage2,MetaMask/metamask-extension,7849,Vote,15496,3874
optimized,stage2,MetaMask/metamask-extension,7849,Blocklist,15476,3869
optimized,stage2,MetaMask/metamask-extension,7849,Announcement,15404,3851
optimized,stage2,MetaMask/metamask-extension,7849,Bulletin Board,15372,3843
optimized,stage2,MetaMask/metamask-extension,7849,Randomness,15438,3860
optimized,stage2,MetaMask/metamask-extension,7849,Poll,15395,3849
optimized,stage2,MetaMask/metamask-extension,7849,Selective Content Generation,15396,3849
optimized,stage2,MetaMask/metamask-extension,7849,Time-Constrained Access,15403,3851
optimized,stage2,MetaMask/metamask-extension,7849,One-Off Access,15376,3844
optimized,stage2,MetaMask/metamask-extension,7849,Digital Record,15677,3920
optimized,stage2,MetaMask/metamask-extension,7849,State machine,15459,3865
optimized,stage2,MetaMask/metamask-extension,7849,Proxy contract,15431,3858
optimized,stage2,MetaMask/metamask-extension,7849,Contract Registry (on-chain),15310,3828
optimized,stage2,MetaMask/metamask-extension,7849,Factory contract,15172,3793
optimized,stage2,MetaMask/metamask-extension,7849,Data contract,15251,3813
optimized,stage2,MetaMask/metamask-extension,7849,Router contract,15471,3868
optimized,stage2,MetaMask/metamask-extension,7849,Relay contract,15276,3819
optimized,stage2,MetaMask/metamask-extension,7849,Emergency stop,15159,3790
optimized,stage2,MetaMask/metamask-extension,7849,Mortal,15344,3836
optimized,stage2,MetaMask/metamask-extension,7849,Check-Effects-Interactions,14828,3707
optimized,stage2,MetaMask/metamask-extension,7849,Mutex,14853,3714
optimized,stage2,MetaMask/metamask-extension,7849,Guard check,14802,3701
optimized,stage2,MetaMask/metamask-extension,7849,Rate limit,14753,3689
optimized,stage2,MetaMask/metamask-extension,7849,Balance limit,14796,3699
optimized,stage2,MetaMask/metamask-extension,7849,Low contract footprint,14990,3748
optimized,stage2,MetaMask/metamask-extension,7849,Loop unrolling,14973,3744
optimized,stage2,MetaMask/metamask-extension,7849,Contract size limit,14945,3737
optimized,stage2,MetaMask/metamask-extension,7849,Off-chain computation,15096,3774
optimized,stage2,MetaMask/metamask-extension,7849,State anchoring,15236,3809
optimized,stage2,MetaMask/metamask-extension,7849,Data refresh,15657,3915
optimized,stage2,MetaMask/metamask-extension,7849,Ownable,14777,3695
optimized,stage2,MetaMask/metamask-extension,7849,Role-based control,14748,3687
optimized,stage2,MetaMask/metamask-extension,7849,Permissioned actions,14752,3688
optimized,stage2,MetaMask/metamask-extension,7849,Implicit authorization,14766,3692
optimized,stage2,MetaMask/metamask-extension,7849,Limited-access,14774,3694
optimized,stage2,MetaMask/metamask-extension,7849,Immutable data,14784,3696
optimized,stage2,MetaMask/metamask-extension,7849,Mutable data,14692,3673
optimized,stage2,MetaMask/metamask-extension,7849,Append-only data,14715,3679
optimized,stage2,MetaMask/metamask-extension,7849,Data compression,15092,3773
optimized,stage2,MetaMask/metamask-extension,7849,Data separation,14720,3680
optimized,stage2,MetaMask/metamask-extension,7849,Homomorphic encryption,14541,3636
optimized,stage2,MetaMask/metamask-extension,7849,Zero-knowledge proof,14537,3635
optimized,stage2,MetaMask/metamask-extension,7849,Commit and Reveal,14550,3638
optimized,stage2,MetaMask/metamask-extension,7849,Snapshotting,14745,3687
optimized,stage2,MetaMask/metamask-extension,7849,State initialization,14600,3650
optimized,stage2,MetaMask/metamask-extension,7849,Establish genesis,14603,3651
optimized,stage2,MetaMask/metamask-extension,7849,Smart contract translation,14671,3668
optimized,stage2,MetaMask/metamask-extension,7849,Tokenization,14331,3583
optimized,stage2,MetaMask/metamask-extension,7849,Self-generated transactions,14297,3575
optimized,stage2,MetaMask/metamask-extension,7849,Self-Confirmed Transactions,14300,3575
optimized,stage2,MetaMask/metamask-extension,7849,Delegated Transactions,14300,3575
optimized,stage2,MetaMask/metamask-extension,7849,Packing variables,14612,3653
optimized,stage2,MetaMask/metamask-extension,7849,Packing booleans,14628,3657
optimized,stage2,MetaMask/metamask-extension,7849,Unit vs Unit256,14567,3642
optimized,stage2,MetaMask/metamask-extension,7849,Mapping vs Array,14240,3560
optimized,stage2,MetaMask/metamask-extension,7849,Freeing storage,14231,3558
optimized,stage2,Vectorized/solady,207,Ticker tape,13150,3288
optimized,stage2,Vectorized/solady,207,Oracle,13280,3320
optimized,stage2,Vectorized/solady,207,Reverse Oracle,13096,3274
optimized,stage2,Vectorized/solady,207,Pull-based inbound oracle,13103,3276
optimized,stage2,Vectorized/solady,207,Push-based inbound oracle,13128,3282
optimized,stage2,Vectorized/solady,207,State Channel,13350,3338
optimized,stage2,Vectorized/solady,207,Off-chain Contract Registry,13882,3471
optimized,stage2,Vectorized/solady,207,Legal and smart contract pair,13347,3337
optimized,stage2,Vectorized/solady,207,Off-chain data storage,13639,3410
optimized,stage2,Vectorized/solady,207,Confidential and pseudo-anonymous contract enforcement,13339,3335
optimized,stage2,Vectorized/solady,207,Off-chain Signatures,13452,3363
optimized,stage2,Vectorized/solady,207,Delegated Computation,13487,3372
optimized,stage2,Vectorized/solady,207,Master & Sub Key,12692,3173
optimized,stage2,Vectorized/solady,207,Hot & Cold Wallet Storage,12728,3182
optimized,stage2,Vectorized/solady,207,Key Sharding,12745,3187
optimized,stage2,Vectorized/solady,207,X-confirmation,12436,3109
optimized,stage2,Vectorized/solady,207,Blockchain BP Engine,12634,3159
optimized,stage2,Vectorized/solady,207,Smart Contract Activities,12632,3158
optimized,stage2,Vectorized/solady,207,Decentralize business process,12668,3167
optimized,stage2,Vectorized/solady,207,Identifier Registry,12916,3229
optimized,stage2,Vectorized/solady,207,Multiple Registration,12903,3226
optimized,stage2,Vectorized/solady,207,Bound with Social Media,12925,3232
optimized,stage2,Vectorized/solady,207,Dual Resolution,12895,3224
optimized,stage2,Vectorized/solady,207,Delegate List,12907,3227
optimized,stage2,Vectorized/solady,207,Blockchain Security Pattern for Big Data Ecosystems,12435,3109
optimized,stage2,Vectorized/solady,207,Blockchain-based reputation system,13513,3379
optimized,stage2,Vectorized/solady,207,Vote,13620,3405
optimized,stage2,Vectorized/solady,207,Blocklist,13600,3400
optimized,stage2,Vectorized/solady,207,Announcement,13528,3382
optimized,stage2,Vectorized/solady,207,Bulletin Board,13496,3374
optimized,stage2,Vectorized/solady,207,Randomness,13562,3391
optimized,stage2,Vectorized/solady,207,Poll,13519,3380
optimized,stage2,Vectorized/solady,207,Selective Content Generation,13520,3380
optimized,stage2,Vectorized/solady,207,Time-Constrained Access,13527,3382
optimized,stage2,Vectorized/solady,207,One-Off Access,13500,3375
optimized,stage2,Vectorized/solady,207,Digital Record,13801,3451
optimized,stage2,Vectorized/solady,207,State machine,13583,3396
optimized,stage2,Vectorized/solady,207,Proxy contract,13555,3389
optimized,stage2,Vectorized/solady,207,Contract Registry (on-chain),13434,3359
optimized,stage2,Vectorized/solady,207,Factory contract,13296,3324
optimized,stage2,Vectorized/solady,207,Data contract,13375,3344
optimized,stage2,Vectorized/solady,207,Router contract,13595,3399
optimized,stage2,Vectorized/solady,207,Relay contract,13400,3350
optimized,stage2,Vectorized/solady,207,Emergency stop,13283,3321
optimized,stage2,Vectorized/solady,207,Mortal,13468,3367
optimized,stage2,Vectorized/solady,207,Check-Effects-Interactions,12952,3238
optimized,stage2,Vectorized/solady,207,Mutex,12977,3245
optimized,stage2,Vectorized/solady,207,Guard check,12926,3232
optimized,stage2,Vectorized/solady,207,Rate limit,12877,3220
optimized,stage2,Vectorized/solady,207,Balance limit,12920,3230
optimized,stage2,Vectorized/solady,207,Low contract footprint,13114,3279
optimized,stage2,Vectorized/solady,207,Loop unrolling,13097,3275
optimized,stage2,Vectorized/solady,207,Contract size limit,13069,3268
optimized,stage2,Vectorized/solady,207,Off-chain computation,13220,3305
optimized,stage2,Vectorized/solady,207,State anchoring,13360,3340
optimized,stage2,Vectorized/solady,207,Data refresh,13781,3446
optimized,stage2,Vectorized/solady,207,Ownable,12901,3226
optimized,stage2,Vectorized/solady,207,Role-based control,12872,3218
optimized,stage2,Vectorized/solady,207,Permissioned actions,12876,3219
optimized,stage2,Vectorized/solady,207,Implicit authorization,12890,3223
optimized,stage2,Vectorized/solady,207,Limited-access,12898,3225
optimized,stage2,Vectorized/solady,207,Immutable data,12908,3227
optimized,stage2,Vectorized/solady,207,Mutable data,12816,3204
optimized,stage2,Vectorized/solady,207,Append-only data,12839,3210
optimized,stage2,Vectorized/solady,207,Data compression,13216,3304
optimized,stage2,Vectorized/solady,207,Data separation,12844,3211
optimized,stage2,Vectorized/solady,207,Homomorphic encryption,12665,3167
optimized,stage2,Vectorized/solady,207,Zero-knowledge proof,12661,3166
optimized,stage2,Vectorized/solady,207,Commit and Reveal,12674,3169
optimized,stage2,Vectorized/solady,207,Snapshotting,12869,3218
optimized,stage2,Vectorized/solady,207,State initialization,12724,3181
optimized,stage2,Vectorized/solady,207,Establish genesis,12727,3182
optimized,stage2,Vectorized/solady,207,Smart contract translation,12795,3199
optimized,stage2,Vectorized/solady,207,Tokenization,12455,3114
optimized,stage2,Vectorized/solady,207,Self-generated transactions,12421,3106
optimized,stage2,Vectorized/solady,207,Self-Confirmed Transactions,12424,3106
optimized,stage2,Vectorized/solady,207,Delegated Transactions,12424,3106
optimized,stage2,Vectorized/solady,207,Packing variables,12736,3184
optimized,stage2,Vectorized/solady,207,Packing booleans,12752,3188
optimized,stage2,Vectorized/solady,207,Unit vs Unit256,12691,3173
optimized,stage2,Vectorized/solady,207,Mapping vs Array,12364,3091
optimized,stage2,Vectorized/solady,207,Freeing storage,12355,3089
optimized,stage2,OpenZeppelin/nile,47,Ticker tape,16572,4143
optimized,stage2,OpenZeppelin/nile,47,Oracle,16702,4176
optimized,stage2,OpenZeppelin/nile,47,Reverse Oracle,16518,4130
optimized,stage2,OpenZeppelin/nile,47,Pull-based inbound oracle,16525,4132
optimized,stage2,OpenZeppelin/nile,47,Push-based inbound oracle,16550,4138
optimized,stage2,OpenZeppelin/nile,47,State Channel,16772,4193
optimized,stage2,OpenZeppelin/nile,47,Off-chain Contract Registry,17304,4326
optimized,stage2,OpenZeppelin/nile,47,Legal and smart contract pair,16769,4193
optimized,stage2,OpenZeppelin/nile,47,Off-chain data storage,17061,4266
optimized,stage2,OpenZeppelin/nile,47,Confidential and pseudo-anonymous contract enforcement,16761,4191
optimized,stage2,OpenZeppelin/nile,47,Off-chain Signatures,16874,4219
optimized,stage2,OpenZeppelin/nile,47,Delegated Computation,16909,4228
optimized,stage2,OpenZeppelin/nile,47,Master & Sub Key,16114,4029
optimized,stage2,OpenZeppelin/nile,47,Hot & Cold Wallet Storage,16150,4038
optimized,stage2,OpenZeppelin/nile,47,Key Sharding,16167,4042
optimized,stage2,OpenZeppelin/nile,47,X-confirmation,15858,3965
optimized,stage2,OpenZeppelin/nile,47,Blockchain BP Engine,16056,4014
optimized,stage2,OpenZeppelin/nile,47,Smart Contract Activities,16054,4014
optimized,stage2,OpenZeppelin/nile,47,Decentralize business process,16090,4023
optimized,stage2,OpenZeppelin/nile,47,Identifier Registry,16338,4085
optimized,stage2,OpenZeppelin/nile,47,Multiple Registration,16325,4082
optimized,stage2,OpenZeppelin/nile,47,Bound with Social Media,16347,4087
optimized,stage2,OpenZeppelin/nile,47,Dual Resolution,16317,4080
optimized,stage2,OpenZeppelin/nile,47,Delegate List,16329,4083
optimized,stage2,OpenZeppelin/nile,47,Blockchain Security Pattern for Big Data Ecosystems,15857,3965
optimized,stage2,OpenZeppelin/nile,47,Blockchain-based reputation system,16935,4234
optimized,stage2,OpenZeppelin/nile,47,Vote,17042,4261
optimized,stage2,OpenZeppelin/nile,47,Blocklist,17022,4256
optimized,stage2,OpenZeppelin/nile,47,Announcement,16950,4238
optimized,stage2,OpenZeppelin/nile,47,Bulletin Board,16918,4230
optimized,stage2,OpenZeppelin/nile,47,Randomness,16984,4246
optimized,stage2,OpenZeppelin/nile,47,Poll,16941,4236
optimized,stage2,OpenZeppelin/nile,47,Selective Content Generation,16942,4236
optimized,stage2,OpenZeppelin/nile,47,Time-Constrained Access,16949,4238
optimized,stage2,OpenZeppelin/nile,47,One-Off Access,16922,4231
optimized,stage2,OpenZeppelin/nile,47,Digital Record,17223,4306
optimized,stage2,OpenZeppelin/nile,47,State machine,17005,4252
optimized,stage2,OpenZeppelin/nile,47,Proxy contract,16977,4245
optimized,stage2,OpenZeppelin/nile,47,Contract Registry (on-chain),16856,4214
optimized,stage2,OpenZeppelin/nile,47,Factory contract,16718,4180
optimized,stage2,OpenZeppelin/nile,47,Data contract,16797,4200
optimized,stage2,OpenZeppelin/nile,47,Router contract,17017,4255
optimized,stage2,OpenZeppelin/nile,47,Relay contract,16822,4206
optimized,stage2,OpenZeppelin/nile,47,Emergency stop,16705,4177
optimized,stage2,OpenZeppelin/nile,47,Mortal,16890,4223
optimized,stage2,OpenZeppelin/nile,47,Check-Effects-Interactions,16374,4094
optimized,stage2,OpenZeppelin/nile,47,Mutex,16399,4100
optimized,stage2,OpenZeppelin/nile,47,Guard check,16348,4087
optimized,stage2,OpenZeppelin/nile,47,Rate limit,16299,4075
optimized,stage2,OpenZeppelin/nile,47,Balance limit,16342,4086
optimized,stage2,OpenZeppelin/nile,47,Low contract footprint,16536,4134
optimized,stage2,OpenZeppelin/nile,47,Loop unrolling,16519,4130
optimized,stage2,OpenZeppelin/nile,47,Contract size limit,16491,4123
optimized,stage2,OpenZeppelin/nile,47,Off-chain computation,16642,4161
optimized,stage2,OpenZeppelin/nile,47,State anchoring,16782,4196
optimized,stage2,OpenZeppelin/nile,47,Data refresh,17203,4301
optimized,stage2,OpenZeppelin/nile,47,Ownable,16323,4081
optimized,stage2,OpenZeppelin/nile,47,Role-based control,16294,4074
optimized,stage2,OpenZeppelin/nile,47,Permissioned actions,16298,4075
optimized,stage2,OpenZeppelin/nile,47,Implicit authorization,16312,4078
optimized,stage2,OpenZeppelin/nile,47,Limited-access,16320,4080
optimized,stage2,OpenZeppelin/nile,47,Immutable data,16330,4083
optimized,stage2,OpenZeppelin/nile,47,Mutable data,16238,4060
optimized,stage2,OpenZeppelin/nile,47,Append-only data,16261,4066
optimized,stage2,OpenZeppelin/nile,47,Data compression,16638,4160
optimized,stage2,OpenZeppelin/nile,47,Data separation,16266,4067
optimized,stage2,OpenZeppelin/nile,47,Homomorphic encryption,16087,4022
optimized,stage2,OpenZeppelin/nile,47,Zero-knowledge proof,16083,4021
optimized,stage2,OpenZeppelin/nile,47,Commit and Reveal,16096,4024
optimized,stage2,OpenZeppelin/nile,47,Snapshotting,16291,4073
optimized,stage2,OpenZeppelin/nile,47,State initialization,16146,4037
optimized,stage2,OpenZeppelin/nile,47,Establish genesis,16149,4038
optimized,stage2,OpenZeppelin/nile,47,Smart contract translation,16217,4055
optimized,stage2,OpenZeppelin/nile,47,Tokenization,15877,3970
optimized,stage2,OpenZeppelin/nile,47,Self-generated transactions,15843,3961
optimized,stage2,OpenZeppelin/nile,47,Self-Confirmed Transactions,15846,3962
optimized,stage2,OpenZeppelin/nile,47,Delegated Transactions,15846,3962
optimized,stage2,OpenZeppelin/nile,47,Packing variables,16158,4040
optimized,stage2,OpenZeppelin/nile,47,Packing booleans,16174,4044
optimized,stage2,OpenZeppelin/nile,47,Unit vs Unit256,16113,4029
optimized,stage2,OpenZeppelin/nile,47,Mapping vs Array,15786,3947
optimized,stage2,OpenZeppelin/nile,47,Freeing storage,15777,3945
optimized,stage2,paritytech/substrate,6585,Ticker tape,19446,4862
optimized,stage2,paritytech/substrate,6585,Oracle,19576,4894
optimized,stage2,paritytech/substrate,6585,Reverse Oracle,19392,4848
optimized,stage2,paritytech/substrate,6585,Pull-based inbound oracle,19399,4850
optimized,stage2,paritytech/substrate,6585,Push-based inbound oracle,19424,4856
optimized,stage2,paritytech/substrate,6585,State Channel,19646,4912
optimized,stage2,paritytech/substrate,6585,Off-chain Contract Registry,20178,5045
optimized,stage2,paritytech/substrate,6585,Legal and smart contract pair,19643,4911
optimized,stage2,paritytech/substrate,6585,Off-chain data storage,19935,4984
optimized,stage2,paritytech/substrate,6585,Confidential and pseudo-anonymous contract enforcement,19635,4909
optimized,stage2,paritytech/substrate,6585,Off-chain Signatures,19748,4937
optimized,stage2,paritytech/substrate,6585,Delegated Computation,19783,4946
optimized,stage2,paritytech/substrate,6585,Master & Sub Key,18988,4747
optimized,stage2,paritytech/substrate,6585,Hot & Cold Wallet Storage,19024,4756
optimized,stage2,paritytech/substrate,6585,Key Sharding,19041,4761
optimized,stage2,paritytech/substrate,6585,X-confirmation,18732,4683
optimized,stage2,paritytech/substrate,6585,Blockchain BP Engine,18930,4733
optimized,stage2,paritytech/substrate,6585,Smart Contract Activities,18928,4732
optimized,stage2,paritytech/substrate,6585,Decentralize business process,18964,4741
optimized,stage2,paritytech/substrate,6585,Identifier Registry,19212,4803
optimized,stage2,paritytech/substrate,6585,Multiple Registration,19199,4800
optimized,stage2,paritytech/substrate,6585,Bound with Social Media,19221,4806
optimized,stage2,paritytech/substrate,6585,Dual Resolution,19191,4798
optimized,stage2,paritytech/substrate,6585,Delegate List,19203,4801
optimized,stage2,paritytech/substrate,6585,Blockchain Security Pattern for Big Data Ecosystems,18731,4683
optimized,stage2,paritytech/substrate,6585,Blockchain-based reputation system,19809,4953
optimized,stage2,paritytech/substrate,6585,Vote,19916,4979
optimized,stage2,paritytech/substrate,6585,Blocklist,19896,4974
optimized,stage2,paritytech/substrate,6585,Announcement,19824,4956
optimized,stage2,paritytech/substrate,6585,Bulletin Board,19792,4948
optimized,stage2,paritytech/substrate,6585,Randomness,19858,4965
optimized,stage2,paritytech/substrate,6585,Poll,19815,4954
optimized,stage2,paritytech/substrate,6585,Selective Content Generation,19816,4954
optimized,stage2,paritytech/substrate,6585,Time-Constrained Access,19823,4956
optimized,stage2,paritytech/substrate,6585,One-Off Access,19796,4949
optimized,stage2,paritytech/substrate,6585,Digital Record,20097,5025
optimized,stage2,paritytech/substrate,6585,State machine,19879,4970
optimized,stage2,paritytech/substrate,6585,Proxy contract,19851,4963
optimized,stage2,paritytech/substrate,6585,Contract Registry (on-chain),19730,4933
optimized,stage2,paritytech/substrate,6585,Factory contract,19592,4898
optimized,stage2,paritytech/substrate,6585,Data contract,19671,4918
optimized,stage2,paritytech/substrate,6585,Router contract,19891,4973
optimized,stage2,paritytech/substrate,6585,Relay contract,19696,4924
optimized,stage2,paritytech/substrate,6585,Emergency stop,19579,4895
optimized,stage2,paritytech/substrate,6585,Mortal,19764,4941
optimized,stage2,paritytech/substrate,6585,Check-Effects-Interactions,19248,4812
optimized,stage2,paritytech/substrate,6585,Mutex,19273,4819
optimized,stage2,paritytech/substrate,6585,Guard check,19222,4806
optimized,stage2,paritytech/substrate,6585,Rate limit,19173,4794
optimized,stage2,paritytech/substrate,6585,Balance limit,19216,4804
optimized,stage2,paritytech/substrate,6585,Low contract footprint,19410,4853
optimized,stage2,paritytech/substrate,6585,Loop unrolling,19393,4849
optimized,stage2,paritytech/substrate,6585,Contract size limit,19365,4842
optimized,stage2,paritytech/substrate,6585,Off-chain computation,19516,4879
optimized,stage2,paritytech/substrate,6585,State anchoring,19656,4914
optimized,stage2,paritytech/substrate,6585,Data refresh,20077,5020
optimized,stage2,paritytech/substrate,6585,Ownable,19197,4800
optimized,stage2,paritytech/substrate,6585,Role-based control,19168,4792
optimized,stage2,paritytech/substrate,6585,Permissioned actions,19172,4793
optimized,stage2,paritytech/substrate,6585,Implicit authorization,19186,4797
optimized,stage2,paritytech/substrate,6585,Limited-access,19194,4799
optimized,stage2,paritytech/substrate,6585,Immutable data,19204,4801
optimized,stage2,paritytech/substrate,6585,Mutable data,19112,4778
optimized,stage2,paritytech/substrate,6585,Append-only data,19135,4784
optimized,stage2,paritytech/substrate,6585,Data compression,19512,4878
optimized,stage2,paritytech/substrate,6585,Data separation,19140,4785
optimized,stage2,paritytech/substrate,6585,Homomorphic encryption,18961,4741
optimized,stage2,paritytech/substrate,6585,Zero-knowledge proof,18957,4740
optimized,stage2,paritytech/substrate,6585,Commit and Reveal,18970,4743
optimized,stage2,paritytech/substrate,6585,Snapshotting,19165,4792
optimized,stage2,paritytech/substrate,6585,State initialization,19020,4755
optimized,stage2,paritytech/substrate,6585,Establish genesis,19023,4756
optimized,stage2,paritytech/substrate,6585,Smart contract translation,19091,4773
optimized,stage2,paritytech/substrate,6585,Tokenization,18751,4688
optimized,stage2,paritytech/substrate,6585,Self-generated transactions,18717,4680
optimized,stage2,paritytech/substrate,6585,Self-Confirmed Transactions,18720,4680
optimized,stage2,paritytech/substrate,6585,Delegated Transactions,18720,4680
optimized,stage2,paritytech/substrate,6585,Packing variables,19032,4758
optimized,stage2,paritytech/substrate,6585,Packing booleans,19048,4762
optimized,stage2,paritytech/substrate,6585,Unit vs Unit256,18987,4747
optimized,stage2,paritytech/substrate,6585,Mapping vs Array,18660,4665
optimized,stage2,paritytech/substrate,6585,Freeing storage,18651,4663
optimized,stage2,sigp/lighthouse,7304,Ticker tape,18628,4657
optimized,stage2,sigp/lighthouse,7304,Oracle,18758,4690
optimized,stage2,sigp/lighthouse,7304,Reverse Oracle,18574,4644
optimized,stage2,sigp/lighthouse,7304,Pull-based inbound oracle,18581,4646
optimized,stage2,sigp/lighthouse,7304,Push-based inbound oracle,18606,4652
optimized,stage2,sigp/lighthouse,7304,State Channel,18828,4707
optimized,stage2,sigp/lighthouse,7304,Off-chain Contract Registry,19360,4840
optimized,stage2,sigp/lighthouse,7304,Legal and smart contract pair,18825,4707
optimized,stage2,sigp/lighthouse,7304,Off-chain data storage,19117,4780
optimized,stage2,sigp/lighthouse,7304,Confidential and pseudo-anonymous contract enforcement,18817,4705
optimized,stage2,sigp/lighthouse,7304,Off-chain Signatures,18930,4733
optimized,stage2,sigp/lighthouse,7304,Delegated Computation,18965,4742
optimized,stage2,sigp/lighthouse,7304,Master & Sub Key,18170,4543
optimized,stage2,sigp/lighthouse,7304,Hot & Cold Wallet Storage,18206,4552
optimized,stage2,sigp/lighthouse,7304,Key Sharding,18223,4556
optimized,stage2,sigp/lighthouse,7304,X-confirmation,17914,4479
optimized,stage2,sigp/lighthouse,7304,Blockchain BP Engine,18112,4528
optimized,stage2,sigp/lighthouse,7304,Smart Contract Activities,18110,4528
optimized,stage2,sigp/lighthouse,7304,Decentralize business process,18146,4537
optimized,stage2,sigp/lighthouse,7304,Identifier Registry,18394,4599
optimized,stage2,sigp/lighthouse,7304,Multiple Registration,18381,4596
optimized,stage2,sigp/lighthouse,7304,Bound with Social Media,18403,4601
optimized,stage2,sigp/lighthouse,7304,Dual Resolution,18373,4594
optimized,stage2,sigp/lighthouse,7304,Delegate List,18385,4597
optimized,stage2,sigp/lighthouse,7304,Blockchain Security Pattern for Big Data Ecosystems,17913,4479
optimized,stage2,sigp/lighthouse,7304,Blockchain-based reputation system,18991,4748
optimized,stage2,sigp/lighthouse,7304,Vote,19098,4775
optimized,stage2,sigp/lighthouse,7304,Blocklist,19078,4770
optimized,stage2,sigp/lighthouse,7304,Announcement,19006,4752
optimized,stage2,sigp/lighthouse,7304,Bulletin Board,18974,4744
optimized,stage2,sigp/lighthouse,7304,Randomness,19040,4760
optimized,stage2,sigp/lighthouse,7304,Poll,18997,4750
optimized,stage2,sigp/lighthouse,7304,Selective Content Generation,18998,4750
optimized,stage2,sigp/lighthouse,7304,Time-Constrained Access,19005,4752
optimized,stage2,sigp/lighthouse,7304,One-Off Access,18978,4745
optimized,stage2,sigp/lighthouse,7304,Digital Record,19279,4820
optimized,stage2,sigp/lighthouse,7304,State machine,19061,4766
optimized,stage2,sigp/lighthouse,7304,Proxy contract,19033,4759
optimized,stage2,sigp/lighthouse,7304,Contract Registry (on-chain),18912,4728
optimized,stage2,sigp/lighthouse,7304,Factory contract,18774,4694
optimized,stage2,sigp/lighthouse,7304,Data contract,18853,4714
optimized,stage2,sigp/lighthouse,7304,Router contract,19073,4769
optimized,stage2,sigp/lighthouse,7304,Relay contract,18878,4720
optimized,stage2,sigp/lighthouse,7304,Emergency stop,18761,4691
optimized,stage2,sigp/lighthouse,7304,Mortal,18946,4737
optimized,stage2,sigp/lighthouse,7304,Check-Effects-Interactions,18430,4608
optimized,stage2,sigp/lighthouse,7304,Mutex,18455,4614
optimized,stage2,sigp/lighthouse,7304,Guard check,18404,4601
optimized,stage2,sigp/lighthouse,7304,Rate limit,18355,4589
optimized,stage2,sigp/lighthouse,7304,Balance limit,18398,4600
optimized,stage2,sigp/lighthouse,7304,Low contract footprint,18592,4648
optimized,stage2,sigp/lighthouse,7304,Loop unrolling,18575,4644
optimized,stage2,sigp/lighthouse,7304,Contract size limit,18547,4637
optimized,stage2,sigp/lighthouse,7304,Off-chain computation,18698,4675
optimized,stage2,sigp/lighthouse,7304,State anchoring,18838,4710
optimized,stage2,sigp/lighthouse,7304,Data refresh,19259,4815
optimized,stage2,sigp/lighthouse,7304,Ownable,18379,4595
optimized,stage2,sigp/lighthouse,7304,Role-based control,18350,4588
optimized,stage2,sigp/lighthouse,7304,Permissioned actions,18354,4589
optimized,stage2,sigp/lighthouse,7304,Implicit authorization,18368,4592
optimized,stage2,sigp/lighthouse,7304,Limited-access,18376,4594
optimized,stage2,sigp/lighthouse,7304,Immutable data,18386,4597
optimized,stage2,sigp/lighthouse,7304,Mutable data,18294,4574
optimized,stage2,sigp/lighthouse,7304,Append-only data,18317,4580
optimized,stage2,sigp/lighthouse,7304,Data compression,18694,4674
optimized,stage2,sigp/lighthouse,7304,Data separation,18322,4581
optimized,stage2,sigp/lighthouse,7304,Homomorphic encryption,18143,4536
optimized,stage2,sigp/lighthouse,7304,Zero-knowledge proof,18139,4535
optimized,stage2,sigp/lighthouse,7304,Commit and Reveal,18152,4538
optimized,stage2,sigp/lighthouse,7304,Snapshotting,18347,4587
optimized,stage2,sigp/lighthouse,7304,State initialization,18202,4551
optimized,stage2,sigp/lighthouse,7304,Establish genesis,18205,4552
optimized,stage2,sigp/lighthouse,7304,Smart contract translation,18273,4569
optimized,stage2,sigp/lighthouse,7304,Tokenization,17933,4484
optimized,stage2,sigp/lighthouse,7304,Self-generated transactions,17899,4475
optimized,stage2,sigp/lighthouse,7304,Self-Confirmed Transactions,17902,4476
optimized,stage2,sigp/lighthouse,7304,Delegated Transactions,17902,4476
optimized,stage2,sigp/lighthouse,7304,Packing variables,18214,4554
optimized,stage2,sigp/lighthouse,7304,Packing booleans,18230,4558
optimized,stage2,sigp/lighthouse,7304,Unit vs Unit256,18169,4543
optimized,stage2,sigp/lighthouse,7304,Mapping vs Array,17842,4461
optimized,stage2,sigp/lighthouse,7304,Freeing storage,17833,4459
optimized,stage2,ipfs/js-ipfs,4085,Ticker tape,12927,3232
optimized,stage2,ipfs/js-ipfs,4085,Oracle,13057,3265
optimized,stage2,ipfs/js-ipfs,4085,Reverse Oracle,12873,3219
optimized,stage2,ipfs/js-ipfs,4085,Pull-based inbound oracle,12880,3220
optimized,stage2,ipfs/js-ipfs,4085,Push-based inbound oracle,12905,3227
optimized,stage2,ipfs/js-ipfs,4085,State Channel,13127,3282
optimized,stage2,ipfs/js-ipfs,4085,Off-chain Contract Registry,13659,3415
optimized,stage2,ipfs/js-ipfs,4085,Legal and smart contract pair,13124,3281
optimized,stage2,ipfs/js-ipfs,4085,Off-chain data storage,13416,3354
optimized,stage2,ipfs/js-ipfs,4085,Confidential and pseudo-anonymous contract enforcement,13116,3279
optimized,stage2,ipfs/js-ipfs,4085,Off-chain Signatures,13229,3308
optimized,stage2,ipfs/js-ipfs,4085,Delegated Computation,13264,3316
optimized,stage2,ipfs/js-ipfs,4085,Master & Sub Key,12469,3118
optimized,stage2,ipfs/js-ipfs,4085,Hot & Cold Wallet Storage,12505,3127
optimized,stage2,ipfs/js-ipfs,4085,Key Sharding,12522,3131
optimized,stage2,ipfs/js-ipfs,4085,X-confirmation,12213,3054
optimized,stage2,ipfs/js-ipfs,4085,Blockchain BP Engine,12411,3103
optimized,stage2,ipfs/js-ipfs,4085,Smart Contract Activities,12409,3103
optimized,stage2,ipfs/js-ipfs,4085,Decentralize business process,12445,3112
optimized,stage2,ipfs/js-ipfs,4085,Identifier Registry,12693,3174
optimized,stage2,ipfs/js-ipfs,4085,Multiple Registration,12680,3170
optimized,stage2,ipfs/js-ipfs,4085,Bound with Social Media,12702,3176
optimized,stage2,ipfs/js-ipfs,4085,Dual Resolution,12672,3168
optimized,stage2,ipfs/js-ipfs,4085,Delegate List,12684,3171
optimized,stage2,ipfs/js-ipfs,4085,Blockchain Security Pattern for Big Data Ecosystems,12212,3053
optimized,stage2,ipfs/js-ipfs,4085,Blockchain-based reputation system,13290,3323
optimized,stage2,ipfs/js-ipfs,4085,Vote,13397,3350
optimized,stage2,ipfs/js-ipfs,4085,Blocklist,13377,3345
optimized,stage2,ipfs/js-ipfs,4085,Announcement,13305,3327
optimized,stage2,ipfs/js-ipfs,4085,Bulletin Board,13273,3319
optimized,stage2,ipfs/js-ipfs,4085,Randomness,13339,3335
optimized,stage2,ipfs/js-ipfs,4085,Poll,13296,3324
optimized,stage2,ipfs/js-ipfs,4085,Selective Content Generation,13297,3325
optimized,stage2,ipfs/js-ipfs,4085,Time-Constrained Access,13304,3326
optimized,stage2,ipfs/js-ipfs,4085,One-Off Access,13277,3320
optimized,stage2,ipfs/js-ipfs,4085,Digital Record,13578,3395
optimized,stage2,ipfs/js-ipfs,4085,State machine,13360,3340
optimized,stage2,ipfs/js-ipfs,4085,Proxy contract,13332,3333
optimized,stage2,ipfs/js-ipfs,4085,Contract Registry (on-chain),13211,3303
optimized,stage2,ipfs/js-ipfs,4085,Factory contract,13073,3269
optimized,stage2,ipfs/js-ipfs,4085,Data contract,13152,3288
optimized,stage2,ipfs/js-ipfs,4085,Router contract,13372,3343
optimized,stage2,ipfs/js-ipfs,4085,Relay contract,13177,3295
optimized,stage2,ipfs/js-ipfs,4085,Emergency stop,13060,3265
optimized,stage2,ipfs/js-ipfs,4085,Mortal,13245,3312
optimized,stage2,ipfs/js-ipfs,4085,Check-Effects-Interactions,12729,3183
optimized,stage2,ipfs/js-ipfs,4085,Mutex,12754,3189
optimized,stage2,ipfs/js-ipfs,4085,Guard check,12703,3176
optimized,stage2,ipfs/js-ipfs,4085,Rate limit,12654,3164
optimized,stage2,ipfs/js-ipfs,4085,Balance limit,12697,3175
optimized,stage2,ipfs/js-ipfs,4085,Low contract footprint,12891,3223
optimized,stage2,ipfs/js-ipfs,4085,Loop unrolling,12874,3219
optimized,stage2,ipfs/js-ipfs,4085,Contract size limit,12846,3212
optimized,stage2,ipfs/js-ipfs,4085,Off-chain computation,12997,3250
optimized,stage2,ipfs/js-ipfs,4085,State anchoring,13137,3285
optimized,stage2,ipfs/js-ipfs,4085,Data refresh,13558,3390
optimized,stage2,ipfs/js-ipfs,4085,Ownable,12678,3170
optimized,stage2,ipfs/js-ipfs,4085,Role-based control,12649,3163
optimized,stage2,ipfs/js-ipfs,4085,Permissioned actions,12653,3164
optimized,stage2,ipfs/js-ipfs,4085,Implicit authorization,12667,3167
optimized,stage2,ipfs/js-ipfs,4085,Limited-access,12675,3169
optimized,stage2,ipfs/js-ipfs,4085,Immutable data,12685,3172
optimized,stage2,ipfs/js-ipfs,4085,Mutable data,12593,3149
optimized,stage2,ipfs/js-ipfs,4085,Append-only data,12616,3154
optimized,stage2,ipfs/js-ipfs,4085,Data compression,12993,3249
optimized,stage2,ipfs/js-ipfs,4085,Data separation,12621,3156
optimized,stage2,ipfs/js-ipfs,4085,Homomorphic encryption,12442,3111
optimized,stage2,ipfs/js-ipfs,4085,Zero-knowledge proof,12438,3110
optimized,stage2,ipfs/js-ipfs,4085,Commit and Reveal,12451,3113
optimized,stage2,ipfs/js-ipfs,4085,Snapshotting,12646,3162
optimized,stage2,ipfs/js-ipfs,4085,State initialization,12501,3126
optimized,stage2,ipfs/js-ipfs,4085,Establish genesis,12504,3126
optimized,stage2,ipfs/js-ipfs,4085,Smart contract translation,12572,3143
optimized,stage2,ipfs/js-ipfs,4085,Tokenization,12232,3058
optimized,stage2,ipfs/js-ipfs,4085,Self-generated transactions,12198,3050
optimized,stage2,ipfs/js-ipfs,4085,Self-Confirmed Transactions,12201,3051
optimized,stage2,ipfs/js-ipfs,4085,Delegated Transactions,12201,3051
optimized,stage2,ipfs/js-ipfs,4085,Packing variables,12513,3129
optimized,stage2,ipfs/js-ipfs,4085,Packing booleans,12529,3133
optimized,stage2,ipfs/js-ipfs,4085,Unit vs Unit256,12468,3117
optimized,stage2,ipfs/js-ipfs,4085,Mapping vs Array,12141,3036
optimized,stage2,ipfs/js-ipfs,4085,Freeing storage,12132,3033
optimized,stage2,Consensys/Token-Factory,53,Ticker tape,12942,3236
optimized,stage2,Consensys/Token-Factory,53,Oracle,13072,3268
optimized,stage2,Consensys/Token-Factory,53,Reverse Oracle,12888,3222
optimized,stage2,Consensys/Token-Factory,53,Pull-based inbound oracle,12895,3224
optimized,stage2,Consensys/Token-Factory,53,Push-based inbound oracle,12920,3230
optimized,stage2,Consensys/Token-Factory,53,State Channel,13142,3286
optimized,stage2,Consensys/Token-Factory,53,Off-chain Contract Registry,13674,3419
optimized,stage2,Consensys/Token-Factory,53,Legal and smart contract pair,13139,3285
optimized,stage2,Consensys/Token-Factory,53,Off-chain data storage,13431,3358
optimized,stage2,Consensys/Token-Factory,53,Confidential and pseudo-anonymous contract enforcement,13131,3283
optimized,stage2,Consensys/Token-Factory,53,Off-chain Signatures,13244,3311
optimized,stage2,Consensys/Token-Factory,53,Delegated Computation,13279,3320
optimized,stage2,Consensys/Token-Factory,53,Master & Sub Key,12484,3121
optimized,stage2,Consensys/Token-Factory,53,Hot & Cold Wallet Storage,12520,3130
optimized,stage2,Consensys/Token-Factory,53,Key Sharding,12537,3135
optimized,stage2,Consensys/Token-Factory,53,X-confirmation,12228,3057
optimized,stage2,Consensys/Token-Factory,53,Blockchain BP Engine,12426,3107
optimized,stage2,Consensys/Token-Factory,53,Smart Contract Activities,12424,3106
optimized,stage2,Consensys/Token-Factory,53,Decentralize business process,12460,3115
optimized,stage2,Consensys/Token-Factory,53,Identifier Registry,12708,3177
optimized,stage2,Consensys/Token-Factory,53,Multiple Registration,12695,3174
optimized,stage2,Consensys/Token-Factory,53,Bound with Social Media,12717,3180
optimized,stage2,Consensys/Token-Factory,53,Dual Resolution,12687,3172
optimized,stage2,Consensys/Token-Factory,53,Delegate List,12699,3175
optimized,stage2,Consensys/Token-Factory,53,Blockchain Security Pattern for Big Data Ecosystems,12227,3057
optimized,stage2,Consensys/Token-Factory,53,Blockchain-based reputation system,13305,3327
optimized,stage2,Consensys/Token-Factory,53,Vote,13412,3353
optimized,stage2,Consensys/Token-Factory,53,Blocklist,13392,3348
optimized,stage2,Consensys/Token-Factory,53,Announcement,13320,3330
optimized,stage2,Consensys/Token-Factory,53,Bulletin Board,13288,3322
optimized,stage2,Consensys/Token-Factory,53,Randomness,13354,3339
optimized,stage2,Consensys/Token-Factory,53,Poll,13311,3328
optimized,stage2,Consensys/Token-Factory,53,Selective Content Generation,13312,3328
optimized,stage2,Consensys/Token-Factory,53,Time-Constrained Access,13319,3330
optimized,stage2,Consensys/Token-Factory,53,One-Off Access,13292,3323
optimized,stage2,Consensys/Token-Factory,53,Digital Record,13593,3399
optimized,stage2,Consensys/Token-Factory,53,State machine,13375,3344
optimized,stage2,Consensys/Token-Factory,53,Proxy contract,13347,3337
optimized,stage2,Consensys/Token-Factory,53,Contract Registry (on-chain),13226,3307
optimized,stage2,Consensys/Token-Factory,53,Factory contract,13088,3272
optimized,stage2,Consensys/Token-Factory,53,Data contract,13167,3292
optimized,stage2,Consensys/Token-Factory,53,Router contract,13387,3347
optimized,stage2,Consensys/Token-Factory,53,Relay contract,13192,3298
optimized,stage2,Consensys/Token-Factory,53,Emergency stop,13075,3269
optimized,stage2,Consensys/Token-Factory,53,Mortal,13260,3315
optimized,stage2,Consensys/Token-Factory,53,Check-Effects-Interactions,12744,3186
optimized,stage2,Consensys/Token-Factory,53,Mutex,12769,3193
optimized,stage2,Consensys/Token-Factory,53,Guard check,12718,3180
optimized,stage2,Consensys/Token-Factory,53,Rate limit,12669,3168
optimized,stage2,Consensys/Token-Factory,53,Balance limit,12712,3178
optimized,stage2,Consensys/Token-Factory,53,Low contract footprint,12906,3227
optimized,stage2,Consensys/Token-Factory,53,Loop unrolling,12889,3223
optimized,stage2,Consensys/Token-Factory,53,Contract size limit,12861,3216
optimized,stage2,Consensys/Token-Factory,53,Off-chain computation,13012,3253
optimized,stage2,Consensys/Token-Factory,53,State anchoring,13152,3288
optimized,stage2,Consensys/Token-Factory,53,Data refresh,13573,3394
optimized,stage2,Consensys/Token-Factory,53,Ownable,12693,3174
optimized,stage2,Consensys/Token-Factory,53,Role-based control,12664,3166
optimized,stage2,Consensys/Token-Factory,53,Permissioned actions,12668,3167
optimized,stage2,Consensys/Token-Factory,53,Implicit authorization,12682,3171
optimized,stage2,Consensys/Token-Factory,53,Limited-access,12690,3173
optimized,stage2,Consensys/Token-Factory,53,Immutable data,12700,3175
optimized,stage2,Consensys/Token-Factory,53,Mutable data,12608,3152
optimized,stage2,Consensys/Token-Factory,53,Append-only data,12631,3158
optimized,stage2,Consensys/Token-Factory,53,Data compression,13008,3252
optimized,stage2,Consensys/Token-Factory,53,Data separation,12636,3159
optimized,stage2,Consensys/Token-Factory,53,Homomorphic encryption,12457,3115
optimized,stage2,Consensys/Token-Factory,53,Zero-knowledge proof,12453,3114
optimized,stage2,Consensys/Token-Factory,53,Commit and Reveal,12466,3117
optimized,stage2,Consensys/Token-Factory,53,Snapshotting,12661,3166
optimized,stage2,Consensys/Token-Factory,53,State initialization,12516,3129
optimized,stage2,Consensys/Token-Factory,53,Establish genesis,12519,3130
optimized,stage2,Consensys/Token-Factory,53,Smart contract translation,12587,3147
optimized,stage2,Consensys/Token-Factory,53,Tokenization,12247,3062
optimized,stage2,Consensys/Token-Factory,53,Self-generated transactions,12213,3054
optimized,stage2,Consensys/Token-Factory,53,Self-Confirmed Transactions,12216,3054
optimized,stage2,Consensys/Token-Factory,53,Delegated Transactions,12216,3054
optimized,stage2,Consensys/Token-Factory,53,Packing variables,12528,3132
optimized,stage2,Consensys/Token-Factory,53,Packing booleans,12544,3136
optimized,stage2,Consensys/Token-Factory,53,Unit vs Unit256,12483,3121
optimized,stage2,Consensys/Token-Factory,53,Mapping vs Array,12156,3039
optimized,stage2,Consensys/Token-Factory,53,Freeing storage,12147,3037
optimized,stage2,INFURA/infura,81,Ticker tape,13054,3264
optimized,stage2,INFURA/infura,81,Oracle,13184,3296
optimized,stage2,INFURA/infura,81,Reverse Oracle,13000,3250
optimized,stage2,INFURA/infura,81,Pull-based inbound oracle,13007,3252
optimized,stage2,INFURA/infura,81,Push-based inbound oracle,13032,3258
optimized,stage2,INFURA/infura,81,State Channel,13254,3314
optimized,stage2,INFURA/infura,81,Off-chain Contract Registry,13786,3447
optimized,stage2,INFURA/infura,81,Legal and smart contract pair,13251,3313
optimized,stage2,INFURA/infura,81,Off-chain data storage,13543,3386
optimized,stage2,INFURA/infura,81,Confidential and pseudo-anonymous contract enforcement,13243,3311
optimized,stage2,INFURA/infura,81,Off-chain Signatures,13356,3339
optimized,stage2,INFURA/infura,81,Delegated Computation,13391,3348
optimized,stage2,INFURA/infura,81,Master & Sub Key,12596,3149
optimized,stage2,INFURA/infura,81,Hot & Cold Wallet Storage,12632,3158
optimized,stage2,INFURA/infura,81,Key Sharding,12649,3163
optimized,stage2,INFURA/infura,81,X-confirmation,12340,3085
optimized,stage2,INFURA/infura,81,Blockchain BP Engine,12538,3135
optimized,stage2,INFURA/infura,81,Smart Contract Activities,12536,3134
optimized,stage2,INFURA/infura,81,Decentralize business process,12572,3143
optimized,stage2,INFURA/infura,81,Identifier Registry,12820,3205
optimized,stage2,INFURA/infura,81,Multiple Registration,12807,3202
optimized,stage2,INFURA/infura,81,Bound with Social Media,12829,3208
optimized,stage2,INFURA/infura,81,Dual Resolution,12799,3200
optimized,stage2,INFURA/infura,81,Delegate List,12811,3203
optimized,stage2,INFURA/infura,81,Blockchain Security Pattern for Big Data Ecosystems,12339,3085
optimized,stage2,INFURA/infura,81,Blockchain-based reputation system,13417,3355
optimized,stage2,INFURA/infura,81,Vote,13524,3381
optimized,stage2,INFURA/infura,81,Blocklist,13504,3376
optimized,stage2,INFURA/infura,81,Announcement,13432,3358
optimized,stage2,INFURA/infura,81,Bulletin Board,13400,3350
optimized,stage2,INFURA/infura,81,Randomness,13466,3367
optimized,stage2,INFURA/infura,81,Poll,13423,3356
optimized,stage2,INFURA/infura,81,Selective Content Generation,13424,3356
optimized,stage2,INFURA/infura,81,Time-Constrained Access,13431,3358
optimized,stage2,INFURA/infura,81,One-Off Access,13404,3351
optimized,stage2,INFURA/infura,81,Digital Record,13705,3427
optimized,stage2,INFURA/infura,81,State machine,13487,3372
optimized,stage2,INFURA/infura,81,Proxy contract,13459,3365
optimized,stage2,INFURA/infura,81,Contract Registry (on-chain),13338,3335
optimized,stage2,INFURA/infura,81,Factory contract,13200,3300
optimized,stage2,INFURA/infura,81,Data contract,13279,3320
optimized,stage2,INFURA/infura,81,Router contract,13499,3375
optimized,stage2,INFURA/infura,81,Relay contract,13304,3326
optimized,stage2,INFURA/infura,81,Emergency stop,13187,3297
optimized,stage2,INFURA/infura,81,Mortal,13372,3343
optimized,stage2,INFURA/infura,81,Check-Effects-Interactions,12856,3214
optimized,stage2,INFURA/infura,81,Mutex,12881,3221
optimized,stage2,INFURA/infura,81,Guard check,12830,3208
optimized,stage2,INFURA/infura,81,Rate limit,12781,3196
optimized,stage2,INFURA/infura,81,Balance limit,12824,3206
optimized,stage2,INFURA/infura,81,Low contract footprint,13018,3255
optimized,stage2,INFURA/infura,81,Loop unrolling,13001,3251
optimized,stage2,INFURA/infura,81,Contract size limit,12973,3244
optimized,stage2,INFURA/infura,81,Off-chain computation,13124,3281
optimized,stage2,INFURA/infura,81,State anchoring,13264,3316
optimized,stage2,INFURA/infura,81,Data refresh,13685,3422
optimized,stage2,INFURA/infura,81,Ownable,12805,3202
optimized,stage2,INFURA/infura,81,Role-based control,12776,3194
optimized,stage2,INFURA/infura,81,Permissioned actions,12780,3195
optimized,stage2,INFURA/infura,81,Implicit authorization,12794,3199
optimized,stage2,INFURA/infura,81,Limited-access,12802,3201
optimized,stage2,INFURA/infura,81,Immutable data,12812,3203
optimized,stage2,INFURA/infura,81,Mutable data,12720,3180
optimized,stage2,INFURA/infura,81,Append-only data,12743,3186
optimized,stage2,INFURA/infura,81,Data compression,13120,3280
optimized,stage2,INFURA/infura,81,Data separation,12748,3187
optimized,stage2,INFURA/infura,81,Homomorphic encryption,12569,3143
optimized,stage2,INFURA/infura,81,Zero-knowledge proof,12565,3142
optimized,stage2,INFURA/infura,81,Commit and Reveal,12578,3145
optimized,stage2,INFURA/infura,81,Snapshotting,12773,3194
optimized,stage2,INFURA/infura,81,State initialization,12628,3157
optimized,stage2,INFURA/infura,81,Establish genesis,12631,3158
optimized,stage2,INFURA/infura,81,Smart contract translation,12699,3175
optimized,stage2,INFURA/infura,81,Tokenization,12359,3090
optimized,stage2,INFURA/infura,81,Self-generated transactions,12325,3082
optimized,stage2,INFURA/infura,81,Self-Confirmed Transactions,12328,3082
optimized,stage2,INFURA/infura,81,Delegated Transactions,12328,3082
optimized,stage2,INFURA/infura,81,Packing variables,12640,3160
optimized,stage2,INFURA/infura,81,Packing booleans,12656,3164
optimized,stage2,INFURA/infura,81,Unit vs Unit256,12595,3149
optimized,stage2,INFURA/infura,81,Mapping vs Array,12268,3067
optimized,stage2,INFURA/infura,81,Freeing storage,12259,3065
optimized,stage2,paritytech/polkadot-sdk,9497,Ticker tape,13078,3270
optimized,stage2,paritytech/polkadot-sdk,9497,Oracle,13208,3302
optimized,stage2,paritytech/polkadot-sdk,9497,Reverse Oracle,13024,3256
optimized,stage2,paritytech/polkadot-sdk,9497,Pull-based inbound oracle,13031,3258
optimized,stage2,paritytech/polkadot-sdk,9497,Push-based inbound oracle,13056,3264
optimized,stage2,paritytech/polkadot-sdk,9497,State Channel,13278,3320
optimized,stage2,paritytech/polkadot-sdk,9497,Off-chain Contract Registry,13810,3453
optimized,stage2,paritytech/polkadot-sdk,9497,Legal and smart contract pair,13275,3319
optimized,stage2,paritytech/polkadot-sdk,9497,Off-chain data storage,13567,3392
optimized,stage2,paritytech/polkadot-sdk,9497,Confidential and pseudo-anonymous contract enforcement,13267,3317
optimized,stage2,paritytech/polkadot-sdk,9497,Off-chain Signatures,13380,3345
optimized,stage2,paritytech/polkadot-sdk,9497,Delegated Computation,13415,3354
optimized,stage2,paritytech/polkadot-sdk,9497,Master & Sub Key,12620,3155
optimized,stage2,paritytech/polkadot-sdk,9497,Hot & Cold Wallet Storage,12656,3164
optimized,stage2,paritytech/polkadot-sdk,9497,Key Sharding,12673,3169
optimized,stage2,paritytech/polkadot-sdk,9497,X-confirmation,12364,3091
optimized,stage2,paritytech/polkadot-sdk,9497,Blockchain BP Engine,12562,3141
optimized,stage2,paritytech/polkadot-sdk,9497,Smart Contract Activities,12560,3140
optimized,stage2,paritytech/polkadot-sdk,9497,Decentralize business process,12596,3149
optimized,stage2,paritytech/polkadot-sdk,9497,Identifier Registry,12844,3211
optimized,stage2,paritytech/polkadot-sdk,9497,Multiple Registration,12831,3208
optimized,stage2,paritytech/polkadot-sdk,9497,Bound with Social Media,12853,3214
optimized,stage2,paritytech/polkadot-sdk,9497,Dual Resolution,12823,3206
optimized,stage2,paritytech/polkadot-sdk,9497,Delegate List,12835,3209
optimized,stage2,paritytech/polkadot-sdk,9497,Blockchain Security Pattern for Big Data Ecosystems,12363,3091
optimized,stage2,paritytech/polkadot-sdk,9497,Blockchain-based reputation system,13441,3361
optimized,stage2,paritytech/polkadot-sdk,9497,Vote,13548,3387
optimized,stage2,paritytech/polkadot-sdk,9497,Blocklist,13528,3382
optimized,stage2,paritytech/polkadot-sdk,9497,Announcement,13456,3364
optimized,stage2,paritytech/polkadot-sdk,9497,Bulletin Board,13424,3356
optimized,stage2,paritytech/polkadot-sdk,9497,Randomness,13490,3373
optimized,stage2,paritytech/polkadot-sdk,9497,Poll,13447,3362
optimized,stage2,paritytech/polkadot-sdk,9497,Selective Content Generation,13448,3362
optimized,stage2,paritytech/polkadot-sdk,9497,Time-Constrained Access,13455,3364
optimized,stage2,paritytech/polkadot-sdk,9497,One-Off Access,13428,3357
optimized,stage2,paritytech/polkadot-sdk,9497,Digital Record,13729,3433
optimized,stage2,paritytech/polkadot-sdk,9497,State machine,13511,3378
optimized,stage2,paritytech/polkadot-sdk,9497,Proxy contract,13483,3371
optimized,stage2,paritytech/polkadot-sdk,9497,Contract Registry (on-chain),13362,3341
optimized,stage2,paritytech/polkadot-sdk,9497,Factory contract,13224,3306
optimized,stage2,paritytech/polkadot-sdk,9497,Data contract,13303,3326
optimized,stage2,paritytech/polkadot-sdk,9497,Router contract,13523,3381
optimized,stage2,paritytech/polkadot-sdk,9497,Relay contract,13328,3332
optimized,stage2,paritytech/polkadot-sdk,9497,Emergency stop,13211,3303
optimized,stage2,paritytech/polkadot-sdk,9497,Mortal,13396,3349
optimized,stage2,paritytech/polkadot-sdk,9497,Check-Effects-Interactions,12880,3220
optimized,stage2,paritytech/polkadot-sdk,9497,Mutex,12905,3227
optimized,stage2,paritytech/polkadot-sdk,9497,Guard check,12854,3214
optimized,stage2,paritytech/polkadot-sdk,9497,Rate limit,12805,3202
optimized,stage2,paritytech/polkadot-sdk,9497,Balance limit,12848,3212
optimized,stage2,paritytech/polkadot-sdk,9497,Low contract footprint,13042,3261
optimized,stage2,paritytech/polkadot-sdk,9497,Loop unrolling,13025,3257
optimized,stage2,paritytech/polkadot-sdk,9497,Contract size limit,12997,3250
optimized,stage2,paritytech/polkadot-sdk,9497,Off-chain computation,13148,3287
optimized,stage2,paritytech/polkadot-sdk,9497,State anchoring,13288,3322
optimized,stage2,paritytech/polkadot-sdk,9497,Data refresh,13709,3428
optimized,stage2,paritytech/polkadot-sdk,9497,Ownable,12829,3208
optimized,stage2,paritytech/polkadot-sdk,9497,Role-based control,12800,3200
optimized,stage2,paritytech/polkadot-sdk,9497,Permissioned actions,12804,3201
optimized,stage2,paritytech/polkadot-sdk,9497,Implicit authorization,12818,3205
optimized,stage2,paritytech/polkadot-sdk,9497,Limited-access,12826,3207
optimized,stage2,paritytech/polkadot-sdk,9497,Immutable data,12836,3209
optimized,stage2,paritytech/polkadot-sdk,9497,Mutable data,12744,3186
optimized,stage2,paritytech/polkadot-sdk,9497,Append-only data,12767,3192
optimized,stage2,paritytech/polkadot-sdk,9497,Data compression,13144,3286
optimized,stage2,paritytech/polkadot-sdk,9497,Data separation,12772,3193
optimized,stage2,paritytech/polkadot-sdk,9497,Homomorphic encryption,12593,3149
optimized,stage2,paritytech/polkadot-sdk,9497,Zero-knowledge proof,12589,3148
optimized,stage2,paritytech/polkadot-sdk,9497,Commit and Reveal,12602,3151
optimized,stage2,paritytech/polkadot-sdk,9497,Snapshotting,12797,3200
optimized,stage2,paritytech/polkadot-sdk,9497,State initialization,12652,3163
optimized,stage2,paritytech/polkadot-sdk,9497,Establish genesis,12655,3164
optimized,stage2,paritytech/polkadot-sdk,9497,Smart contract translation,12723,3181
optimized,stage2,paritytech/polkadot-sdk,9497,Tokenization,12383,3096
optimized,stage2,paritytech/polkadot-sdk,9497,Self-generated transactions,12349,3088
optimized,stage2,paritytech/polkadot-sdk,9497,Self-Confirmed Transactions,12352,3088
optimized,stage2,paritytech/polkadot-sdk,9497,Delegated Transactions,12352,3088
optimized,stage2,paritytech/polkadot-sdk,9497,Packing variables,12664,3166
optimized,stage2,paritytech/polkadot-sdk,9497,Packing booleans,12680,3170
optimized,stage2,paritytech/polkadot-sdk,9497,Unit vs Unit256,12619,3155
optimized,stage2,paritytech/polkadot-sdk,9497,Mapping vs Array,12292,3073
optimized,stage2,paritytech/polkadot-sdk,9497,Freeing storage,12283,3071
optimized,stage2,sigp/lighthouse,3582,Ticker tape,19789,4948
optimized,stage2,sigp/lighthouse,3582,Oracle,19919,4980
optimized,stage2,sigp/lighthouse,3582,Reverse Oracle,19735,4934
optimized,stage2,sigp/lighthouse,3582,Pull-based inbound oracle,19742,4936
optimized,stage2,sigp/lighthouse,3582,Push-based inbound oracle,19767,4942
optimized,stage2,sigp/lighthouse,3582,State Channel,19989,4998
optimized,stage2,sigp/lighthouse,3582,Off-chain Contract Registry,20521,5131
optimized,stage2,sigp/lighthouse,3582,Legal and smart contract pair,19986,4997
optimized,stage2,sigp/lighthouse,3582,Off-chain data storage,20278,5070
optimized,stage2,sigp/lighthouse,3582,Confidential and pseudo-anonymous contract enforcement,19978,4995
optimized,stage2,sigp/lighthouse,3582,Off-chain Signatures,20091,5023
optimized,stage2,sigp/lighthouse,3582,Delegated Computation,20126,5032
optimized,stage2,sigp/lighthouse,3582,Master & Sub Key,19331,4833
optimized,stage2,sigp/lighthouse,3582,Hot & Cold Wallet Storage,19367,4842
optimized,stage2,sigp/lighthouse,3582,Key Sharding,19384,4846
optimized,stage2,sigp/lighthouse,3582,X-confirmation,19075,4769
optimized,stage2,sigp/lighthouse,3582,Blockchain BP Engine,19273,4819
optimized,stage2,sigp/lighthouse,3582,Smart Contract Activities,19271,4818
optimized,stage2,sigp/lighthouse,3582,Decentralize business process,19307,4827
optimized,stage2,sigp/lighthouse,3582,Identifier Registry,19555,4889
optimized,stage2,sigp/lighthouse,3582,Multiple Registration,19542,4886
optimized,stage2,sigp/lighthouse,3582,Bound with Social Media,19564,4891
optimized,stage2,sigp/lighthouse,3582,Dual Resolution,19534,4884
optimized,stage2,sigp/lighthouse,3582,Delegate List,19546,4887
optimized,stage2,sigp/lighthouse,3582,Blockchain Security Pattern for Big Data Ecosystems,19074,4769
optimized,stage2,sigp/lighthouse,3582,Blockchain-based reputation system,20152,5038
optimized,stage2,sigp/lighthouse,3582,Vote,20259,5065
optimized,stage2,sigp/lighthouse,3582,Blocklist,20239,5060
optimized,stage2,sigp/lighthouse,3582,Announcement,20167,5042
optimized,stage2,sigp/lighthouse,3582,Bulletin Board,20135,5034
optimized,stage2,sigp/lighthouse,3582,Randomness,20201,5051
optimized,stage2,sigp/lighthouse,3582,Poll,20158,5040
optimized,stage2,sigp/lighthouse,3582,Selective Content Generation,20159,5040
optimized,stage2,sigp/lighthouse,3582,Time-Constrained Access,20166,5042
optimized,stage2,sigp/lighthouse,3582,One-Off Access,20139,5035
optimized,stage2,sigp/lighthouse,3582,Digital Record,20440,5110
optimized,stage2,sigp/lighthouse,3582,State machine,20222,5056
optimized,stage2,sigp/lighthouse,3582,Proxy contract,20194,5049
optimized,stage2,sigp/lighthouse,3582,Contract Registry (on-chain),20073,5019
optimized,stage2,sigp/lighthouse,3582,Factory contract,19935,4984
optimized,stage2,sigp/lighthouse,3582,Data contract,20014,5004
optimized,stage2,sigp/lighthouse,3582,Router contract,20234,5059
optimized,stage2,sigp/lighthouse,3582,Relay contract,20039,5010
optimized,stage2,sigp/lighthouse,3582,Emergency stop,19922,4981
optimized,stage2,sigp/lighthouse,3582,Mortal,20107,5027
optimized,stage2,sigp/lighthouse,3582,Check-Effects-Interactions,19591,4898
optimized,stage2,sigp/lighthouse,3582,Mutex,19616,4904
optimized,stage2,sigp/lighthouse,3582,Guard check,19565,4892
optimized,stage2,sigp/lighthouse,3582,Rate limit,19516,4879
optimized,stage2,sigp/lighthouse,3582,Balance limit,19559,4890
optimized,stage2,sigp/lighthouse,3582,Low contract footprint,19753,4939
optimized,stage2,sigp/lighthouse,3582,Loop unrolling,19736,4934
optimized,stage2,sigp/lighthouse,3582,Contract size limit,19708,4927
optimized,stage2,sigp/lighthouse,3582,Off-chain computation,19859,4965
optimized,stage2,sigp/lighthouse,3582,State anchoring,19999,5000
optimized,stage2,sigp/lighthouse,3582,Data refresh,20420,5105
optimized,stage2,sigp/lighthouse,3582,Ownable,19540,4885
optimized,stage2,sigp/lighthouse,3582,Role-based control,19511,4878
optimized,stage2,sigp/lighthouse,3582,Permissioned actions,19515,4879
optimized,stage2,sigp/lighthouse,3582,Implicit authorization,19529,4883
optimized,stage2,sigp/lighthouse,3582,Limited-access,19537,4885
optimized,stage2,sigp/lighthouse,3582,Immutable data,19547,4887
optimized,stage2,sigp/lighthouse,3582,Mutable data,19455,4864
optimized,stage2,sigp/lighthouse,3582,Append-only data,19478,4870
optimized,stage2,sigp/lighthouse,3582,Data compression,19855,4964
optimized,stage2,sigp/lighthouse,3582,Data separation,19483,4871
optimized,stage2,sigp/lighthouse,3582,Homomorphic encryption,19304,4826
optimized,stage2,sigp/lighthouse,3582,Zero-knowledge proof,19300,4825
optimized,stage2,sigp/lighthouse,3582,Commit and Reveal,19313,4829
optimized,stage2,sigp/lighthouse,3582,Snapshotting,19508,4877
optimized,stage2,sigp/lighthouse,3582,State initialization,19363,4841
optimized,stage2,sigp/lighthouse,3582,Establish genesis,19366,4842
optimized,stage2,sigp/lighthouse,3582,Smart contract translation,19434,4859
optimized,stage2,sigp/lighthouse,3582,Tokenization,19094,4774
optimized,stage2,sigp/lighthouse,3582,Self-generated transactions,19060,4765
optimized,stage2,sigp/lighthouse,3582,Self-Confirmed Transactions,19063,4766
optimized,stage2,sigp/lighthouse,3582,Delegated Transactions,19063,4766
optimized,stage2,sigp/lighthouse,3582,Packing variables,19375,4844
optimized,stage2,sigp/lighthouse,3582,Packing booleans,19391,4848
optimized,stage2,sigp/lighthouse,3582,Unit vs Unit256,19330,4833
optimized,stage2,sigp/lighthouse,3582,Mapping vs Array,19003,4751
optimized,stage2,sigp/lighthouse,3582,Freeing storage,18994,4749
optimized,stage2,paritytech/substrate,3885,Ticker tape,17153,4289
optimized,stage2,paritytech/substrate,3885,Oracle,17283,4321
optimized,stage2,paritytech/substrate,3885,Reverse Oracle,17099,4275
optimized,stage2,paritytech/substrate,3885,Pull-based inbound oracle,17106,4277
optimized,stage2,paritytech/substrate,3885,Push-based inbound oracle,17131,4283
optimized,stage2,paritytech/substrate,3885,State Channel,17353,4339
optimized,stage2,paritytech/substrate,3885,Off-chain Contract Registry,17885,4472
optimized,stage2,paritytech/substrate,3885,Legal and smart contract pair,17350,4338
optimized,stage2,paritytech/substrate,3885,Off-chain data storage,17642,4411
optimized,stage2,paritytech/substrate,3885,Confidential and pseudo-anonymous contract enforcement,17342,4336
optimized,stage2,paritytech/substrate,3885,Off-chain Signatures,17455,4364
optimized,stage2,paritytech/substrate,3885,Delegated Computation,17490,4373
optimized,stage2,paritytech/substrate,3885,Master & Sub Key,16695,4174
optimized,stage2,paritytech/substrate,3885,Hot & Cold Wallet Storage,16731,4183
optimized,stage2,paritytech/substrate,3885,Key Sharding,16748,4187
optimized,stage2,paritytech/substrate,3885,X-confirmation,16439,4110
optimized,stage2,paritytech/substrate,3885,Blockchain BP Engine,16637,4160
optimized,stage2,paritytech/substrate,3885,Smart Contract Activities,16635,4159
optimized,stage2,paritytech/substrate,3885,Decentralize business process,16671,4168
optimized,stage2,paritytech/substrate,3885,Identifier Registry,16919,4230
optimized,stage2,paritytech/substrate,3885,Multiple Registration,16906,4227
optimized,stage2,paritytech/substrate,3885,Bound with Social Media,16928,4232
optimized,stage2,paritytech/substrate,3885,Dual Resolution,16898,4225
optimized,stage2,paritytech/substrate,3885,Delegate List,16910,4228
optimized,stage2,paritytech/substrate,3885,Blockchain Security Pattern for Big Data Ecosystems,16438,4110
optimized,stage2,paritytech/substrate,3885,Blockchain-based reputation system,17516,4379
optimized,stage2,paritytech/substrate,3885,Vote,17623,4406
optimized,stage2,paritytech/substrate,3885,Blocklist,17603,4401
optimized,stage2,paritytech/substrate,3885,Announcement,17531,4383
optimized,stage2,paritytech/substrate,3885,Bulletin Board,17499,4375
optimized,stage2,paritytech/substrate,3885,Randomness,17565,4392
optimized,stage2,paritytech/substrate,3885,Poll,17522,4381
optimized,stage2,paritytech/substrate,3885,Selective Content Generation,17523,4381
optimized,stage2,paritytech/substrate,3885,Time-Constrained Access,17530,4383
optimized,stage2,paritytech/substrate,3885,One-Off Access,17503,4376
optimized,stage2,paritytech/substrate,3885,Digital Record,17804,4451
optimized,stage2,paritytech/substrate,3885,State machine,17586,4397
optimized,stage2,paritytech/substrate,3885,Proxy contract,17558,4390
optimized,stage2,paritytech/substrate,3885,Contract Registry (on-chain),17437,4360
optimized,stage2,paritytech/substrate,3885,Factory contract,17299,4325
optimized,stage2,paritytech/substrate,3885,Data contract,17378,4345
optimized,stage2,paritytech/substrate,3885,Router contract,17598,4400
optimized,stage2,paritytech/substrate,3885,Relay contract,17403,4351
optimized,stage2,paritytech/substrate,3885,Emergency stop,17286,4322
optimized,stage2,paritytech/substrate,3885,Mortal,17471,4368
optimized,stage2,paritytech/substrate,3885,Check-Effects-Interactions,16955,4239
optimized,stage2,paritytech/substrate,3885,Mutex,16980,4245
optimized,stage2,paritytech/substrate,3885,Guard check,16929,4233
optimized,stage2,paritytech/substrate,3885,Rate limit,16880,4220
optimized,stage2,paritytech/substrate,3885,Balance limit,16923,4231
optimized,stage2,paritytech/substrate,3885,Low contract footprint,17117,4280
optimized,stage2,paritytech/substrate,3885,Loop unrolling,17100,4275
optimized,stage2,paritytech/substrate,3885,Contract size limit,17072,4268
optimized,stage2,paritytech/substrate,3885,Off-chain computation,17223,4306
optimized,stage2,paritytech/substrate,3885,State anchoring,17363,4341
optimized,stage2,paritytech/substrate,3885,Data refresh,17784,4446
optimized,stage2,paritytech/substrate,3885,Ownable,16904,4226
optimized,stage2,paritytech/substrate,3885,Role-based control,16875,4219
optimized,stage2,paritytech/substrate,3885,Permissioned actions,16879,4220
optimized,stage2,paritytech/substrate,3885,Implicit authorization,16893,4224
optimized,stage2,paritytech/substrate,3885,Limited-access,16901,4226
optimized,stage2,paritytech/substrate,3885,Immutable data,16911,4228
optimized,stage2,paritytech/substrate,3885,Mutable data,16819,4205
optimized,stage2,paritytech/substrate,3885,Append-only data,16842,4211
optimized,stage2,paritytech/substrate,3885,Data compression,17219,4305
optimized,stage2,paritytech/substrate,3885,Data separation,16847,4212
optimized,stage2,paritytech/substrate,3885,Homomorphic encryption,16668,4167
optimized,stage2,paritytech/substrate,3885,Zero-knowledge proof,16664,4166
optimized,stage2,paritytech/substrate,3885,Commit and Reveal,16677,4170
optimized,stage2,paritytech/substrate,3885,Snapshotting,16872,4218
optimized,stage2,paritytech/substrate,3885,State initialization,16727,4182
optimized,stage2,paritytech/substrate,3885,Establish genesis,16730,4183
optimized,stage2,paritytech/substrate,3885,Smart contract translation,16798,4200
optimized,stage2,paritytech/substrate,3885,Tokenization,16458,4115
optimized,stage2,paritytech/substrate,3885,Self-generated transactions,16424,4106
optimized,stage2,paritytech/substrate,3885,Self-Confirmed Transactions,16427,4107
optimized,stage2,paritytech/substrate,3885,Delegated Transactions,16427,4107
optimized,stage2,paritytech/substrate,3885,Packing variables,16739,4185
optimized,stage2,paritytech/substrate,3885,Packing booleans,16755,4189
optimized,stage2,paritytech/substrate,3885,Unit vs Unit256,16694,4174
optimized,stage2,paritytech/substrate,3885,Mapping vs Array,16367,4092
optimized,stage2,paritytech/substrate,3885,Freeing storage,16358,4090
optimized,stage2,ipfs/ipfs-companion,415,Ticker tape,13774,3444
optimized,stage2,ipfs/ipfs-companion,415,Oracle,13904,3476
optimized,stage2,ipfs/ipfs-companion,415,Reverse Oracle,13720,3430
optimized,stage2,ipfs/ipfs-companion,415,Pull-based inbound oracle,13727,3432
optimized,stage2,ipfs/ipfs-companion,415,Push-based inbound oracle,13752,3438
optimized,stage2,ipfs/ipfs-companion,415,State Channel,13974,3494
optimized,stage2,ipfs/ipfs-companion,415,Off-chain Contract Registry,14506,3627
optimized,stage2,ipfs/ipfs-companion,415,Legal and smart contract pair,13971,3493
optimized,stage2,ipfs/ipfs-companion,415,Off-chain data storage,14263,3566
optimized,stage2,ipfs/ipfs-companion,415,Confidential and pseudo-anonymous contract enforcement,13963,3491
optimized,stage2,ipfs/ipfs-companion,415,Off-chain Signatures,14076,3519
optimized,stage2,ipfs/ipfs-companion,415,Delegated Computation,14111,3528
optimized,stage2,ipfs/ipfs-companion,415,Master & Sub Key,13316,3329
optimized,stage2,ipfs/ipfs-companion,415,Hot & Cold Wallet Storage,13352,3338
optimized,stage2,ipfs/ipfs-companion,415,Key Sharding,13369,3343
optimized,stage2,ipfs/ipfs-companion,415,X-confirmation,13060,3265
optimized,stage2,ipfs/ipfs-companion,415,Blockchain BP Engine,13258,3315
optimized,stage2,ipfs/ipfs-companion,415,Smart Contract Activities,13256,3314
optimized,stage2,ipfs/ipfs-companion,415,Decentralize business process,13292,3323
optimized,stage2,ipfs/ipfs-companion,415,Identifier Registry,13540,3385
optimized,stage2,ipfs/ipfs-companion,415,Multiple Registration,13527,3382
optimized,stage2,ipfs/ipfs-companion,415,Bound with Social Media,13549,3388
optimized,stage2,ipfs/ipfs-companion,415,Dual Resolution,13519,3380
optimized,stage2,ipfs/ipfs-companion,415,Delegate List,13531,3383
optimized,stage2,ipfs/ipfs-companion,415,Blockchain Security Pattern for Big Data Ecosystems,13059,3265
optimized,stage2,ipfs/ipfs-companion,415,Blockchain-based reputation system,14137,3535
optimized,stage2,ipfs/ipfs-companion,415,Vote,14244,3561
optimized,stage2,ipfs/ipfs-companion,415,Blocklist,14224,3556
optimized,stage2,ipfs/ipfs-companion,415,Announcement,14152,3538
optimized,stage2,ipfs/ipfs-companion,415,Bulletin Board,14120,3530
optimized,stage2,ipfs/ipfs-companion,415,Randomness,14186,3547
optimized,stage2,ipfs/ipfs-companion,415,Poll,14143,3536
optimized,stage2,ipfs/ipfs-companion,415,Selective Content Generation,14144,3536
optimized,stage2,ipfs/ipfs-companion,415,Time-Constrained Access,14151,3538
optimized,stage2,ipfs/ipfs-companion,415,One-Off Access,14124,3531
optimized,stage2,ipfs/ipfs-companion,415,Digital Record,14425,3607
optimized,stage2,ipfs/ipfs-companion,415,State machine,14207,3552
optimized,stage2,ipfs/ipfs-companion,415,Proxy contract,14179,3545
optimized,stage2,ipfs/ipfs-companion,415,Contract Registry (on-chain),14058,3515
optimized,stage2,ipfs/ipfs-companion,415,Factory contract,13920,3480
optimized,stage2,ipfs/ipfs-companion,415,Data contract,13999,3500
optimized,stage2,ipfs/ipfs-companion,415,Router contract,14219,3555
optimized,stage2,ipfs/ipfs-companion,415,Relay contract,14024,3506
optimized,stage2,ipfs/ipfs-companion,415,Emergency stop,13907,3477
optimized,stage2,ipfs/ipfs-companion,415,Mortal,14092,3523
optimized,stage2,ipfs/ipfs-companion,415,Check-Effects-Interactions,13576,3394
optimized,stage2,ipfs/ipfs-companion,415,Mutex,13601,3401
optimized,stage2,ipfs/ipfs-companion,415,Guard check,13550,3388
optimized,stage2,ipfs/ipfs-companion,415,Rate limit,13501,3376
optimized,stage2,ipfs/ipfs-companion,415,Balance limit,13544,3386
optimized,stage2,ipfs/ipfs-companion,415,Low contract footprint,13738,3435
optimized,stage2,ipfs/ipfs-companion,415,Loop unrolling,13721,3431
optimized,stage2,ipfs/ipfs-companion,415,Contract size limit,13693,3424
optimized,stage2,ipfs/ipfs-companion,415,Off-chain computation,13844,3461
optimized,stage2,ipfs/ipfs-companion,415,State anchoring,13984,3496
optimized,stage2,ipfs/ipfs-companion,415,Data refresh,14405,3602
optimized,stage2,ipfs/ipfs-companion,415,Ownable,13525,3382
optimized,stage2,ipfs/ipfs-companion,415,Role-based control,13496,3374
optimized,stage2,ipfs/ipfs-companion,415,Permissioned actions,13500,3375
optimized,stage2,ipfs/ipfs-companion,415,Implicit authorization,13514,3379
optimized,stage2,ipfs/ipfs-companion,415,Limited-access,13522,3381
optimized,stage2,ipfs/ipfs-companion,415,Immutable data,13532,3383
optimized,stage2,ipfs/ipfs-companion,415,Mutable data,13440,3360
optimized,stage2,ipfs/ipfs-companion,415,Append-only data,13463,3366
optimized,stage2,ipfs/ipfs-companion,415,Data compression,13840,3460
optimized,stage2,ipfs/ipfs-companion,415,Data separation,13468,3367
optimized,stage2,ipfs/ipfs-companion,415,Homomorphic encryption,13289,3323
optimized,stage2,ipfs/ipfs-companion,415,Zero-knowledge proof,13285,3322
optimized,stage2,ipfs/ipfs-companion,415,Commit and Reveal,13298,3325
optimized,stage2,ipfs/ipfs-companion,415,Snapshotting,13493,3374
optimized,stage2,ipfs/ipfs-companion,415,State initialization,13348,3337
optimized,stage2,ipfs/ipfs-companion,415,Establish genesis,13351,3338
optimized,stage2,ipfs/ipfs-companion,415,Smart contract translation,13419,3355
optimized,stage2,ipfs/ipfs-companion,415,Tokenization,13079,3270
optimized,stage2,ipfs/ipfs-companion,415,Self-generated transactions,13045,3262
optimized,stage2,ipfs/ipfs-companion,415,Self-Confirmed Transactions,13048,3262
optimized,stage2,ipfs/ipfs-companion,415,Delegated Transactions,13048,3262
optimized,stage2,ipfs/ipfs-companion,415,Packing variables,13360,3340
optimized,stage2,ipfs/ipfs-companion,415,Packing booleans,13376,3344
optimized,stage2,ipfs/ipfs-companion,415,Unit vs Unit256,13315,3329
optimized,stage2,ipfs/ipfs-companion,415,Mapping vs Array,12988,3247
optimized,stage2,ipfs/ipfs-companion,415,Freeing storage,12979,3245
optimized,stage2,ethereum/go-ethereum,17660,Ticker tape,14701,3676
optimized,stage2,ethereum/go-ethereum,17660,Oracle,14831,3708
optimized,stage2,ethereum/go-ethereum,17660,Reverse Oracle,14647,3662
optimized,stage2,ethereum/go-ethereum,17660,Pull-based inbound oracle,14654,3664
optimized,stage2,ethereum/go-ethereum,17660,Push-based inbound oracle,14679,3670
optimized,stage2,ethereum/go-ethereum,17660,State Channel,14901,3726
optimized,stage2,ethereum/go-ethereum,17660,Off-chain Contract Registry,15433,3859
optimized,stage2,ethereum/go-ethereum,17660,Legal and smart contract pair,14898,3725
optimized,stage2,ethereum/go-ethereum,17660,Off-chain data storage,15190,3798
optimized,stage2,ethereum/go-ethereum,17660,Confidential and pseudo-anonymous contract enforcement,14890,3723
optimized,stage2,ethereum/go-ethereum,17660,Off-chain Signatures,15003,3751
optimized,stage2,ethereum/go-ethereum,17660,Delegated Computation,15038,3760
optimized,stage2,ethereum/go-ethereum,17660,Master & Sub Key,14243,3561
optimized,stage2,ethereum/go-ethereum,17660,Hot & Cold Wallet Storage,14279,3570
optimized,stage2,ethereum/go-ethereum,17660,Key Sharding,14296,3574
optimized,stage2,ethereum/go-ethereum,17660,X-confirmation,13987,3497
optimized,stage2,ethereum/go-ethereum,17660,Blockchain BP Engine,14185,3547
optimized,stage2,ethereum/go-ethereum,17660,Smart Contract Activities,14183,3546
optimized,stage2,ethereum/go-ethereum,17660,Decentralize business process,14219,3555
optimized,stage2,ethereum/go-ethereum,17660,Identifier Registry,14467,3617
optimized,stage2,ethereum/go-ethereum,17660,Multiple Registration,14454,3614
optimized,stage2,ethereum/go-ethereum,17660,Bound with Social Media,14476,3619
optimized,stage2,ethereum/go-ethereum,17660,Dual Resolution,14446,3612
optimized,stage2,ethereum/go-ethereum,17660,Delegate List,14458,3615
optimized,stage2,ethereum/go-ethereum,17660,Blockchain Security Pattern for Big Data Ecosystems,13986,3497
optimized,stage2,ethereum/go-ethereum,17660,Blockchain-based reputation system,15064,3766
optimized,stage2,ethereum/go-ethereum,17660,Vote,15171,3793
optimized,stage2,ethereum/go-ethereum,17660,Blocklist,15151,3788
optimized,stage2,ethereum/go-ethereum,17660,Announcement,15079,3770
optimized,stage2,ethereum/go-ethereum,17660,Bulletin Board,15047,3762
optimized,stage2,ethereum/go-ethereum,17660,Randomness,15113,3779
optimized,stage2,ethereum/go-ethereum,17660,Poll,15070,3768
optimized,stage2,ethereum/go-ethereum,17660,Selective Content Generation,15071,3768
optimized,stage2,ethereum/go-ethereum,17660,Time-Constrained Access,15078,3770
optimized,stage2,ethereum/go-ethereum,17660,One-Off Access,15051,3763
optimized,stage2,ethereum/go-ethereum,17660,Digital Record,15352,3838
optimized,stage2,ethereum/go-ethereum,17660,State machine,15134,3784
optimized,stage2,ethereum/go-ethereum,17660,Proxy contract,15106,3777
optimized,stage2,ethereum/go-ethereum,17660,Contract Registry (on-chain),14985,3747
optimized,stage2,ethereum/go-ethereum,17660,Factory contract,14847,3712
optimized,stage2,ethereum/go-ethereum,17660,Data contract,14926,3732
optimized,stage2,ethereum/go-ethereum,17660,Router contract,15146,3787
optimized,stage2,ethereum/go-ethereum,17660,Relay contract,14951,3738
optimized,stage2,ethereum/go-ethereum,17660,Emergency stop,14834,3709
optimized,stage2,ethereum/go-ethereum,17660,Mortal,15019,3755
optimized,stage2,ethereum/go-ethereum,17660,Check-Effects-Interactions,14503,3626
optimized,stage2,ethereum/go-ethereum,17660,Mutex,14528,3632
optimized,stage2,ethereum/go-ethereum,17660,Guard check,14477,3620
optimized,stage2,ethereum/go-ethereum,17660,Rate limit,14428,3607
optimized,stage2,ethereum/go-ethereum,17660,Balance limit,14471,3618
optimized,stage2,ethereum/go-ethereum,17660,Low contract footprint,14665,3667
optimized,stage2,ethereum/go-ethereum,17660,Loop unrolling,14648,3662
optimized,stage2,ethereum/go-ethereum,17660,Contract size limit,14620,3655
optimized,stage2,ethereum/go-ethereum,17660,Off-chain computation,14771,3693
optimized,stage2,ethereum/go-ethereum,17660,State anchoring,14911,3728
optimized,stage2,ethereum/go-ethereum,17660,Data refresh,15332,3833
optimized,stage2,ethereum/go-ethereum,17660,Ownable,14452,3613
optimized,stage2,ethereum/go-ethereum,17660,Role-based control,14423,3606
optimized,stage2,ethereum/go-ethereum,17660,Permissioned actions,14427,3607
optimized,stage2,ethereum/go-ethereum,17660,Implicit authorization,14441,3611
optimized,stage2,ethereum/go-ethereum,17660,Limited-access,14449,3613
optimized,stage2,ethereum/go-ethereum,17660,Immutable data,14459,3615
optimized,stage2,ethereum/go-ethereum,17660,Mutable data,14367,3592
optimized,stage2,ethereum/go-ethereum,17660,Append-only data,14390,3598
optimized,stage2,ethereum/go-ethereum,17660,Data compression,14767,3692
optimized,stage2,ethereum/go-ethereum,17660,Data separation,14395,3599
optimized,stage2,ethereum/go-ethereum,17660,Homomorphic encryption,14216,3554
optimized,stage2,ethereum/go-ethereum,17660,Zero-knowledge proof,14212,3553
optimized,stage2,ethereum/go-ethereum,17660,Commit and Reveal,14225,3557
optimized,stage2,ethereum/go-ethereum,17660,Snapshotting,14420,3605
optimized,stage2,ethereum/go-ethereum,17660,State initialization,14275,3569
optimized,stage2,ethereum/go-ethereum,17660,Establish genesis,14278,3570
optimized,stage2,ethereum/go-ethereum,17660,Smart contract translation,14346,3587
optimized,stage2,ethereum/go-ethereum,17660,Tokenization,14006,3502
optimized,stage2,ethereum/go-ethereum,17660,Self-generated transactions,13972,3493
optimized,stage2,ethereum/go-ethereum,17660,Self-Confirmed Transactions,13975,3494
optimized,stage2,ethereum/go-ethereum,17660,Delegated Transactions,13975,3494
optimized,stage2,ethereum/go-ethereum,17660,Packing variables,14287,3572
optimized,stage2,ethereum/go-ethereum,17660,Packing booleans,14303,3576
optimized,stage2,ethereum/go-ethereum,17660,Unit vs Unit256,14242,3561
optimized,stage2,ethereum/go-ethereum,17660,Mapping vs Array,13915,3479
optimized,stage2,ethereum/go-ethereum,17660,Freeing storage,13906,3477
optimized,stage2,mypdns/matrix,127030,Ticker tape,14417,3605
optimized,stage2,mypdns/matrix,127030,Oracle,14547,3637
optimized,stage2,mypdns/matrix,127030,Reverse Oracle,14363,3591
optimized,stage2,mypdns/matrix,127030,Pull-based inbound oracle,14370,3593
optimized,stage2,mypdns/matrix,127030,Push-based inbound oracle,14395,3599
optimized,stage2,mypdns/matrix,127030,State Channel,14617,3655
optimized,stage2,mypdns/matrix,127030,Off-chain Contract Registry,15149,3788
optimized,stage2,mypdns/matrix,127030,Legal and smart contract pair,14614,3654
optimized,stage2,mypdns/matrix,127030,Off-chain data storage,14906,3727
optimized,stage2,mypdns/matrix,127030,Confidential and pseudo-anonymous contract enforcement,14606,3652
optimized,stage2,mypdns/matrix,127030,Off-chain Signatures,14719,3680
optimized,stage2,mypdns/matrix,127030,Delegated Computation,14754,3689
optimized,stage2,mypdns/matrix,127030,Master & Sub Key,13959,3490
optimized,stage2,mypdns/matrix,127030,Hot & Cold Wallet Storage,13995,3499
optimized,stage2,mypdns/matrix,127030,Key Sharding,14012,3503
optimized,stage2,mypdns/matrix,127030,X-confirmation,13703,3426
optimized,stage2,mypdns/matrix,127030,Blockchain BP Engine,13901,3476
optimized,stage2,mypdns/matrix,127030,Smart Contract Activities,13899,3475
optimized,stage2,mypdns/matrix,127030,Decentralize business process,13935,3484
optimized,stage2,mypdns/matrix,127030,Identifier Registry,14183,3546
optimized,stage2,mypdns/matrix,127030,Multiple Registration,14170,3543
optimized,stage2,mypdns/matrix,127030,Bound with Social Media,14192,3548
optimized,stage2,mypdns/matrix,127030,Dual Resolution,14162,3541
optimized,stage2,mypdns/matrix,127030,Delegate List,14174,3544
optimized,stage2,mypdns/matrix,127030,Blockchain Security Pattern for Big Data Ecosystems,13702,3426
optimized,stage2,mypdns/matrix,127030,Blockchain-based reputation system,14780,3695
optimized,stage2,mypdns/matrix,127030,Vote,14887,3722
optimized,stage2,mypdns/matrix,127030,Blocklist,14867,3717
optimized,stage2,mypdns/matrix,127030,Announcement,14795,3699
optimized,stage2,mypdns/matrix,127030,Bulletin Board,14763,3691
optimized,stage2,mypdns/matrix,127030,Randomness,14829,3708
optimized,stage2,mypdns/matrix,127030,Poll,14786,3697
optimized,stage2,mypdns/matrix,127030,Selective Content Generation,14787,3697
optimized,stage2,mypdns/matrix,127030,Time-Constrained Access,14794,3699
optimized,stage2,mypdns/matrix,127030,One-Off Access,14767,3692
optimized,stage2,mypdns/matrix,127030,Digital Record,15068,3767
optimized,stage2,mypdns/matrix,127030,State machine,14850,3713
optimized,stage2,mypdns/matrix,127030,Proxy contract,14822,3706
optimized,stage2,mypdns/matrix,127030,Contract Registry (on-chain),14701,3676
optimized,stage2,mypdns/matrix,127030,Factory contract,14563,3641
optimized,stage2,mypdns/matrix,127030,Data contract,14642,3661
optimized,stage2,mypdns/matrix,127030,Router contract,14862,3716
optimized,stage2,mypdns/matrix,127030,Relay contract,14667,3667
optimized,stage2,mypdns/matrix,127030,Emergency stop,14550,3638
optimized,stage2,mypdns/matrix,127030,Mortal,14735,3684
optimized,stage2,mypdns/matrix,127030,Check-Effects-Interactions,14219,3555
optimized,stage2,mypdns/matrix,127030,Mutex,14244,3561
optimized,stage2,mypdns/matrix,127030,Guard check,14193,3549
optimized,stage2,mypdns/matrix,127030,Rate limit,14144,3536
optimized,stage2,mypdns/matrix,127030,Balance limit,14187,3547
optimized,stage2,mypdns/matrix,127030,Low contract footprint,14381,3596
optimized,stage2,mypdns/matrix,127030,Loop unrolling,14364,3591
optimized,stage2,mypdns/matrix,127030,Contract size limit,14336,3584
optimized,stage2,mypdns/matrix,127030,Off-chain computation,14487,3622
optimized,stage2,mypdns/matrix,127030,State anchoring,14627,3657
optimized,stage2,mypdns/matrix,127030,Data refresh,15048,3762
optimized,stage2,mypdns/matrix,127030,Ownable,14168,3542
optimized,stage2,mypdns/matrix,127030,Role-based control,14139,3535
optimized,stage2,mypdns/matrix,127030,Permissioned actions,14143,3536
optimized,stage2,mypdns/matrix,127030,Implicit authorization,14157,3540
optimized,stage2,mypdns/matrix,127030,Limited-access,14165,3542
optimized,stage2,mypdns/matrix,127030,Immutable data,14175,3544
optimized,stage2,mypdns/matrix,127030,Mutable data,14083,3521
optimized,stage2,mypdns/matrix,127030,Append-only data,14106,3527
optimized,stage2,mypdns/matrix,127030,Data compression,14483,3621
optimized,stage2,mypdns/matrix,127030,Data separation,14111,3528
optimized,stage2,mypdns/matrix,127030,Homomorphic encryption,13932,3483
optimized,stage2,mypdns/matrix,127030,Zero-knowledge proof,13928,3482
optimized,stage2,mypdns/matrix,127030,Commit and Reveal,13941,3486
optimized,stage2,mypdns/matrix,127030,Snapshotting,14136,3534
optimized,stage2,mypdns/matrix,127030,State initialization,13991,3498
optimized,stage2,mypdns/matrix,127030,Establish genesis,13994,3499
optimized,stage2,mypdns/matrix,127030,Smart contract translation,14062,3516
optimized,stage2,mypdns/matrix,127030,Tokenization,13722,3431
optimized,stage2,mypdns/matrix,127030,Self-generated transactions,13688,3422
optimized,stage2,mypdns/matrix,127030,Self-Confirmed Transactions,13691,3423
optimized,stage2,mypdns/matrix,127030,Delegated Transactions,13691,3423
optimized,stage2,mypdns/matrix,127030,Packing variables,14003,3501
optimized,stage2,mypdns/matrix,127030,Packing booleans,14019,3505
optimized,stage2,mypdns/matrix,127030,Unit vs Unit256,13958,3490
optimized,stage2,mypdns/matrix,127030,Mapping vs Array,13631,3408
optimized,stage2,mypdns/matrix,127030,Freeing storage,13622,3406
optimized,stage2,Consensys/gnark,388,Ticker tape,14352,3588
optimized,stage2,Consensys/gnark,388,Oracle,14482,3621
optimized,stage2,Consensys/gnark,388,Reverse Oracle,14298,3575
optimized,stage2,Consensys/gnark,388,Pull-based inbound oracle,14305,3577
optimized,stage2,Consensys/gnark,388,Push-based inbound oracle,14330,3583
optimized,stage2,Consensys/gnark,388,State Channel,14552,3638
optimized,stage2,Consensys/gnark,388,Off-chain Contract Registry,15084,3771
optimized,stage2,Consensys/gnark,388,Legal and smart contract pair,14549,3638
optimized,stage2,Consensys/gnark,388,Off-chain data storage,14841,3711
optimized,stage2,Consensys/gnark,388,Confidential and pseudo-anonymous contract enforcement,14541,3636
optimized,stage2,Consensys/gnark,388,Off-chain Signatures,14654,3664
optimized,stage2,Consensys/gnark,388,Delegated Computation,14689,3673
optimized,stage2,Consensys/gnark,388,Master & Sub Key,13894,3474
optimized,stage2,Consensys/gnark,388,Hot & Cold Wallet Storage,13930,3483
optimized,stage2,Consensys/gnark,388,Key Sharding,13947,3487
optimized,stage2,Consensys/gnark,388,X-confirmation,13638,3410
optimized,stage2,Consensys/gnark,388,Blockchain BP Engine,13836,3459
optimized,stage2,Consensys/gnark,388,Smart Contract Activities,13834,3459
optimized,stage2,Consensys/gnark,388,Decentralize business process,13870,3468
optimized,stage2,Consensys/gnark,388,Identifier Registry,14118,3530
optimized,stage2,Consensys/gnark,388,Multiple Registration,14105,3527
optimized,stage2,Consensys/gnark,388,Bound with Social Media,14127,3532
optimized,stage2,Consensys/gnark,388,Dual Resolution,14097,3525
optimized,stage2,Consensys/gnark,388,Delegate List,14109,3528
optimized,stage2,Consensys/gnark,388,Blockchain Security Pattern for Big Data Ecosystems,13637,3410
optimized,stage2,Consensys/gnark,388,Blockchain-based reputation system,14715,3679
optimized,stage2,Consensys/gnark,388,Vote,14822,3706
optimized,stage2,Consensys/gnark,388,Blocklist,14802,3701
optimized,stage2,Consensys/gnark,388,Announcement,14730,3683
optimized,stage2,Consensys/gnark,388,Bulletin Board,14698,3675
optimized,stage2,Consensys/gnark,388,Randomness,14764,3691
optimized,stage2,Consensys/gnark,388,Poll,14721,3681
optimized,stage2,Consensys/gnark,388,Selective Content Generation,14722,3681
optimized,stage2,Consensys/gnark,388,Time-Constrained Access,14729,3683
optimized,stage2,Consensys/gnark,388,One-Off Access,14702,3676
optimized,stage2,Consensys/gnark,388,Digital Record,15003,3751
optimized,stage2,Consensys/gnark,388,State machine,14785,3697
optimized,stage2,Consensys/gnark,388,Proxy contract,14757,3690
optimized,stage2,Consensys/gnark,388,Contract Registry (on-chain),14636,3659
optimized,stage2,Consensys/gnark,388,Factory contract,14498,3625
optimized,stage2,Consensys/gnark,388,Data contract,14577,3645
optimized,stage2,Consensys/gnark,388,Router contract,14797,3700
optimized,stage2,Consensys/gnark,388,Relay contract,14602,3651
optimized,stage2,Consensys/gnark,388,Emergency stop,14485,3622
optimized,stage2,Consensys/gnark,388,Mortal,14670,3668
optimized,stage2,Consensys/gnark,388,Check-Effects-Interactions,14154,3539
optimized,stage2,Consensys/gnark,388,Mutex,14179,3545
optimized,stage2,Consensys/gnark,388,Guard check,14128,3532
optimized,stage2,Consensys/gnark,388,Rate limit,14079,3520
optimized,stage2,Consensys/gnark,388,Balance limit,14122,3531
optimized,stage2,Consensys/gnark,388,Low contract footprint,14316,3579
optimized,stage2,Consensys/gnark,388,Loop unrolling,14299,3575
optimized,stage2,Consensys/gnark,388,Contract size limit,14271,3568
optimized,stage2,Consensys/gnark,388,Off-chain computation,14422,3606
optimized,stage2,Consensys/gnark,388,State anchoring,14562,3641
optimized,stage2,Consensys/gnark,388,Data refresh,14983,3746
optimized,stage2,Consensys/gnark,388,Ownable,14103,3526
optimized,stage2,Consensys/gnark,388,Role-based control,14074,3519
optimized,stage2,Consensys/gnark,388,Permissioned actions,14078,3520
optimized,stage2,Consensys/gnark,388,Implicit authorization,14092,3523
optimized,stage2,Consensys/gnark,388,Limited-access,14100,3525
optimized,stage2,Consensys/gnark,388,Immutable data,14110,3528
optimized,stage2,Consensys/gnark,388,Mutable data,14018,3505
optimized,stage2,Consensys/gnark,388,Append-only data,14041,3511
optimized,stage2,Consensys/gnark,388,Data compression,14418,3605
optimized,stage2,Consensys/gnark,388,Data separation,14046,3512
optimized,stage2,Consensys/gnark,388,Homomorphic encryption,13867,3467
optimized,stage2,Consensys/gnark,388,Zero-knowledge proof,13863,3466
optimized,stage2,Consensys/gnark,388,Commit and Reveal,13876,3469
optimized,stage2,Consensys/gnark,388,Snapshotting,14071,3518
optimized,stage2,Consensys/gnark,388,State initialization,13926,3482
optimized,stage2,Consensys/gnark,388,Establish genesis,13929,3483
optimized,stage2,Consensys/gnark,388,Smart contract translation,13997,3500
optimized,stage2,Consensys/gnark,388,Tokenization,13657,3415
optimized,stage2,Consensys/gnark,388,Self-generated transactions,13623,3406
optimized,stage2,Consensys/gnark,388,Self-Confirmed Transactions,13626,3407
optimized,stage2,Consensys/gnark,388,Delegated Transactions,13626,3407
optimized,stage2,Consensys/gnark,388,Packing variables,13938,3485
optimized,stage2,Consensys/gnark,388,Packing booleans,13954,3489
optimized,stage2,Consensys/gnark,388,Unit vs Unit256,13893,3474
optimized,stage2,Consensys/gnark,388,Mapping vs Array,13566,3392
optimized,stage2,Consensys/gnark,388,Freeing storage,13557,3390
optimized,stage2,MetaMask/metamask-mobile,11733,Ticker tape,14605,3652
optimized,stage2,MetaMask/metamask-mobile,11733,Oracle,14735,3684
optimized,stage2,MetaMask/metamask-mobile,11733,Reverse Oracle,14551,3638
optimized,stage2,MetaMask/metamask-mobile,11733,Pull-based inbound oracle,14558,3640
optimized,stage2,MetaMask/metamask-mobile,11733,Push-based inbound oracle,14583,3646
optimized,stage2,MetaMask/metamask-mobile,11733,State Channel,14805,3702
optimized,stage2,MetaMask/metamask-mobile,11733,Off-chain Contract Registry,15337,3835
optimized,stage2,MetaMask/metamask-mobile,11733,Legal and smart contract pair,14802,3701
optimized,stage2,MetaMask/metamask-mobile,11733,Off-chain data storage,15094,3774
optimized,stage2,MetaMask/metamask-mobile,11733,Confidential and pseudo-anonymous contract enforcement,14794,3699
optimized,stage2,MetaMask/metamask-mobile,11733,Off-chain Signatures,14907,3727
optimized,stage2,MetaMask/metamask-mobile,11733,Delegated Computation,14942,3736
optimized,stage2,MetaMask/metamask-mobile,11733,Master & Sub Key,14147,3537
optimized,stage2,MetaMask/metamask-mobile,11733,Hot & Cold Wallet Storage,14183,3546
optimized,stage2,MetaMask/metamask-mobile,11733,Key Sharding,14200,3550
optimized,stage2,MetaMask/metamask-mobile,11733,X-confirmation,13891,3473
optimized,stage2,MetaMask/metamask-mobile,11733,Blockchain BP Engine,14089,3523
optimized,stage2,MetaMask/metamask-mobile,11733,Smart Contract Activities,14087,3522
optimized,stage2,MetaMask/metamask-mobile,11733,Decentralize business process,14123,3531
optimized,stage2,MetaMask/metamask-mobile,11733,Identifier Registry,14371,3593
optimized,stage2,MetaMask/metamask-mobile,11733,Multiple Registration,14358,3590
optimized,stage2,MetaMask/metamask-mobile,11733,Bound with Social Media,14380,3595
optimized,stage2,MetaMask/metamask-mobile,11733,Dual Resolution,14350,3588
optimized,stage2,MetaMask/metamask-mobile,11733,Delegate List,14362,3591
optimized,stage2,MetaMask/metamask-mobile,11733,Blockchain Security Pattern for Big Data Ecosystems,13890,3473
optimized,stage2,MetaMask/metamask-mobile,11733,Blockchain-based reputation system,14968,3742
optimized,stage2,MetaMask/metamask-mobile,11733,Vote,15075,3769
optimized,stage2,MetaMask/metamask-mobile,11733,Blocklist,15055,3764
optimized,stage2,MetaMask/metamask-mobile,11733,Announcement,14983,3746
optimized,stage2,MetaMask/metamask-mobile,11733,Bulletin Board,14951,3738
optimized,stage2,MetaMask/metamask-mobile,11733,Randomness,15017,3755
optimized,stage2,MetaMask/metamask-mobile,11733,Poll,14974,3744
optimized,stage2,MetaMask/metamask-mobile,11733,Selective Content Generation,14975,3744
optimized,stage2,MetaMask/metamask-mobile,11733,Time-Constrained Access,14982,3746
optimized,stage2,MetaMask/metamask-mobile,11733,One-Off Access,14955,3739
optimized,stage2,MetaMask/metamask-mobile,11733,Digital Record,15256,3814
optimized,stage2,MetaMask/metamask-mobile,11733,State machine,15038,3760
optimized,stage2,MetaMask/metamask-mobile,11733,Proxy contract,15010,3753
optimized,stage2,MetaMask/metamask-mobile,11733,Contract Registry (on-chain),14889,3723
optimized,stage2,MetaMask/metamask-mobile,11733,Factory contract,14751,3688
optimized,stage2,MetaMask/metamask-mobile,11733,Data contract,14830,3708
optimized,stage2,MetaMask/metamask-mobile,11733,Router contract,15050,3763
optimized,stage2,MetaMask/metamask-mobile,11733,Relay contract,14855,3714
optimized,stage2,MetaMask/metamask-mobile,11733,Emergency stop,14738,3685
optimized,stage2,MetaMask/metamask-mobile,11733,Mortal,14923,3731
optimized,stage2,MetaMask/metamask-mobile,11733,Check-Effects-Interactions,14407,3602
optimized,stage2,MetaMask/metamask-mobile,11733,Mutex,14432,3608
optimized,stage2,MetaMask/metamask-mobile,11733,Guard check,14381,3596
optimized,stage2,MetaMask/metamask-mobile,11733,Rate limit,14332,3583
optimized,stage2,MetaMask/metamask-mobile,11733,Balance limit,14375,3594
optimized,stage2,MetaMask/metamask-mobile,11733,Low contract footprint,14569,3643
optimized,stage2,MetaMask/metamask-mobile,11733,Loop unrolling,14552,3638
optimized,stage2,MetaMask/metamask-mobile,11733,Contract size limit,14524,3631
optimized,stage2,MetaMask/metamask-mobile,11733,Off-chain computation,14675,3669
optimized,stage2,MetaMask/metamask-mobile,11733,State anchoring,14815,3704
optimized,stage2,MetaMask/metamask-mobile,11733,Data refresh,15236,3809
optimized,stage2,MetaMask/metamask-mobile,11733,Ownable,14356,3589
optimized,stage2,MetaMask/metamask-mobile,11733,Role-based control,14327,3582
optimized,stage2,MetaMask/metamask-mobile,11733,Permissioned actions,14331,3583
optimized,stage2,MetaMask/metamask-mobile,11733,Implicit authorization,14345,3587
optimized,stage2,MetaMask/metamask-mobile,11733,Limited-access,14353,3589
optimized,stage2,MetaMask/metamask-mobile,11733,Immutable data,14363,3591
optimized,stage2,MetaMask/metamask-mobile,11733,Mutable data,14271,3568
optimized,stage2,MetaMask/metamask-mobile,11733,Append-only data,14294,3574
optimized,stage2,MetaMask/metamask-mobile,11733,Data compression,14671,3668
optimized,stage2,MetaMask/metamask-mobile,11733,Data separation,14299,3575
optimized,stage2,MetaMask/metamask-mobile,11733,Homomorphic encryption,14120,3530
optimized,stage2,MetaMask/metamask-mobile,11733,Zero-knowledge proof,14116,3529
optimized,stage2,MetaMask/metamask-mobile,11733,Commit and Reveal,14129,3533
optimized,stage2,MetaMask/metamask-mobile,11733,Snapshotting,14324,3581
optimized,stage2,MetaMask/metamask-mobile,11733,State initialization,14179,3545
optimized,stage2,MetaMask/metamask-mobile,11733,Establish genesis,14182,3546
optimized,stage2,MetaMask/metamask-mobile,11733,Smart contract translation,14250,3563
optimized,stage2,MetaMask/metamask-mobile,11733,Tokenization,13910,3478
optimized,stage2,MetaMask/metamask-mobile,11733,Self-generated transactions,13876,3469
optimized,stage2,MetaMask/metamask-mobile,11733,Self-Confirmed Transactions,13879,3470
optimized,stage2,MetaMask/metamask-mobile,11733,Delegated Transactions,13879,3470
optimized,stage2,MetaMask/metamask-mobile,11733,Packing variables,14191,3548
optimized,stage2,MetaMask/metamask-mobile,11733,Packing booleans,14207,3552
optimized,stage2,MetaMask/metamask-mobile,11733,Unit vs Unit256,14146,3537
optimized,stage2,MetaMask/metamask-mobile,11733,Mapping vs Array,13819,3455
optimized,stage2,MetaMask/metamask-mobile,11733,Freeing storage,13810,3453
optimized,stage2,trustwallet/assets,8497,Ticker tape,19584,4896
optimized,stage2,trustwallet/assets,8497,Oracle,19714,4929
optimized,stage2,trustwallet/assets,8497,Reverse Oracle,19530,4883
optimized,stage2,trustwallet/assets,8497,Pull-based inbound oracle,19537,4885
optimized,stage2,trustwallet/assets,8497,Push-based inbound oracle,19562,4891
optimized,stage2,trustwallet/assets,8497,State Channel,19784,4946
optimized,stage2,trustwallet/assets,8497,Off-chain Contract Registry,20316,5079
optimized,stage2,trustwallet/assets,8497,Legal and smart contract pair,19781,4946
optimized,stage2,trustwallet/assets,8497,Off-chain data storage,20073,5019
optimized,stage2,trustwallet/assets,8497,Confidential and pseudo-anonymous contract enforcement,19773,4944
optimized,stage2,trustwallet/assets,8497,Off-chain Signatures,19886,4972
optimized,stage2,trustwallet/assets,8497,Delegated Computation,19921,4981
optimized,stage2,trustwallet/assets,8497,Master & Sub Key,19126,4782
optimized,stage2,trustwallet/assets,8497,Hot & Cold Wallet Storage,19162,4791
optimized,stage2,trustwallet/assets,8497,Key Sharding,19179,4795
optimized,stage2,trustwallet/assets,8497,X-confirmation,18870,4718
optimized,stage2,trustwallet/assets,8497,Blockchain BP Engine,19068,4767
optimized,stage2,trustwallet/assets,8497,Smart Contract Activities,19066,4767
optimized,stage2,trustwallet/assets,8497,Decentralize business process,19102,4776
optimized,stage2,trustwallet/assets,8497,Identifier Registry,19350,4838
optimized,stage2,trustwallet/assets,8497,Multiple Registration,19337,4835
optimized,stage2,trustwallet/assets,8497,Bound with Social Media,19359,4840
optimized,stage2,trustwallet/assets,8497,Dual Resolution,19329,4833
optimized,stage2,trustwallet/assets,8497,Delegate List,19341,4836
optimized,stage2,trustwallet/assets,8497,Blockchain Security Pattern for Big Data Ecosystems,18869,4718
optimized,stage2,trustwallet/assets,8497,Blockchain-based reputation system,19947,4987
optimized,stage2,trustwallet/assets,8497,Vote,20054,5014
optimized,stage2,trustwallet/assets,8497,Blocklist,20034,5009
optimized,stage2,trustwallet/assets,8497,Announcement,19962,4991
optimized,stage2,trustwallet/assets,8497,Bulletin Board,19930,4983
optimized,stage2,trustwallet/assets,8497,Randomness,19996,4999
optimized,stage2,trustwallet/assets,8497,Poll,19953,4989
optimized,stage2,trustwallet/assets,8497,Selective Content Generation,19954,4989
optimized,stage2,trustwallet/assets,8497,Time-Constrained Access,19961,4991
optimized,stage2,trustwallet/assets,8497,One-Off Access,19934,4984
optimized,stage2,trustwallet/assets,8497,Digital Record,20235,5059
optimized,stage2,trustwallet/assets,8497,State machine,20017,5005
optimized,stage2,trustwallet/assets,8497,Proxy contract,19989,4998
optimized,stage2,trustwallet/assets,8497,Contract Registry (on-chain),19868,4967
optimized,stage2,trustwallet/assets,8497,Factory contract,19730,4933
optimized,stage2,trustwallet/assets,8497,Data contract,19809,4953
optimized,stage2,trustwallet/assets,8497,Router contract,20029,5008
optimized,stage2,trustwallet/assets,8497,Relay contract,19834,4959
optimized,stage2,trustwallet/assets,8497,Emergency stop,19717,4930
optimized,stage2,trustwallet/assets,8497,Mortal,19902,4976
optimized,stage2,trustwallet/assets,8497,Check-Effects-Interactions,19386,4847
optimized,stage2,trustwallet/assets,8497,Mutex,19411,4853
optimized,stage2,trustwallet/assets,8497,Guard check,19360,4840
optimized,stage2,trustwallet/assets,8497,Rate limit,19311,4828
optimized,stage2,trustwallet/assets,8497,Balance limit,19354,4839
optimized,stage2,trustwallet/assets,8497,Low contract footprint,19548,4887
optimized,stage2,trustwallet/assets,8497,Loop unrolling,19531,4883
optimized,stage2,trustwallet/assets,8497,Contract size limit,19503,4876
optimized,stage2,trustwallet/assets,8497,Off-chain computation,19654,4914
optimized,stage2,trustwallet/assets,8497,State anchoring,19794,4949
optimized,stage2,trustwallet/assets,8497,Data refresh,20215,5054
optimized,stage2,trustwallet/assets,8497,Ownable,19335,4834
optimized,stage2,trustwallet/assets,8497,Role-based control,19306,4827
optimized,stage2,trustwallet/assets,8497,Permissioned actions,19310,4828
optimized,stage2,trustwallet/assets,8497,Implicit authorization,19324,4831
optimized,stage2,trustwallet/assets,8497,Limited-access,19332,4833
optimized,stage2,trustwallet/assets,8497,Immutable data,19342,4836
optimized,stage2,trustwallet/assets,8497,Mutable data,19250,4813
optimized,stage2,trustwallet/assets,8497,Append-only data,19273,4819
optimized,stage2,trustwallet/assets,8497,Data compression,19650,4913
optimized,stage2,trustwallet/assets,8497,Data separation,19278,4820
optimized,stage2,trustwallet/assets,8497,Homomorphic encryption,19099,4775
optimized,stage2,trustwallet/assets,8497,Zero-knowledge proof,19095,4774
optimized,stage2,trustwallet/assets,8497,Commit and Reveal,19108,4777
optimized,stage2,trustwallet/assets,8497,Snapshotting,19303,4826
optimized,stage2,trustwallet/assets,8497,State initialization,19158,4790
optimized,stage2,trustwallet/assets,8497,Establish genesis,19161,4791
optimized,stage2,trustwallet/assets,8497,Smart contract translation,19229,4808
optimized,stage2,trustwallet/assets,8497,Tokenization,18889,4723
optimized,stage2,trustwallet/assets,8497,Self-generated transactions,18855,4714
optimized,stage2,trustwallet/assets,8497,Self-Confirmed Transactions,18858,4715
optimized,stage2,trustwallet/assets,8497,Delegated Transactions,18858,4715
optimized,stage2,trustwallet/assets,8497,Packing variables,19170,4793
optimized,stage2,trustwallet/assets,8497,Packing booleans,19186,4797
optimized,stage2,trustwallet/assets,8497,Unit vs Unit256,19125,4782
optimized,stage2,trustwallet/assets,8497,Mapping vs Array,18798,4700
optimized,stage2,trustwallet/assets,8497,Freeing storage,18789,4698
optimized,stage2,web3/web3.js,5503,Ticker tape,13422,3356
optimized,stage2,web3/web3.js,5503,Oracle,13552,3388
optimized,stage2,web3/web3.js,5503,Reverse Oracle,13368,3342
optimized,stage2,web3/web3.js,5503,Pull-based inbound oracle,13375,3344
optimized,stage2,web3/web3.js,5503,Push-based inbound oracle,13400,3350
optimized,stage2,web3/web3.js,5503,State Channel,13622,3406
optimized,stage2,web3/web3.js,5503,Off-chain Contract Registry,14154,3539
optimized,stage2,web3/web3.js,5503,Legal and smart contract pair,13619,3405
optimized,stage2,web3/web3.js,5503,Off-chain data storage,13911,3478
optimized,stage2,web3/web3.js,5503,Confidential and pseudo-anonymous contract enforcement,13611,3403
optimized,stage2,web3/web3.js,5503,Off-chain Signatures,13724,3431
optimized,stage2,web3/web3.js,5503,Delegated Computation,13759,3440
optimized,stage2,web3/web3.js,5503,Master & Sub Key,12964,3241
optimized,stage2,web3/web3.js,5503,Hot & Cold Wallet Storage,13000,3250
optimized,stage2,web3/web3.js,5503,Key Sharding,13017,3255
optimized,stage2,web3/web3.js,5503,X-confirmation,12708,3177
optimized,stage2,web3/web3.js,5503,Blockchain BP Engine,12906,3227
optimized,stage2,web3/web3.js,5503,Smart Contract Activities,12904,3226
optimized,stage2,web3/web3.js,5503,Decentralize business process,12940,3235
optimized,stage2,web3/web3.js,5503,Identifier Registry,13188,3297
optimized,stage2,web3/web3.js,5503,Multiple Registration,13175,3294
optimized,stage2,web3/web3.js,5503,Bound with Social Media,13197,3300
optimized,stage2,web3/web3.js,5503,Dual Resolution,13167,3292
optimized,stage2,web3/web3.js,5503,Delegate List,13179,3295
optimized,stage2,web3/web3.js,5503,Blockchain Security Pattern for Big Data Ecosystems,12707,3177
optimized,stage2,web3/web3.js,5503,Blockchain-based reputation system,13785,3447
optimized,stage2,web3/web3.js,5503,Vote,13892,3473
optimized,stage2,web3/web3.js,5503,Blocklist,13872,3468
optimized,stage2,web3/web3.js,5503,Announcement,13800,3450
optimized,stage2,web3/web3.js,5503,Bulletin Board,13768,3442
optimized,stage2,web3/web3.js,5503,Randomness,13834,3459
optimized,stage2,web3/web3.js,5503,Poll,13791,3448
optimized,stage2,web3/web3.js,5503,Selective Content Generation,13792,3448
optimized,stage2,web3/web3.js,5503,Time-Constrained Access,13799,3450
optimized,stage2,web3/web3.js,5503,One-Off Access,13772,3443
optimized,stage2,web3/web3.js,5503,Digital Record,14073,3519
optimized,stage2,web3/web3.js,5503,State machine,13855,3464
optimized,stage2,web3/web3.js,5503,Proxy contract,13827,3457
optimized,stage2,web3/web3.js,5503,Contract Registry (on-chain),13706,3427
optimized,stage2,web3/web3.js,5503,Factory contract,13568,3392
optimized,stage2,web3/web3.js,5503,Data contract,13647,3412
optimized,stage2,web3/web3.js,5503,Router contract,13867,3467
optimized,stage2,web3/web3.js,5503,Relay contract,13672,3418
optimized,stage2,web3/web3.js,5503,Emergency stop,13555,3389
optimized,stage2,web3/web3.js,5503,Mortal,13740,3435
optimized,stage2,web3/web3.js,5503,Check-Effects-Interactions,13224,3306
optimized,stage2,web3/web3.js,5503,Mutex,13249,3313
optimized,stage2,web3/web3.js,5503,Guard check,13198,3300
optimized,stage2,web3/web3.js,5503,Rate limit,13149,3288
optimized,stage2,web3/web3.js,5503,Balance limit,13192,3298
optimized,stage2,web3/web3.js,5503,Low contract footprint,13386,3347
optimized,stage2,web3/web3.js,5503,Loop unrolling,13369,3343
optimized,stage2,web3/web3.js,5503,Contract size limit,13341,3336
optimized,stage2,web3/web3.js,5503,Off-chain computation,13492,3373
optimized,stage2,web3/web3.js,5503,State anchoring,13632,3408
optimized,stage2,web3/web3.js,5503,Data refresh,14053,3514
optimized,stage2,web3/web3.js,5503,Ownable,13173,3294
optimized,stage2,web3/web3.js,5503,Role-based control,13144,3286
optimized,stage2,web3/web3.js,5503,Permissioned actions,13148,3287
optimized,stage2,web3/web3.js,5503,Implicit authorization,13162,3291
optimized,stage2,web3/web3.js,5503,Limited-access,13170,3293
optimized,stage2,web3/web3.js,5503,Immutable data,13180,3295
optimized,stage2,web3/web3.js,5503,Mutable data,13088,3272
optimized,stage2,web3/web3.js,5503,Append-only data,13111,3278
optimized,stage2,web3/web3.js,5503,Data compression,13488,3372
optimized,stage2,web3/web3.js,5503,Data separation,13116,3279
optimized,stage2,web3/web3.js,5503,Homomorphic encryption,12937,3235
optimized,stage2,web3/web3.js,5503,Zero-knowledge proof,12933,3234
optimized,stage2,web3/web3.js,5503,Commit and Reveal,12946,3237
optimized,stage2,web3/web3.js,5503,Snapshotting,13141,3286
optimized,stage2,web3/web3.js,5503,State initialization,12996,3249
optimized,stage2,web3/web3.js,5503,Establish genesis,12999,3250
optimized,stage2,web3/web3.js,5503,Smart contract translation,13067,3267
optimized,stage2,web3/web3.js,5503,Tokenization,12727,3182
optimized,stage2,web3/web3.js,5503,Self-generated transactions,12693,3174
optimized,stage2,web3/web3.js,5503,Self-Confirmed Transactions,12696,3174
optimized,stage2,web3/web3.js,5503,Delegated Transactions,12696,3174
optimized,stage2,web3/web3.js,5503,Packing variables,13008,3252
optimized,stage2,web3/web3.js,5503,Packing booleans,13024,3256
optimized,stage2,web3/web3.js,5503,Unit vs Unit256,12963,3241
optimized,stage2,web3/web3.js,5503,Mapping vs Array,12636,3159
optimized,stage2,web3/web3.js,5503,Freeing storage,12627,3157
optimized,stage2,paradigmxyz/reth,17371,Ticker tape,12739,3185
optimized,stage2,paradigmxyz/reth,17371,Oracle,12869,3218
optimized,stage2,paradigmxyz/reth,17371,Reverse Oracle,12685,3172
optimized,stage2,paradigmxyz/reth,17371,Pull-based inbound oracle,12692,3173
optimized,stage2,paradigmxyz/reth,17371,Push-based inbound oracle,12717,3180
optimized,stage2,paradigmxyz/reth,17371,State Channel,12939,3235
optimized,stage2,paradigmxyz/reth,17371,Off-chain Contract Registry,13471,3368
optimized,stage2,paradigmxyz/reth,17371,Legal and smart contract pair,12936,3234
optimized,stage2,paradigmxyz/reth,17371,Off-chain data storage,13228,3307
optimized,stage2,paradigmxyz/reth,17371,Confidential and pseudo-anonymous contract enforcement,12928,3232
optimized,stage2,paradigmxyz/reth,17371,Off-chain Signatures,13041,3261
optimized,stage2,paradigmxyz/reth,17371,Delegated Computation,13076,3269
optimized,stage2,paradigmxyz/reth,17371,Master & Sub Key,12281,3071
optimized,stage2,paradigmxyz/reth,17371,Hot & Cold Wallet Storage,12317,3080
optimized,stage2,paradigmxyz/reth,17371,Key Sharding,12334,3084
optimized,stage2,paradigmxyz/reth,17371,X-confirmation,12025,3007
optimized,stage2,paradigmxyz/reth,17371,Blockchain BP Engine,12223,3056
optimized,stage2,paradigmxyz/reth,17371,Smart Contract Activities,12221,3056
optimized,stage2,paradigmxyz/reth,17371,Decentralize business process,12257,3065
optimized,stage2,paradigmxyz/reth,17371,Identifier Registry,12505,3127
optimized,stage2,paradigmxyz/reth,17371,Multiple Registration,12492,3123
optimized,stage2,paradigmxyz/reth,17371,Bound with Social Media,12514,3129
optimized,stage2,paradigmxyz/reth,17371,Dual Resolution,12484,3121
optimized,stage2,paradigmxyz/reth,17371,Delegate List,12496,3124
optimized,stage2,paradigmxyz/reth,17371,Blockchain Security Pattern for Big Data Ecosystems,12024,3006
optimized,stage2,paradigmxyz/reth,17371,Blockchain-based reputation system,13102,3276
optimized,stage2,paradigmxyz/reth,17371,Vote,13209,3303
optimized,stage2,paradigmxyz/reth,17371,Blocklist,13189,3298
optimized,stage2,paradigmxyz/reth,17371,Announcement,13117,3280
optimized,stage2,paradigmxyz/reth,17371,Bulletin Board,13085,3272
optimized,stage2,paradigmxyz/reth,17371,Randomness,13151,3288
optimized,stage2,paradigmxyz/reth,17371,Poll,13108,3277
optimized,stage2,paradigmxyz/reth,17371,Selective Content Generation,13109,3278
optimized,stage2,paradigmxyz/reth,17371,Time-Constrained Access,13116,3279
optimized,stage2,paradigmxyz/reth,17371,One-Off Access,13089,3273
optimized,stage2,paradigmxyz/reth,17371,Digital Record,13390,3348
optimized,stage2,paradigmxyz/reth,17371,State machine,13172,3293
optimized,stage2,paradigmxyz/reth,17371,Proxy contract,13144,3286
optimized,stage2,paradigmxyz/reth,17371,Contract Registry (on-chain),13023,3256
optimized,stage2,paradigmxyz/reth,17371,Factory contract,12885,3222
optimized,stage2,paradigmxyz/reth,17371,Data contract,12964,3241
optimized,stage2,paradigmxyz/reth,17371,Router contract,13184,3296
optimized,stage2,paradigmxyz/reth,17371,Relay contract,12989,3248
optimized,stage2,paradigmxyz/reth,17371,Emergency stop,12872,3218
optimized,stage2,paradigmxyz/reth,17371,Mortal,13057,3265
optimized,stage2,paradigmxyz/reth,17371,Check-Effects-Interactions,12541,3136
optimized,stage2,paradigmxyz/reth,17371,Mutex,12566,3142
optimized,stage2,paradigmxyz/reth,17371,Guard check,12515,3129
optimized,stage2,paradigmxyz/reth,17371,Rate limit,12466,3117
optimized,stage2,paradigmxyz/reth,17371,Balance limit,12509,3128
optimized,stage2,paradigmxyz/reth,17371,Low contract footprint,12703,3176
optimized,stage2,paradigmxyz/reth,17371,Loop unrolling,12686,3172
optimized,stage2,paradigmxyz/reth,17371,Contract size limit,12658,3165
optimized,stage2,paradigmxyz/reth,17371,Off-chain computation,12809,3203
optimized,stage2,paradigmxyz/reth,17371,State anchoring,12949,3238
optimized,stage2,paradigmxyz/reth,17371,Data refresh,13370,3343
optimized,stage2,paradigmxyz/reth,17371,Ownable,12490,3123
optimized,stage2,paradigmxyz/reth,17371,Role-based control,12461,3116
optimized,stage2,paradigmxyz/reth,17371,Permissioned actions,12465,3117
optimized,stage2,paradigmxyz/reth,17371,Implicit authorization,12479,3120
optimized,stage2,paradigmxyz/reth,17371,Limited-access,12487,3122
optimized,stage2,paradigmxyz/reth,17371,Immutable data,12497,3125
optimized,stage2,paradigmxyz/reth,17371,Mutable data,12405,3102
optimized,stage2,paradigmxyz/reth,17371,Append-only data,12428,3107
optimized,stage2,paradigmxyz/reth,17371,Data compression,12805,3202
optimized,stage2,paradigmxyz/reth,17371,Data separation,12433,3109
optimized,stage2,paradigmxyz/reth,17371,Homomorphic encryption,12254,3064
optimized,stage2,paradigmxyz/reth,17371,Zero-knowledge proof,12250,3063
optimized,stage2,paradigmxyz/reth,17371,Commit and Reveal,12263,3066
optimized,stage2,paradigmxyz/reth,17371,Snapshotting,12458,3115
optimized,stage2,paradigmxyz/reth,17371,State initialization,12313,3079
optimized,stage2,paradigmxyz/reth,17371,Establish genesis,12316,3079
optimized,stage2,paradigmxyz/reth,17371,Smart contract translation,12384,3096
optimized,stage2,paradigmxyz/reth,17371,Tokenization,12044,3011
optimized,stage2,paradigmxyz/reth,17371,Self-generated transactions,12010,3003
optimized,stage2,paradigmxyz/reth,17371,Self-Confirmed Transactions,12013,3004
optimized,stage2,paradigmxyz/reth,17371,Delegated Transactions,12013,3004
optimized,stage2,paradigmxyz/reth,17371,Packing variables,12325,3082
optimized,stage2,paradigmxyz/reth,17371,Packing booleans,12341,3086
optimized,stage2,paradigmxyz/reth,17371,Unit vs Unit256,12280,3070
optimized,stage2,paradigmxyz/reth,17371,Mapping vs Array,11953,2989
optimized,stage2,paradigmxyz/reth,17371,Freeing storage,11944,2986
optimized,stage2,foundry-rs/foundry,4883,Ticker tape,13078,3270
optimized,stage2,foundry-rs/foundry,4883,Oracle,13208,3302
optimized,stage2,foundry-rs/foundry,4883,Reverse Oracle,13024,3256
optimized,stage2,foundry-rs/foundry,4883,Pull-based inbound oracle,13031,3258
optimized,stage2,foundry-rs/foundry,4883,Push-based inbound oracle,13056,3264
optimized,stage2,foundry-rs/foundry,4883,State Channel,13278,3320
optimized,stage2,foundry-rs/foundry,4883,Off-chain Contract Registry,13810,3453
optimized,stage2,foundry-rs/foundry,4883,Legal and smart contract pair,13275,3319
optimized,stage2,foundry-rs/foundry,4883,Off-chain data storage,13567,3392
optimized,stage2,foundry-rs/foundry,4883,Confidential and pseudo-anonymous contract enforcement,13267,3317
optimized,stage2,foundry-rs/foundry,4883,Off-chain Signatures,13380,3345
optimized,stage2,foundry-rs/foundry,4883,Delegated Computation,13415,3354
optimized,stage2,foundry-rs/foundry,4883,Master & Sub Key,12620,3155
optimized,stage2,foundry-rs/foundry,4883,Hot & Cold Wallet Storage,12656,3164
optimized,stage2,foundry-rs/foundry,4883,Key Sharding,12673,3169
optimized,stage2,foundry-rs/foundry,4883,X-confirmation,12364,3091
optimized,stage2,foundry-rs/foundry,4883,Blockchain BP Engine,12562,3141
optimized,stage2,foundry-rs/foundry,4883,Smart Contract Activities,12560,3140
optimized,stage2,foundry-rs/foundry,4883,Decentralize business process,12596,3149
optimized,stage2,foundry-rs/foundry,4883,Identifier Registry,12844,3211
optimized,stage2,foundry-rs/foundry,4883,Multiple Registration,12831,3208
optimized,stage2,foundry-rs/foundry,4883,Bound with Social Media,12853,3214
optimized,stage2,foundry-rs/foundry,4883,Dual Resolution,12823,3206
optimized,stage2,foundry-rs/foundry,4883,Delegate List,12835,3209
optimized,stage2,foundry-rs/foundry,4883,Blockchain Security Pattern for Big Data Ecosystems,12363,3091
optimized,stage2,foundry-rs/foundry,4883,Blockchain-based reputation system,13441,3361
optimized,stage2,foundry-rs/foundry,4883,Vote,13548,3387
optimized,stage2,foundry-rs/foundry,4883,Blocklist,13528,3382
optimized,stage2,foundry-rs/foundry,4883,Announcement,13456,3364
optimized,stage2,foundry-rs/foundry,4883,Bulletin Board,13424,3356
optimized,stage2,foundry-rs/foundry,4883,Randomness,13490,3373
optimized,stage2,foundry-rs/foundry,4883,Poll,13447,3362
optimized,stage2,foundry-rs/foundry,4883,Selective Content Generation,13448,3362
optimized,stage2,foundry-rs/foundry,4883,Time-Constrained Access,13455,3364
optimized,stage2,foundry-rs/foundry,4883,One-Off Access,13428,3357
optimized,stage2,foundry-rs/foundry,4883,Digital Record,13729,3433
optimized,stage2,foundry-rs/foundry,4883,State machine,13511,3378
optimized,stage2,foundry-rs/foundry,4883,Proxy contract,13483,3371
optimized,stage2,foundry-rs/foundry,4883,Contract Registry (on-chain),13362,3341
optimized,stage2,foundry-rs/foundry,4883,Factory contract,13224,3306
optimized,stage2,foundry-rs/foundry,4883,Data contract,13303,3326
optimized,stage2,foundry-rs/foundry,4883,Router contract,13523,3381
optimized,stage2,foundry-rs/foundry,4883,Relay contract,13328,3332
optimized,stage2,foundry-rs/foundry,4883,Emergency stop,13211,3303
optimized,stage2,foundry-rs/foundry,4883,Mortal,13396,3349
optimized,stage2,foundry-rs/foundry,4883,Check-Effects-Interactions,12880,3220
optimized,stage2,foundry-rs/foundry,4883,Mutex,12905,3227
optimized,stage2,foundry-rs/foundry,4883,Guard check,12854,3214
optimized,stage2,foundry-rs/foundry,4883,Rate limit,12805,3202
optimized,stage2,foundry-rs/foundry,4883,Balance limit,12848,3212
optimized,stage2,foundry-rs/foundry,4883,Low contract footprint,13042,3261
optimized,stage2,foundry-rs/foundry,4883,Loop unrolling,13025,3257
optimized,stage2,foundry-rs/foundry,4883,Contract size limit,12997,3250
optimized,stage2,foundry-rs/foundry,4883,Off-chain computation,13148,3287
optimized,stage2,foundry-rs/foundry,4883,State anchoring,13288,3322
optimized,stage2,foundry-rs/foundry,4883,Data refresh,13709,3428
optimized,stage2,foundry-rs/foundry,4883,Ownable,12829,3208
optimized,stage2,foundry-rs/foundry,4883,Role-based control,12800,3200
optimized,stage2,foundry-rs/foundry,4883,Permissioned actions,12804,3201
optimized,stage2,foundry-rs/foundry,4883,Implicit authorization,12818,3205
optimized,stage2,foundry-rs/foundry,4883,Limited-access,12826,3207
optimized,stage2,foundry-rs/foundry,4883,Immutable data,12836,3209
optimized,stage2,foundry-rs/foundry,4883,Mutable data,12744,3186
optimized,stage2,foundry-rs/foundry,4883,Append-only data,12767,3192
optimized,stage2,foundry-rs/foundry,4883,Data compression,13144,3286
optimized,stage2,foundry-rs/foundry,4883,Data separation,12772,3193
optimized,stage2,foundry-rs/foundry,4883,Homomorphic encryption,12593,3149
optimized,stage2,foundry-rs/foundry,4883,Zero-knowledge proof,12589,3148
optimized,stage2,foundry-rs/foundry,4883,Commit and Reveal,12602,3151
optimized,stage2,foundry-rs/foundry,4883,Snapshotting,12797,3200
optimized,stage2,foundry-rs/foundry,4883,State initialization,12652,3163
optimized,stage2,foundry-rs/foundry,4883,Establish genesis,12655,3164
optimized,stage2,foundry-rs/foundry,4883,Smart contract translation,12723,3181
optimized,stage2,foundry-rs/foundry,4883,Tokenization,12383,3096
optimized,stage2,foundry-rs/foundry,4883,Self-generated transactions,12349,3088
optimized,stage2,foundry-rs/foundry,4883,Self-Confirmed Transactions,12352,3088
optimized,stage2,foundry-rs/foundry,4883,Delegated Transactions,12352,3088
optimized,stage2,foundry-rs/foundry,4883,Packing variables,12664,3166
optimized,stage2,foundry-rs/foundry,4883,Packing booleans,12680,3170
optimized,stage2,foundry-rs/foundry,4883,Unit vs Unit256,12619,3155
optimized,stage2,foundry-rs/foundry,4883,Mapping vs Array,12292,3073
optimized,stage2,foundry-rs/foundry,4883,Freeing storage,12283,3071
optimized,stage2,ethereum/ethereum-org-website,3897,Ticker tape,17759,4440
optimized,stage2,ethereum/ethereum-org-website,3897,Oracle,17889,4473
optimized,stage2,ethereum/ethereum-org-website,3897,Reverse Oracle,17705,4427
optimized,stage2,ethereum/ethereum-org-website,3897,Pull-based inbound oracle,17712,4428
optimized,stage2,ethereum/ethereum-org-website,3897,Push-based inbound oracle,17737,4435
optimized,stage2,ethereum/ethereum-org-website,3897,State Channel,17959,4490
optimized,stage2,ethereum/ethereum-org-website,3897,Off-chain Contract Registry,18491,4623
optimized,stage2,ethereum/ethereum-org-website,3897,Legal and smart contract pair,17956,4489
optimized,stage2,ethereum/ethereum-org-website,3897,Off-chain data storage,18248,4562
optimized,stage2,ethereum/ethereum-org-website,3897,Confidential and pseudo-anonymous contract enforcement,17948,4487
optimized,stage2,ethereum/ethereum-org-website,3897,Off-chain Signatures,18061,4516
optimized,stage2,ethereum/ethereum-org-website,3897,Delegated Computation,18096,4524
optimized,stage2,ethereum/ethereum-org-website,3897,Master & Sub Key,17301,4326
optimized,stage2,ethereum/ethereum-org-website,3897,Hot & Cold Wallet Storage,17337,4335
optimized,stage2,ethereum/ethereum-org-website,3897,Key Sharding,17354,4339
optimized,stage2,ethereum/ethereum-org-website,3897,X-confirmation,17045,4262
optimized,stage2,ethereum/ethereum-org-website,3897,Blockchain BP Engine,17243,4311
optimized,stage2,ethereum/ethereum-org-website,3897,Smart Contract Activities,17241,4311
optimized,stage2,ethereum/ethereum-org-website,3897,Decentralize business process,17277,4320
optimized,stage2,ethereum/ethereum-org-website,3897,Identifier Registry,17525,4382
optimized,stage2,ethereum/ethereum-org-website,3897,Multiple Registration,17512,4378
optimized,stage2,ethereum/ethereum-org-website,3897,Bound with Social Media,17534,4384
optimized,stage2,ethereum/ethereum-org-website,3897,Dual Resolution,17504,4376
optimized,stage2,ethereum/ethereum-org-website,3897,Delegate List,17516,4379
optimized,stage2,ethereum/ethereum-org-website,3897,Blockchain Security Pattern for Big Data Ecosystems,17044,4261
optimized,stage2,ethereum/ethereum-org-website,3897,Blockchain-based reputation system,18122,4531
optimized,stage2,ethereum/ethereum-org-website,3897,Vote,18229,4558
optimized,stage2,ethereum/ethereum-org-website,3897,Blocklist,18209,4553
optimized,stage2,ethereum/ethereum-org-website,3897,Announcement,18137,4535
optimized,stage2,ethereum/ethereum-org-website,3897,Bulletin Board,18105,4527
optimized,stage2,ethereum/ethereum-org-website,3897,Randomness,18171,4543
optimized,stage2,ethereum/ethereum-org-website,3897,Poll,18128,4532
optimized,stage2,ethereum/ethereum-org-website,3897,Selective Content Generation,18129,4533
optimized,stage2,ethereum/ethereum-org-website,3897,Time-Constrained Access,18136,4534
optimized,stage2,ethereum/ethereum-org-website,3897,One-Off Access,18109,4528
optimized,stage2,ethereum/ethereum-org-website,3897,Digital Record,18410,4603
optimized,stage2,ethereum/ethereum-org-website,3897,State machine,18192,4548
optimized,stage2,ethereum/ethereum-org-website,3897,Proxy contract,18164,4541
optimized,stage2,ethereum/ethereum-org-website,3897,Contract Registry (on-chain),18043,4511
optimized,stage2,ethereum/ethereum-org-website,3897,Factory contract,17905,4477
optimized,stage2,ethereum/ethereum-org-website,3897,Data contract,17984,4496
optimized,stage2,ethereum/ethereum-org-website,3897,Router contract,18204,4551
optimized,stage2,ethereum/ethereum-org-website,3897,Relay contract,18009,4503
optimized,stage2,ethereum/ethereum-org-website,3897,Emergency stop,17892,4473
optimized,stage2,ethereum/ethereum-org-website,3897,Mortal,18077,4520
optimized,stage2,ethereum/ethereum-org-website,3897,Check-Effects-Interactions,17561,4391
optimized,stage2,ethereum/ethereum-org-website,3897,Mutex,17586,4397
optimized,stage2,ethereum/ethereum-org-website,3897,Guard check,17535,4384
optimized,stage2,ethereum/ethereum-org-website,3897,Rate limit,17486,4372
optimized,stage2,ethereum/ethereum-org-website,3897,Balance limit,17529,4383
optimized,stage2,ethereum/ethereum-org-website,3897,Low contract footprint,17723,4431
optimized,stage2,ethereum/ethereum-org-website,3897,Loop unrolling,17706,4427
optimized,stage2,ethereum/ethereum-org-website,3897,Contract size limit,17678,4420
optimized,stage2,ethereum/ethereum-org-website,3897,Off-chain computation,17829,4458
optimized,stage2,ethereum/ethereum-org-website,3897,State anchoring,17969,4493
optimized,stage2,ethereum/ethereum-org-website,3897,Data refresh,18390,4598
optimized,stage2,ethereum/ethereum-org-website,3897,Ownable,17510,4378
optimized,stage2,ethereum/ethereum-org-website,3897,Role-based control,17481,4371
optimized,stage2,ethereum/ethereum-org-website,3897,Permissioned actions,17485,4372
optimized,stage2,ethereum/ethereum-org-website,3897,Implicit authorization,17499,4375
optimized,stage2,ethereum/ethereum-org-website,3897,Limited-access,17507,4377
optimized,stage2,ethereum/ethereum-org-website,3897,Immutable data,17517,4380
optimized,stage2,ethereum/ethereum-org-website,3897,Mutable data,17425,4357
optimized,stage2,ethereum/ethereum-org-website,3897,Append-only data,17448,4362
optimized,stage2,ethereum/ethereum-org-website,3897,Data compression,17825,4457
optimized,stage2,ethereum/ethereum-org-website,3897,Data separation,17453,4364
optimized,stage2,ethereum/ethereum-org-website,3897,Homomorphic encryption,17274,4319
optimized,stage2,ethereum/ethereum-org-website,3897,Zero-knowledge proof,17270,4318
optimized,stage2,ethereum/ethereum-org-website,3897,Commit and Reveal,17283,4321
optimized,stage2,ethereum/ethereum-org-website,3897,Snapshotting,17478,4370
optimized,stage2,ethereum/ethereum-org-website,3897,State initialization,17333,4334
optimized,stage2,ethereum/ethereum-org-website,3897,Establish genesis,17336,4334
optimized,stage2,ethereum/ethereum-org-website,3897,Smart contract translation,17404,4351
optimized,stage2,ethereum/ethereum-org-website,3897,Tokenization,17064,4266
optimized,stage2,ethereum/ethereum-org-website,3897,Self-generated transactions,17030,4258
optimized,stage2,ethereum/ethereum-org-website,3897,Self-Confirmed Transactions,17033,4259
optimized,stage2,ethereum/ethereum-org-website,3897,Delegated Transactions,17033,4259
optimized,stage2,ethereum/ethereum-org-website,3897,Packing variables,17345,4337
optimized,stage2,ethereum/ethereum-org-website,3897,Packing booleans,17361,4341
optimized,stage2,ethereum/ethereum-org-website,3897,Unit vs Unit256,17300,4325
optimized,stage2,ethereum/ethereum-org-website,3897,Mapping vs Array,16973,4244
optimized,stage2,ethereum/ethereum-org-website,3897,Freeing storage,16964,4241
optimized,stage2,solana-labs/token-list,1729,Ticker tape,13372,3343
optimized,stage2,solana-labs/token-list,1729,Oracle,13502,3376
optimized,stage2,solana-labs/token-list,1729,Reverse Oracle,13318,3330
optimized,stage2,solana-labs/token-list,1729,Pull-based inbound oracle,13325,3332
optimized,stage2,solana-labs/token-list,1729,Push-based inbound oracle,13350,3338
optimized,stage2,solana-labs/token-list,1729,State Channel,13572,3393
optimized,stage2,solana-labs/token-list,1729,Off-chain Contract Registry,14104,3526
optimized,stage2,solana-labs/token-list,1729,Legal and smart contract pair,13569,3393
optimized,stage2,solana-labs/token-list,1729,Off-chain data storage,13861,3466
optimized,stage2,solana-labs/token-list,1729,Confidential and pseudo-anonymous contract enforcement,13561,3391
optimized,stage2,solana-labs/token-list,1729,Off-chain Signatures,13674,3419
optimized,stage2,solana-labs/token-list,1729,Delegated Computation,13709,3428
optimized,stage2,solana-labs/token-list,1729,Master & Sub Key,12914,3229
optimized,stage2,solana-labs/token-list,1729,Hot & Cold Wallet Storage,12950,3238
optimized,stage2,solana-labs/token-list,1729,Key Sharding,12967,3242
optimized,stage2,solana-labs/token-list,1729,X-confirmation,12658,3165
optimized,stage2,solana-labs/token-list,1729,Blockchain BP Engine,12856,3214
optimized,stage2,solana-labs/token-list,1729,Smart Contract Activities,12854,3214
optimized,stage2,solana-labs/token-list,1729,Decentralize business process,12890,3223
optimized,stage2,solana-labs/token-list,1729,Identifier Registry,13138,3285
optimized,stage2,solana-labs/token-list,1729,Multiple Registration,13125,3282
optimized,stage2,solana-labs/token-list,1729,Bound with Social Media,13147,3287
optimized,stage2,solana-labs/token-list,1729,Dual Resolution,13117,3280
optimized,stage2,solana-labs/token-list,1729,Delegate List,13129,3283
optimized,stage2,solana-labs/token-list,1729,Blockchain Security Pattern for Big Data Ecosystems,12657,3165
optimized,stage2,solana-labs/token-list,1729,Blockchain-based reputation system,13735,3434
optimized,stage2,solana-labs/token-list,1729,Vote,13842,3461
optimized,stage2,solana-labs/token-list,1729,Blocklist,13822,3456
optimized,stage2,solana-labs/token-list,1729,Announcement,13750,3438
optimized,stage2,solana-labs/token-list,1729,Bulletin Board,13718,3430
optimized,stage2,solana-labs/token-list,1729,Randomness,13784,3446
optimized,stage2,solana-labs/token-list,1729,Poll,13741,3436
optimized,stage2,solana-labs/token-list,1729,Selective Content Generation,13742,3436
optimized,stage2,solana-labs/token-list,1729,Time-Constrained Access,13749,3438
optimized,stage2,solana-labs/token-list,1729,One-Off Access,13722,3431
optimized,stage2,solana-labs/token-list,1729,Digital Record,14023,3506
optimized,stage2,solana-labs/token-list,1729,State machine,13805,3452
optimized,stage2,solana-labs/token-list,1729,Proxy contract,13777,3445
optimized,stage2,solana-labs/token-list,1729,Contract Registry (on-chain),13656,3414
optimized,stage2,solana-labs/token-list,1729,Factory contract,13518,3380
optimized,stage2,solana-labs/token-list,1729,Data contract,13597,3400
optimized,stage2,solana-labs/token-list,1729,Router contract,13817,3455
optimized,stage2,solana-labs/token-list,1729,Relay contract,13622,3406
optimized,stage2,solana-labs/token-list,1729,Emergency stop,13505,3377
optimized,stage2,solana-labs/token-list,1729,Mortal,13690,3423
optimized,stage2,solana-labs/token-list,1729,Check-Effects-Interactions,13174,3294
optimized,stage2,solana-labs/token-list,1729,Mutex,13199,3300
optimized,stage2,solana-labs/token-list,1729,Guard check,13148,3287
optimized,stage2,solana-labs/token-list,1729,Rate limit,13099,3275
optimized,stage2,solana-labs/token-list,1729,Balance limit,13142,3286
optimized,stage2,solana-labs/token-list,1729,Low contract footprint,13336,3334
optimized,stage2,solana-labs/token-list,1729,Loop unrolling,13319,3330
optimized,stage2,solana-labs/token-list,1729,Contract size limit,13291,3323
optimized,stage2,solana-labs/token-list,1729,Off-chain computation,13442,3361
optimized,stage2,solana-labs/token-list,1729,State anchoring,13582,3396
optimized,stage2,solana-labs/token-list,1729,Data refresh,14003,3501
optimized,stage2,solana-labs/token-list,1729,Ownable,13123,3281
optimized,stage2,solana-labs/token-list,1729,Role-based control,13094,3274
optimized,stage2,solana-labs/token-list,1729,Permissioned actions,13098,3275
optimized,stage2,solana-labs/token-list,1729,Implicit authorization,13112,3278
optimized,stage2,solana-labs/token-list,1729,Limited-access,13120,3280
optimized,stage2,solana-labs/token-list,1729,Immutable data,13130,3283
optimized,stage2,solana-labs/token-list,1729,Mutable data,13038,3260
optimized,stage2,solana-labs/token-list,1729,Append-only data,13061,3266
optimized,stage2,solana-labs/token-list,1729,Data compression,13438,3360
optimized,stage2,solana-labs/token-list,1729,Data separation,13066,3267
optimized,stage2,solana-labs/token-list,1729,Homomorphic encryption,12887,3222
optimized,stage2,solana-labs/token-list,1729,Zero-knowledge proof,12883,3221
optimized,stage2,solana-labs/token-list,1729,Commit and Reveal,12896,3224
optimized,stage2,solana-labs/token-list,1729,Snapshotting,13091,3273
optimized,stage2,solana-labs/token-list,1729,State initialization,12946,3237
optimized,stage2,solana-labs/token-list,1729,Establish genesis,12949,3238
optimized,stage2,solana-labs/token-list,1729,Smart contract translation,13017,3255
optimized,stage2,solana-labs/token-list,1729,Tokenization,12677,3170
optimized,stage2,solana-labs/token-list,1729,Self-generated transactions,12643,3161
optimized,stage2,solana-labs/token-list,1729,Self-Confirmed Transactions,12646,3162
optimized,stage2,solana-labs/token-list,1729,Delegated Transactions,12646,3162
optimized,stage2,solana-labs/token-list,1729,Packing variables,12958,3240
optimized,stage2,solana-labs/token-list,1729,Packing booleans,12974,3244
optimized,stage2,solana-labs/token-list,1729,Unit vs Unit256,12913,3229
optimized,stage2,solana-labs/token-list,1729,Mapping vs Array,12586,3147
optimized,stage2,solana-labs/token-list,1729,Freeing storage,12577,3145
optimized,stage2,WalletConnect/walletconnect-docs,156,Ticker tape,12969,3243
optimized,stage2,WalletConnect/walletconnect-docs,156,Oracle,13099,3275
optimized,stage2,WalletConnect/walletconnect-docs,156,Reverse Oracle,12915,3229
optimized,stage2,WalletConnect/walletconnect-docs,156,Pull-based inbound oracle,12922,3231
optimized,stage2,WalletConnect/walletconnect-docs,156,Push-based inbound oracle,12947,3237
optimized,stage2,WalletConnect/walletconnect-docs,156,State Channel,13169,3293
optimized,stage2,WalletConnect/walletconnect-docs,156,Off-chain Contract Registry,13701,3426
optimized,stage2,WalletConnect/walletconnect-docs,156,Legal and smart contract pair,13166,3292
optimized,stage2,WalletConnect/walletconnect-docs,156,Off-chain data storage,13458,3365
optimized,stage2,WalletConnect/walletconnect-docs,156,Confidential and pseudo-anonymous contract enforcement,13158,3290
optimized,stage2,WalletConnect/walletconnect-docs,156,Off-chain Signatures,13271,3318
optimized,stage2,WalletConnect/walletconnect-docs,156,Delegated Computation,13306,3327
optimized,stage2,WalletConnect/walletconnect-docs,156,Master & Sub Key,12511,3128
optimized,stage2,WalletConnect/walletconnect-docs,156,Hot & Cold Wallet Storage,12547,3137
optimized,stage2,WalletConnect/walletconnect-docs,156,Key Sharding,12564,3141
optimized,stage2,WalletConnect/walletconnect-docs,156,X-confirmation,12255,3064
optimized,stage2,WalletConnect/walletconnect-docs,156,Blockchain BP Engine,12453,3114
optimized,stage2,WalletConnect/walletconnect-docs,156,Smart Contract Activities,12451,3113
optimized,stage2,WalletConnect/walletconnect-docs,156,Decentralize business process,12487,3122
optimized,stage2,WalletConnect/walletconnect-docs,156,Identifier Registry,12735,3184
optimized,stage2,WalletConnect/walletconnect-docs,156,Multiple Registration,12722,3181
optimized,stage2,WalletConnect/walletconnect-docs,156,Bound with Social Media,12744,3186
optimized,stage2,WalletConnect/walletconnect-docs,156,Dual Resolution,12714,3179
optimized,stage2,WalletConnect/walletconnect-docs,156,Delegate List,12726,3182
optimized,stage2,WalletConnect/walletconnect-docs,156,Blockchain Security Pattern for Big Data Ecosystems,12254,3064
optimized,stage2,WalletConnect/walletconnect-docs,156,Blockchain-based reputation system,13332,3333
optimized,stage2,WalletConnect/walletconnect-docs,156,Vote,13439,3360
optimized,stage2,WalletConnect/walletconnect-docs,156,Blocklist,13419,3355
optimized,stage2,WalletConnect/walletconnect-docs,156,Announcement,13347,3337
optimized,stage2,WalletConnect/walletconnect-docs,156,Bulletin Board,13315,3329
optimized,stage2,WalletConnect/walletconnect-docs,156,Randomness,13381,3346
optimized,stage2,WalletConnect/walletconnect-docs,156,Poll,13338,3335
optimized,stage2,WalletConnect/walletconnect-docs,156,Selective Content Generation,13339,3335
optimized,stage2,WalletConnect/walletconnect-docs,156,Time-Constrained Access,13346,3337
optimized,stage2,WalletConnect/walletconnect-docs,156,One-Off Access,13319,3330
optimized,stage2,WalletConnect/walletconnect-docs,156,Digital Record,13620,3405
optimized,stage2,WalletConnect/walletconnect-docs,156,State machine,13402,3351
optimized,stage2,WalletConnect/walletconnect-docs,156,Proxy contract,13374,3344
optimized,stage2,WalletConnect/walletconnect-docs,156,Contract Registry (on-chain),13253,3314
optimized,stage2,WalletConnect/walletconnect-docs,156,Factory contract,13115,3279
optimized,stage2,WalletConnect/walletconnect-docs,156,Data contract,13194,3299
optimized,stage2,WalletConnect/walletconnect-docs,156,Router contract,13414,3354
optimized,stage2,WalletConnect/walletconnect-docs,156,Relay contract,13219,3305
optimized,stage2,WalletConnect/walletconnect-docs,156,Emergency stop,13102,3276
optimized,stage2,WalletConnect/walletconnect-docs,156,Mortal,13287,3322
optimized,stage2,WalletConnect/walletconnect-docs,156,Check-Effects-Interactions,12771,3193
optimized,stage2,WalletConnect/walletconnect-docs,156,Mutex,12796,3199
optimized,stage2,WalletConnect/walletconnect-docs,156,Guard check,12745,3187
optimized,stage2,WalletConnect/walletconnect-docs,156,Rate limit,12696,3174
optimized,stage2,WalletConnect/walletconnect-docs,156,Balance limit,12739,3185
optimized,stage2,WalletConnect/walletconnect-docs,156,Low contract footprint,12933,3234
optimized,stage2,WalletConnect/walletconnect-docs,156,Loop unrolling,12916,3229
optimized,stage2,WalletConnect/walletconnect-docs,156,Contract size limit,12888,3222
optimized,stage2,WalletConnect/walletconnect-docs,156,Off-chain computation,13039,3260
optimized,stage2,WalletConnect/walletconnect-docs,156,State anchoring,13179,3295
optimized,stage2,WalletConnect/walletconnect-docs,156,Data refresh,13600,3400
optimized,stage2,WalletConnect/walletconnect-docs,156,Ownable,12720,3180
optimized,stage2,WalletConnect/walletconnect-docs,156,Role-based control,12691,3173
optimized,stage2,WalletConnect/walletconnect-docs,156,Permissioned actions,12695,3174
optimized,stage2,WalletConnect/walletconnect-docs,156,Implicit authorization,12709,3178
optimized,stage2,WalletConnect/walletconnect-docs,156,Limited-access,12717,3180
optimized,stage2,WalletConnect/walletconnect-docs,156,Immutable data,12727,3182
optimized,stage2,WalletConnect/walletconnect-docs,156,Mutable data,12635,3159
optimized,stage2,WalletConnect/walletconnect-docs,156,Append-only data,12658,3165
optimized,stage2,WalletConnect/walletconnect-docs,156,Data compression,13035,3259
optimized,stage2,WalletConnect/walletconnect-docs,156,Data separation,12663,3166
optimized,stage2,WalletConnect/walletconnect-docs,156,Homomorphic encryption,12484,3121
optimized,stage2,WalletConnect/walletconnect-docs,156,Zero-knowledge proof,12480,3120
optimized,stage2,WalletConnect/walletconnect-docs,156,Commit and Reveal,12493,3124
optimized,stage2,WalletConnect/walletconnect-docs,156,Snapshotting,12688,3172
optimized,stage2,WalletConnect/walletconnect-docs,156,State initialization,12543,3136
optimized,stage2,WalletConnect/walletconnect-docs,156,Establish genesis,12546,3137
optimized,stage2,WalletConnect/walletconnect-docs,156,Smart contract translation,12614,3154
optimized,stage2,WalletConnect/walletconnect-docs,156,Tokenization,12274,3069
optimized,stage2,WalletConnect/walletconnect-docs,156,Self-generated transactions,12240,3060
optimized,stage2,WalletConnect/walletconnect-docs,156,Self-Confirmed Transactions,12243,3061
optimized,stage2,WalletConnect/walletconnect-docs,156,Delegated Transactions,12243,3061
optimized,stage2,WalletConnect/walletconnect-docs,156,Packing variables,12555,3139
optimized,stage2,WalletConnect/walletconnect-docs,156,Packing booleans,12571,3143
optimized,stage2,WalletConnect/walletconnect-docs,156,Unit vs Unit256,12510,3128
optimized,stage2,WalletConnect/walletconnect-docs,156,Mapping vs Array,12183,3046
optimized,stage2,WalletConnect/walletconnect-docs,156,Freeing storage,12174,3044
optimized,stage2,MetaMask/metamask-extension,24790,Ticker tape,15461,3866
optimized,stage2,MetaMask/metamask-extension,24790,Oracle,15591,3898
optimized,stage2,MetaMask/metamask-extension,24790,Reverse Oracle,15407,3852
optimized,stage2,MetaMask/metamask-extension,24790,Pull-based inbound oracle,15414,3854
optimized,stage2,MetaMask/metamask-extension,24790,Push-based inbound oracle,15439,3860
optimized,stage2,MetaMask/metamask-extension,24790,State Channel,15661,3916
optimized,stage2,MetaMask/metamask-extension,24790,Off-chain Contract Registry,16193,4049
optimized,stage2,MetaMask/metamask-extension,24790,Legal and smart contract pair,15658,3915
optimized,stage2,MetaMask/metamask-extension,24790,Off-chain data storage,15950,3988
optimized,stage2,MetaMask/metamask-extension,24790,Confidential and pseudo-anonymous contract enforcement,15650,3913
optimized,stage2,MetaMask/metamask-extension,24790,Off-chain Signatures,15763,3941
optimized,stage2,MetaMask/metamask-extension,24790,Delegated Computation,15798,3950
optimized,stage2,MetaMask/metamask-extension,24790,Master & Sub Key,15003,3751
optimized,stage2,MetaMask/metamask-extension,24790,Hot & Cold Wallet Storage,15039,3760
optimized,stage2,MetaMask/metamask-extension,24790,Key Sharding,15056,3764
optimized,stage2,MetaMask/metamask-extension,24790,X-confirmation,14747,3687
optimized,stage2,MetaMask/metamask-extension,24790,Blockchain BP Engine,14945,3737
optimized,stage2,MetaMask/metamask-extension,24790,Smart Contract Activities,14943,3736
optimized,stage2,MetaMask/metamask-extension,24790,Decentralize business process,14979,3745
optimized,stage2,MetaMask/metamask-extension,24790,Identifier Registry,15227,3807
optimized,stage2,MetaMask/metamask-extension,24790,Multiple Registration,15214,3804
optimized,stage2,MetaMask/metamask-extension,24790,Bound with Social Media,15236,3809
optimized,stage2,MetaMask/metamask-extension,24790,Dual Resolution,15206,3802
optimized,stage2,MetaMask/metamask-extension,24790,Delegate List,15218,3805
optimized,stage2,MetaMask/metamask-extension,24790,Blockchain Security Pattern for Big Data Ecosystems,14746,3687
optimized,stage2,MetaMask/metamask-extension,24790,Blockchain-based reputation system,15824,3956
optimized,stage2,MetaMask/metamask-extension,24790,Vote,15931,3983
optimized,stage2,MetaMask/metamask-extension,24790,Blocklist,15911,3978
optimized,stage2,MetaMask/metamask-extension,24790,Announcement,15839,3960
optimized,stage2,MetaMask/metamask-extension,24790,Bulletin Board,15807,3952
optimized,stage2,MetaMask/metamask-extension,24790,Randomness,15873,3969
optimized,stage2,MetaMask/metamask-extension,24790,Poll,15830,3958
optimized,stage2,MetaMask/metamask-extension,24790,Selective Content Generation,15831,3958
optimized,stage2,MetaMask/metamask-extension,24790,Time-Constrained Access,15838,3960
optimized,stage2,MetaMask/metamask-extension,24790,One-Off Access,15811,3953
optimized,stage2,MetaMask/metamask-extension,24790,Digital Record,16112,4028
optimized,stage2,MetaMask/metamask-extension,24790,State machine,15894,3974
optimized,stage2,MetaMask/metamask-extension,24790,Proxy contract,15866,3967
optimized,stage2,MetaMask/metamask-extension,24790,Contract Registry (on-chain),15745,3937
optimized,stage2,MetaMask/metamask-extension,24790,Factory contract,15607,3902
optimized,stage2,MetaMask/metamask-extension,24790,Data contract,15686,3922
optimized,stage2,MetaMask/metamask-extension,24790,Router contract,15906,3977
optimized,stage2,MetaMask/metamask-extension,24790,Relay contract,15711,3928
optimized,stage2,MetaMask/metamask-extension,24790,Emergency stop,15594,3899
optimized,stage2,MetaMask/metamask-extension,24790,Mortal,15779,3945
optimized,stage2,MetaMask/metamask-extension,24790,Check-Effects-Interactions,15263,3816
optimized,stage2,MetaMask/metamask-extension,24790,Mutex,15288,3822
optimized,stage2,MetaMask/metamask-extension,24790,Guard check,15237,3810
optimized,stage2,MetaMask/metamask-extension,24790,Rate limit,15188,3797
optimized,stage2,MetaMask/metamask-extension,24790,Balance limit,15231,3808
optimized,stage2,MetaMask/metamask-extension,24790,Low contract footprint,15425,3857
optimized,stage2,MetaMask/metamask-extension,24790,Loop unrolling,15408,3852
optimized,stage2,MetaMask/metamask-extension,24790,Contract size limit,15380,3845
optimized,stage2,MetaMask/metamask-extension,24790,Off-chain computation,15531,3883
optimized,stage2,MetaMask/metamask-extension,24790,State anchoring,15671,3918
optimized,stage2,MetaMask/metamask-extension,24790,Data refresh,16092,4023
optimized,stage2,MetaMask/metamask-extension,24790,Ownable,15212,3803
optimized,stage2,MetaMask/metamask-extension,24790,Role-based control,15183,3796
optimized,stage2,MetaMask/metamask-extension,24790,Permissioned actions,15187,3797
optimized,stage2,MetaMask/metamask-extension,24790,Implicit authorization,15201,3801
optimized,stage2,MetaMask/metamask-extension,24790,Limited-access,15209,3803
optimized,stage2,MetaMask/metamask-extension,24790,Immutable data,15219,3805
optimized,stage2,MetaMask/metamask-extension,24790,Mutable data,15127,3782
optimized,stage2,MetaMask/metamask-extension,24790,Append-only data,15150,3788
optimized,stage2,MetaMask/metamask-extension,24790,Data compression,15527,3882
optimized,stage2,MetaMask/metamask-extension,24790,Data separation,15155,3789
optimized,stage2,MetaMask/metamask-extension,24790,Homomorphic encryption,14976,3744
optimized,stage2,MetaMask/metamask-extension,24790,Zero-knowledge proof,14972,3743
optimized,stage2,MetaMask/metamask-extension,24790,Commit and Reveal,14985,3747
optimized,stage2,MetaMask/metamask-extension,24790,Snapshotting,15180,3795
optimized,stage2,MetaMask/metamask-extension,24790,State initialization,15035,3759
optimized,stage2,MetaMask/metamask-extension,24790,Establish genesis,15038,3760
optimized,stage2,MetaMask/metamask-extension,24790,Smart contract translation,15106,3777
optimized,stage2,MetaMask/metamask-extension,24790,Tokenization,14766,3692
optimized,stage2,MetaMask/metamask-extension,24790,Self-generated transactions,14732,3683
optimized,stage2,MetaMask/metamask-extension,24790,Self-Confirmed Transactions,14735,3684
optimized,stage2,MetaMask/metamask-extension,24790,Delegated Transactions,14735,3684
optimized,stage2,MetaMask/metamask-extension,24790,Packing variables,15047,3762
optimized,stage2,MetaMask/metamask-extension,24790,Packing booleans,15063,3766
optimized,stage2,MetaMask/metamask-extension,24790,Unit vs Unit256,15002,3751
optimized,stage2,MetaMask/metamask-extension,24790,Mapping vs Array,14675,3669
optimized,stage2,MetaMask/metamask-extension,24790,Freeing storage,14666,3667
optimized,stage2,openethereum/parity-ethereum,5387,Ticker tape,12947,3237
optimized,stage2,openethereum/parity-ethereum,5387,Oracle,13077,3270
optimized,stage2,openethereum/parity-ethereum,5387,Reverse Oracle,12893,3224
optimized,stage2,openethereum/parity-ethereum,5387,Pull-based inbound oracle,12900,3225
optimized,stage2,openethereum/parity-ethereum,5387,Push-based inbound oracle,12925,3232
optimized,stage2,openethereum/parity-ethereum,5387,State Channel,13147,3287
optimized,stage2,openethereum/parity-ethereum,5387,Off-chain Contract Registry,13679,3420
optimized,stage2,openethereum/parity-ethereum,5387,Legal and smart contract pair,13144,3286
optimized,stage2,openethereum/parity-ethereum,5387,Off-chain data storage,13436,3359
optimized,stage2,openethereum/parity-ethereum,5387,Confidential and pseudo-anonymous contract enforcement,13136,3284
optimized,stage2,openethereum/parity-ethereum,5387,Off-chain Signatures,13249,3313
optimized,stage2,openethereum/parity-ethereum,5387,Delegated Computation,13284,3321
optimized,stage2,openethereum/parity-ethereum,5387,Master & Sub Key,12489,3123
optimized,stage2,openethereum/parity-ethereum,5387,Hot & Cold Wallet Storage,12525,3132
optimized,stage2,openethereum/parity-ethereum,5387,Key Sharding,12542,3136
optimized,stage2,openethereum/parity-ethereum,5387,X-confirmation,12233,3059
optimized,stage2,openethereum/parity-ethereum,5387,Blockchain BP Engine,12431,3108
optimized,stage2,openethereum/parity-ethereum,5387,Smart Contract Activities,12429,3108
optimized,stage2,openethereum/parity-ethereum,5387,Decentralize business process,12465,3117
optimized,stage2,openethereum/parity-ethereum,5387,Identifier Registry,12713,3179
optimized,stage2,openethereum/parity-ethereum,5387,Multiple Registration,12700,3175
optimized,stage2,openethereum/parity-ethereum,5387,Bound with Social Media,12722,3181
optimized,stage2,openethereum/parity-ethereum,5387,Dual Resolution,12692,3173
optimized,stage2,openethereum/parity-ethereum,5387,Delegate List,12704,3176
optimized,stage2,openethereum/parity-ethereum,5387,Blockchain Security Pattern for Big Data Ecosystems,12232,3058
optimized,stage2,openethereum/parity-ethereum,5387,Blockchain-based reputation system,13310,3328
optimized,stage2,openethereum/parity-ethereum,5387,Vote,13417,3355
optimized,stage2,openethereum/parity-ethereum,5387,Blocklist,13397,3350
optimized,stage2,openethereum/parity-ethereum,5387,Announcement,13325,3332
optimized,stage2,openethereum/parity-ethereum,5387,Bulletin Board,13293,3324
optimized,stage2,openethereum/parity-ethereum,5387,Randomness,13359,3340
optimized,stage2,openethereum/parity-ethereum,5387,Poll,13316,3329
optimized,stage2,openethereum/parity-ethereum,5387,Selective Content Generation,13317,3330
optimized,stage2,openethereum/parity-ethereum,5387,Time-Constrained Access,13324,3331
optimized,stage2,openethereum/parity-ethereum,5387,One-Off Access,13297,3325
optimized,stage2,openethereum/parity-ethereum,5387,Digital Record,13598,3400
optimized,stage2,openethereum/parity-ethereum,5387,State machine,13380,3345
optimized,stage2,openethereum/parity-ethereum,5387,Proxy contract,13352,3338
optimized,stage2,openethereum/parity-ethereum,5387,Contract Registry (on-chain),13231,3308
optimized,stage2,openethereum/parity-ethereum,5387,Factory contract,13093,3274
optimized,stage2,openethereum/parity-ethereum,5387,Data contract,13172,3293
optimized,stage2,openethereum/parity-ethereum,5387,Router contract,13392,3348
optimized,stage2,openethereum/parity-ethereum,5387,Relay contract,13197,3300
optimized,stage2,openethereum/parity-ethereum,5387,Emergency stop,13080,3270
optimized,stage2,openethereum/parity-ethereum,5387,Mortal,13265,3317
optimized,stage2,openethereum/parity-ethereum,5387,Check-Effects-Interactions,12749,3188
optimized,stage2,openethereum/parity-ethereum,5387,Mutex,12774,3194
optimized,stage2,openethereum/parity-ethereum,5387,Guard check,12723,3181
optimized,stage2,openethereum/parity-ethereum,5387,Rate limit,12674,3169
optimized,stage2,openethereum/parity-ethereum,5387,Balance limit,12717,3180
optimized,stage2,openethereum/parity-ethereum,5387,Low contract footprint,12911,3228
optimized,stage2,openethereum/parity-ethereum,5387,Loop unrolling,12894,3224
optimized,stage2,openethereum/parity-ethereum,5387,Contract size limit,12866,3217
optimized,stage2,openethereum/parity-ethereum,5387,Off-chain computation,13017,3255
optimized,stage2,openethereum/parity-ethereum,5387,State anchoring,13157,3290
optimized,stage2,openethereum/parity-ethereum,5387,Data refresh,13578,3395
optimized,stage2,openethereum/parity-ethereum,5387,Ownable,12698,3175
optimized,stage2,openethereum/parity-ethereum,5387,Role-based control,12669,3168
optimized,stage2,openethereum/parity-ethereum,5387,Permissioned actions,12673,3169
optimized,stage2,openethereum/parity-ethereum,5387,Implicit authorization,12687,3172
optimized,stage2,openethereum/parity-ethereum,5387,Limited-access,12695,3174
optimized,stage2,openethereum/parity-ethereum,5387,Immutable data,12705,3177
optimized,stage2,openethereum/parity-ethereum,5387,Mutable data,12613,3154
optimized,stage2,openethereum/parity-ethereum,5387,Append-only data,12636,3159
optimized,stage2,openethereum/parity-ethereum,5387,Data compression,13013,3254
optimized,stage2,openethereum/parity-ethereum,5387,Data separation,12641,3161
optimized,stage2,openethereum/parity-ethereum,5387,Homomorphic encryption,12462,3116
optimized,stage2,openethereum/parity-ethereum,5387,Zero-knowledge proof,12458,3115
optimized,stage2,openethereum/parity-ethereum,5387,Commit and Reveal,12471,3118
optimized,stage2,openethereum/parity-ethereum,5387,Snapshotting,12666,3167
optimized,stage2,openethereum/parity-ethereum,5387,State initialization,12521,3131
optimized,stage2,openethereum/parity-ethereum,5387,Establish genesis,12524,3131
optimized,stage2,openethereum/parity-ethereum,5387,Smart contract translation,12592,3148
optimized,stage2,openethereum/parity-ethereum,5387,Tokenization,12252,3063
optimized,stage2,openethereum/parity-ethereum,5387,Self-generated transactions,12218,3055
optimized,stage2,openethereum/parity-ethereum,5387,Self-Confirmed Transactions,12221,3056
optimized,stage2,openethereum/parity-ethereum,5387,Delegated Transactions,12221,3056
optimized,stage2,openethereum/parity-ethereum,5387,Packing variables,12533,3134
optimized,stage2,openethereum/parity-ethereum,5387,Packing booleans,12549,3138
optimized,stage2,openethereum/parity-ethereum,5387,Unit vs Unit256,12488,3122
optimized,stage2,openethereum/parity-ethereum,5387,Mapping vs Array,12161,3041
optimized,stage2,openethereum/parity-ethereum,5387,Freeing storage,12152,3038
